datetime,dvol
2021-05-01 00:00:00,74.41
2021-05-01 04:00:00,74.04
2021-05-01 08:00:00,74.26
2021-05-01 12:00:00,73.9
2021-05-01 16:00:00,75.45
2021-05-01 20:00:00,76.15
2021-05-02 00:00:00,76.54
2021-05-02 04:00:00,75.74
2021-05-02 08:00:00,78.19
2021-05-02 12:00:00,78.0
2021-05-02 16:00:00,78.51
2021-05-02 20:00:00,79.09
2021-05-03 00:00:00,75.68
2021-05-03 04:00:00,77.42
2021-05-03 08:00:00,76.43
2021-05-03 12:00:00,78.76
2021-05-03 16:00:00,81.19
2021-05-03 20:00:00,81.79
2021-05-04 00:00:00,83.84
2021-05-04 04:00:00,82.88
2021-05-04 08:00:00,84.14
2021-05-04 12:00:00,87.37
2021-05-04 16:00:00,87.97
2021-05-04 20:00:00,87.96
2021-05-05 00:00:00,87.02
2021-05-05 04:00:00,85.18
2021-05-05 08:00:00,85.0
2021-05-05 12:00:00,84.67
2021-05-05 16:00:00,83.68
2021-05-05 20:00:00,84.39
2021-05-06 00:00:00,84.95
2021-05-06 04:00:00,83.22
2021-05-06 08:00:00,82.46
2021-05-06 12:00:00,82.47
2021-05-06 16:00:00,81.11
2021-05-06 20:00:00,82.14
2021-05-07 00:00:00,82.12
2021-05-07 04:00:00,79.43
2021-05-07 08:00:00,79.24
2021-05-07 12:00:00,78.77
2021-05-07 16:00:00,81.14
2021-05-07 20:00:00,80.56
2021-05-08 00:00:00,79.27
2021-05-08 04:00:00,79.98
2021-05-08 08:00:00,82.17
2021-05-08 12:00:00,81.99
2021-05-08 16:00:00,85.34
2021-05-08 20:00:00,83.57
2021-05-09 00:00:00,84.4
2021-05-09 04:00:00,84.37
2021-05-09 08:00:00,85.0
2021-05-09 12:00:00,84.57
2021-05-09 16:00:00,85.02
2021-05-09 20:00:00,86.05
2021-05-10 00:00:00,87.16
2021-05-10 04:00:00,89.44
2021-05-10 08:00:00,89.73
2021-05-10 12:00:00,90.37
2021-05-10 16:00:00,89.51
2021-05-10 20:00:00,90.26
2021-05-11 00:00:00,90.01
2021-05-11 04:00:00,88.81
2021-05-11 08:00:00,87.27
2021-05-11 12:00:00,85.39
2021-05-11 16:00:00,85.99
2021-05-11 20:00:00,86.27
2021-05-12 00:00:00,83.99
2021-05-12 04:00:00,84.01
2021-05-12 08:00:00,83.35
2021-05-12 12:00:00,85.36
2021-05-12 16:00:00,86.84
2021-05-12 20:00:00,93.86
2021-05-13 00:00:00,96.38
2021-05-13 04:00:00,93.22
2021-05-13 08:00:00,92.35
2021-05-13 12:00:00,89.74
2021-05-13 16:00:00,94.35
2021-05-13 20:00:00,92.9
2021-05-14 00:00:00,90.92
2021-05-14 04:00:00,90.12
2021-05-14 08:00:00,90.58
2021-05-14 12:00:00,90.56
2021-05-14 16:00:00,97.09
2021-05-14 20:00:00,98.46
2021-05-15 00:00:00,98.36
2021-05-15 04:00:00,98.88
2021-05-15 08:00:00,100.08
2021-05-15 12:00:00,98.98
2021-05-15 16:00:00,103.73
2021-05-15 20:00:00,102.85
2021-05-16 00:00:00,102.35
2021-05-16 04:00:00,99.23
2021-05-16 08:00:00,98.6
2021-05-16 12:00:00,101.07
2021-05-16 16:00:00,107.35
2021-05-16 20:00:00,105.28
2021-05-17 00:00:00,129.16
2021-05-17 04:00:00,132.5
2021-05-17 08:00:00,132.09
2021-05-17 12:00:00,122.9
2021-05-17 16:00:00,125.32
2021-05-17 20:00:00,123.02
2021-05-18 00:00:00,120.48
2021-05-18 04:00:00,116.17
2021-05-18 08:00:00,113.63
2021-05-18 12:00:00,115.81
2021-05-18 16:00:00,116.17
2021-05-18 20:00:00,117.01
2021-05-19 00:00:00,135.57
2021-05-19 04:00:00,124.62
2021-05-19 08:00:00,128.79
2021-05-19 12:00:00,123.87
2021-05-19 16:00:00,122.94
2021-05-19 20:00:00,124.83
2021-05-20 00:00:00,129.71
2021-05-20 04:00:00,122.39
2021-05-20 08:00:00,121.34
2021-05-20 12:00:00,113.21
2021-05-20 16:00:00,119.4
2021-05-20 20:00:00,119.77
2021-05-21 00:00:00,118.48
2021-05-21 04:00:00,118.09
2021-05-21 08:00:00,114.15
2021-05-21 12:00:00,130.53
2021-05-21 16:00:00,135.08
2021-05-21 20:00:00,139.98
2021-05-22 00:00:00,138.32
2021-05-22 04:00:00,143.68
2021-05-22 08:00:00,138.21
2021-05-22 12:00:00,139.44
2021-05-22 16:00:00,141.05
2021-05-22 20:00:00,140.05
2021-05-23 00:00:00,139.18
2021-05-23 04:00:00,139.46
2021-05-23 08:00:00,146.15
2021-05-23 12:00:00,160.94
2021-05-23 16:00:00,159.05
2021-05-23 20:00:00,156.2
2021-05-24 00:00:00,148.35
2021-05-24 04:00:00,142.37
2021-05-24 08:00:00,138.3
2021-05-24 12:00:00,134.45
2021-05-24 16:00:00,128.53
2021-05-24 20:00:00,125.12
2021-05-25 00:00:00,126.58
2021-05-25 04:00:00,126.51
2021-05-25 08:00:00,129.73
2021-05-25 12:00:00,130.58
2021-05-25 16:00:00,131.65
2021-05-25 20:00:00,129.11
2021-05-26 00:00:00,122.91
2021-05-26 04:00:00,122.09
2021-05-26 08:00:00,122.05
2021-05-26 12:00:00,121.77
2021-05-26 16:00:00,119.35
2021-05-26 20:00:00,117.02
2021-05-27 00:00:00,118.89
2021-05-27 04:00:00,116.67
2021-05-27 08:00:00,113.63
2021-05-27 12:00:00,109.28
2021-05-27 16:00:00,108.34
2021-05-27 20:00:00,107.26
2021-05-28 00:00:00,108.36
2021-05-28 04:00:00,115.53
2021-05-28 08:00:00,121.46
2021-05-28 12:00:00,115.22
2021-05-28 16:00:00,116.75
2021-05-28 20:00:00,122.55
2021-05-29 00:00:00,122.76
2021-05-29 04:00:00,121.83
2021-05-29 08:00:00,120.78
2021-05-29 12:00:00,126.75
2021-05-29 16:00:00,129.45
2021-05-29 20:00:00,129.3
2021-05-30 00:00:00,128.45
2021-05-30 04:00:00,125.31
2021-05-30 08:00:00,125.02
2021-05-30 12:00:00,126.94
2021-05-30 16:00:00,126.24
2021-05-30 20:00:00,123.61
2021-05-31 00:00:00,118.15
2021-05-31 04:00:00,113.98
2021-05-31 08:00:00,113.36
2021-05-31 12:00:00,107.03
2021-05-31 16:00:00,107.67
2021-05-31 20:00:00,106.47
2021-06-01 00:00:00,105.82
2021-06-01 04:00:00,105.86
2021-06-01 08:00:00,107.0
2021-06-01 12:00:00,108.08
2021-06-01 16:00:00,107.6
2021-06-01 20:00:00,108.23
2021-06-02 00:00:00,108.21
2021-06-02 04:00:00,107.48
2021-06-02 08:00:00,106.4
2021-06-02 12:00:00,104.08
2021-06-02 16:00:00,102.92
2021-06-02 20:00:00,103.17
2021-06-03 00:00:00,102.25
2021-06-03 04:00:00,98.86
2021-06-03 08:00:00,98.66
2021-06-03 12:00:00,99.22
2021-06-03 16:00:00,99.42
2021-06-03 20:00:00,99.19
2021-06-04 00:00:00,100.37
2021-06-04 04:00:00,105.24
2021-06-04 08:00:00,105.56
2021-06-04 12:00:00,102.81
2021-06-04 16:00:00,102.45
2021-06-04 20:00:00,102.91
2021-06-05 00:00:00,103.44
2021-06-05 04:00:00,103.36
2021-06-05 08:00:00,106.17
2021-06-05 12:00:00,107.4
2021-06-05 16:00:00,107.17
2021-06-05 20:00:00,108.52
2021-06-06 00:00:00,107.65
2021-06-06 04:00:00,106.72
2021-06-06 08:00:00,105.67
2021-06-06 12:00:00,105.51
2021-06-06 16:00:00,105.4
2021-06-06 20:00:00,105.93
2021-06-07 00:00:00,105.09
2021-06-07 04:00:00,103.98
2021-06-07 08:00:00,102.84
2021-06-07 12:00:00,101.21
2021-06-07 16:00:00,99.98
2021-06-07 20:00:00,108.32
2021-06-08 00:00:00,112.04
2021-06-08 04:00:00,111.71
2021-06-08 08:00:00,109.48
2021-06-08 12:00:00,116.49
2021-06-08 16:00:00,114.25
2021-06-08 20:00:00,111.04
2021-06-09 00:00:00,109.55
2021-06-09 04:00:00,106.33
2021-06-09 08:00:00,107.22
2021-06-09 12:00:00,106.36
2021-06-09 16:00:00,105.53
2021-06-09 20:00:00,105.82
2021-06-10 00:00:00,102.92
2021-06-10 04:00:00,100.2
2021-06-10 08:00:00,100.64
2021-06-10 12:00:00,100.71
2021-06-10 16:00:00,99.32
2021-06-10 20:00:00,99.46
2021-06-11 00:00:00,98.32
2021-06-11 04:00:00,97.63
2021-06-11 08:00:00,97.38
2021-06-11 12:00:00,96.85
2021-06-11 16:00:00,96.35
2021-06-11 20:00:00,97.22
2021-06-12 00:00:00,98.68
2021-06-12 04:00:00,98.84
2021-06-12 08:00:00,98.84
2021-06-12 12:00:00,98.98
2021-06-12 16:00:00,99.0
2021-06-12 20:00:00,99.39
2021-06-13 00:00:00,99.85
2021-06-13 04:00:00,99.38
2021-06-13 08:00:00,97.43
2021-06-13 12:00:00,97.99
2021-06-13 16:00:00,99.7
2021-06-13 20:00:00,102.86
2021-06-14 00:00:00,101.09
2021-06-14 04:00:00,100.03
2021-06-14 08:00:00,99.63
2021-06-14 12:00:00,101.07
2021-06-14 16:00:00,97.34
2021-06-14 20:00:00,98.88
2021-06-15 00:00:00,98.61
2021-06-15 04:00:00,98.76
2021-06-15 08:00:00,97.79
2021-06-15 12:00:00,96.18
2021-06-15 16:00:00,97.22
2021-06-15 20:00:00,96.77
2021-06-16 00:00:00,96.8
2021-06-16 04:00:00,96.08
2021-06-16 08:00:00,95.48
2021-06-16 12:00:00,96.17
2021-06-16 16:00:00,94.68
2021-06-16 20:00:00,95.25
2021-06-17 00:00:00,94.05
2021-06-17 04:00:00,92.85
2021-06-17 08:00:00,93.04
2021-06-17 12:00:00,92.86
2021-06-17 16:00:00,95.01
2021-06-17 20:00:00,95.28
2021-06-18 00:00:00,96.28
2021-06-18 04:00:00,95.36
2021-06-18 08:00:00,94.83
2021-06-18 12:00:00,96.3
2021-06-18 16:00:00,98.89
2021-06-18 20:00:00,94.73
2021-06-19 00:00:00,94.03
2021-06-19 04:00:00,91.35
2021-06-19 08:00:00,91.62
2021-06-19 12:00:00,92.71
2021-06-19 16:00:00,91.21
2021-06-19 20:00:00,91.89
2021-06-20 00:00:00,92.19
2021-06-20 04:00:00,91.34
2021-06-20 08:00:00,98.17
2021-06-20 12:00:00,96.64
2021-06-20 16:00:00,95.28
2021-06-20 20:00:00,95.63
2021-06-21 00:00:00,94.81
2021-06-21 04:00:00,104.38
2021-06-21 08:00:00,104.7
2021-06-21 12:00:00,103.99
2021-06-21 16:00:00,102.82
2021-06-21 20:00:00,106.23
2021-06-22 00:00:00,105.22
2021-06-22 04:00:00,105.45
2021-06-22 08:00:00,109.24
2021-06-22 12:00:00,111.02
2021-06-22 16:00:00,107.71
2021-06-22 20:00:00,107.01
2021-06-23 00:00:00,105.79
2021-06-23 04:00:00,105.29
2021-06-23 08:00:00,102.65
2021-06-23 12:00:00,99.29
2021-06-23 16:00:00,102.66
2021-06-23 20:00:00,102.21
2021-06-24 00:00:00,102.1
2021-06-24 04:00:00,101.55
2021-06-24 08:00:00,99.9
2021-06-24 12:00:00,100.63
2021-06-24 16:00:00,100.66
2021-06-24 20:00:00,100.99
2021-06-25 00:00:00,100.93
2021-06-25 04:00:00,98.27
2021-06-25 08:00:00,97.61
2021-06-25 12:00:00,102.49
2021-06-25 16:00:00,104.31
2021-06-25 20:00:00,105.3
2021-06-26 00:00:00,104.89
2021-06-26 04:00:00,108.2
2021-06-26 08:00:00,106.55
2021-06-26 12:00:00,107.09
2021-06-26 16:00:00,107.06
2021-06-26 20:00:00,106.7
2021-06-27 00:00:00,104.8
2021-06-27 04:00:00,104.56
2021-06-27 08:00:00,105.22
2021-06-27 12:00:00,103.86
2021-06-27 16:00:00,105.36
2021-06-27 20:00:00,106.41
2021-06-28 00:00:00,105.94
2021-06-28 04:00:00,107.06
2021-06-28 08:00:00,106.94
2021-06-28 12:00:00,105.36
2021-06-28 16:00:00,104.06
2021-06-28 20:00:00,104.3
2021-06-29 00:00:00,103.65
2021-06-29 04:00:00,103.03
2021-06-29 08:00:00,102.41
2021-06-29 12:00:00,98.74
2021-06-29 16:00:00,98.36
2021-06-29 20:00:00,98.86
2021-06-30 00:00:00,99.57
2021-06-30 04:00:00,99.98
2021-06-30 08:00:00,102.84
2021-06-30 12:00:00,106.32
2021-06-30 16:00:00,104.9
2021-06-30 20:00:00,104.51
2021-07-01 00:00:00,103.38
2021-07-01 04:00:00,102.99
2021-07-01 08:00:00,102.34
2021-07-01 12:00:00,104.2
2021-07-01 16:00:00,103.71
2021-07-01 20:00:00,102.38
2021-07-02 00:00:00,102.9
2021-07-02 04:00:00,102.88
2021-07-02 08:00:00,102.41
2021-07-02 12:00:00,100.58
2021-07-02 16:00:00,101.13
2021-07-02 20:00:00,99.23
2021-07-03 00:00:00,100.83
2021-07-03 04:00:00,97.94
2021-07-03 08:00:00,97.09
2021-07-03 12:00:00,96.84
2021-07-03 16:00:00,97.23
2021-07-03 20:00:00,98.02
2021-07-04 00:00:00,96.58
2021-07-04 04:00:00,96.57
2021-07-04 08:00:00,96.3
2021-07-04 12:00:00,96.48
2021-07-04 16:00:00,96.45
2021-07-04 20:00:00,95.89
2021-07-05 00:00:00,97.19
2021-07-05 04:00:00,97.4
2021-07-05 08:00:00,99.45
2021-07-05 12:00:00,95.28
2021-07-05 16:00:00,94.86
2021-07-05 20:00:00,96.39
2021-07-06 00:00:00,95.9
2021-07-06 04:00:00,95.05
2021-07-06 08:00:00,95.21
2021-07-06 12:00:00,95.31
2021-07-06 16:00:00,95.6
2021-07-06 20:00:00,95.74
2021-07-07 00:00:00,95.4
2021-07-07 04:00:00,95.73
2021-07-07 08:00:00,94.4
2021-07-07 12:00:00,94.06
2021-07-07 16:00:00,94.06
2021-07-07 20:00:00,94.93
2021-07-08 00:00:00,95.21
2021-07-08 04:00:00,95.66
2021-07-08 08:00:00,94.89
2021-07-08 12:00:00,93.5
2021-07-08 16:00:00,94.05
2021-07-08 20:00:00,94.43
2021-07-09 00:00:00,93.29
2021-07-09 04:00:00,93.37
2021-07-09 08:00:00,92.52
2021-07-09 12:00:00,91.26
2021-07-09 16:00:00,90.8
2021-07-09 20:00:00,90.89
2021-07-10 00:00:00,91.39
2021-07-10 04:00:00,91.14
2021-07-10 08:00:00,89.78
2021-07-10 12:00:00,89.7
2021-07-10 16:00:00,90.32
2021-07-10 20:00:00,90.57
2021-07-11 00:00:00,90.75
2021-07-11 04:00:00,89.68
2021-07-11 08:00:00,88.59
2021-07-11 12:00:00,89.22
2021-07-11 16:00:00,89.57
2021-07-11 20:00:00,88.71
2021-07-12 00:00:00,89.17
2021-07-12 04:00:00,88.81
2021-07-12 08:00:00,89.27
2021-07-12 12:00:00,89.68
2021-07-12 16:00:00,90.9
2021-07-12 20:00:00,90.51
2021-07-13 00:00:00,90.44
2021-07-13 04:00:00,90.67
2021-07-13 08:00:00,90.56
2021-07-13 12:00:00,90.26
2021-07-13 16:00:00,90.44
2021-07-13 20:00:00,90.81
2021-07-14 00:00:00,90.84
2021-07-14 04:00:00,90.57
2021-07-14 08:00:00,88.82
2021-07-14 12:00:00,87.24
2021-07-14 16:00:00,87.32
2021-07-14 20:00:00,86.97
2021-07-15 00:00:00,85.86
2021-07-15 04:00:00,85.17
2021-07-15 08:00:00,84.98
2021-07-15 12:00:00,85.95
2021-07-15 16:00:00,86.03
2021-07-15 20:00:00,85.55
2021-07-16 00:00:00,85.82
2021-07-16 04:00:00,85.67
2021-07-16 08:00:00,85.06
2021-07-16 12:00:00,83.2
2021-07-16 16:00:00,83.15
2021-07-16 20:00:00,82.59
2021-07-17 00:00:00,83.73
2021-07-17 04:00:00,83.02
2021-07-17 08:00:00,82.44
2021-07-17 12:00:00,82.38
2021-07-17 16:00:00,82.21
2021-07-17 20:00:00,82.78
2021-07-18 00:00:00,81.71
2021-07-18 04:00:00,82.59
2021-07-18 08:00:00,82.21
2021-07-18 12:00:00,83.27
2021-07-18 16:00:00,83.32
2021-07-18 20:00:00,83.52
2021-07-19 00:00:00,84.3
2021-07-19 04:00:00,83.63
2021-07-19 08:00:00,84.12
2021-07-19 12:00:00,85.92
2021-07-19 16:00:00,87.5
2021-07-19 20:00:00,88.46
2021-07-20 00:00:00,91.66
2021-07-20 04:00:00,91.62
2021-07-20 08:00:00,91.11
2021-07-20 12:00:00,91.42
2021-07-20 16:00:00,90.81
2021-07-20 20:00:00,91.49
2021-07-21 00:00:00,90.54
2021-07-21 04:00:00,88.03
2021-07-21 08:00:00,87.99
2021-07-21 12:00:00,87.86
2021-07-21 16:00:00,87.72
2021-07-21 20:00:00,87.86
2021-07-22 00:00:00,87.05
2021-07-22 04:00:00,86.08
2021-07-22 08:00:00,86.21
2021-07-22 12:00:00,85.85
2021-07-22 16:00:00,85.18
2021-07-22 20:00:00,84.64
2021-07-23 00:00:00,83.93
2021-07-23 04:00:00,83.44
2021-07-23 08:00:00,81.89
2021-07-23 12:00:00,81.7
2021-07-23 16:00:00,82.19
2021-07-23 20:00:00,81.75
2021-07-24 00:00:00,80.42
2021-07-24 04:00:00,81.66
2021-07-24 08:00:00,79.72
2021-07-24 12:00:00,80.59
2021-07-24 16:00:00,82.14
2021-07-24 20:00:00,81.31
2021-07-25 00:00:00,81.37
2021-07-25 04:00:00,82.08
2021-07-25 08:00:00,82.58
2021-07-25 12:00:00,83.01
2021-07-25 16:00:00,83.47
2021-07-25 20:00:00,83.9
2021-07-26 00:00:00,89.37
2021-07-26 04:00:00,87.82
2021-07-26 08:00:00,87.22
2021-07-26 12:00:00,85.46
2021-07-26 16:00:00,89.08
2021-07-26 20:00:00,87.68
2021-07-27 00:00:00,87.41
2021-07-27 04:00:00,87.69
2021-07-27 08:00:00,86.52
2021-07-27 12:00:00,86.42
2021-07-27 16:00:00,85.55
2021-07-27 20:00:00,91.84
2021-07-28 00:00:00,94.88
2021-07-28 04:00:00,94.34
2021-07-28 08:00:00,93.39
2021-07-28 12:00:00,93.19
2021-07-28 16:00:00,96.49
2021-07-28 20:00:00,95.68
2021-07-29 00:00:00,95.06
2021-07-29 04:00:00,94.06
2021-07-29 08:00:00,93.53
2021-07-29 12:00:00,92.73
2021-07-29 16:00:00,91.9
2021-07-29 20:00:00,93.24
2021-07-30 00:00:00,92.86
2021-07-30 04:00:00,94.05
2021-07-30 08:00:00,89.3
2021-07-30 12:00:00,88.76
2021-07-30 16:00:00,86.64
2021-07-30 20:00:00,93.49
2021-07-31 00:00:00,89.59
2021-07-31 04:00:00,89.86
2021-07-31 08:00:00,88.25
2021-07-31 12:00:00,88.22
2021-07-31 16:00:00,87.94
2021-07-31 20:00:00,89.55
2021-08-01 00:00:00,90.51
2021-08-01 04:00:00,88.94
2021-08-01 08:00:00,87.72
2021-08-01 12:00:00,87.9
2021-08-01 16:00:00,88.58
2021-08-01 20:00:00,89.3
2021-08-02 00:00:00,89.13
2021-08-02 04:00:00,88.66
2021-08-02 08:00:00,88.86
2021-08-02 12:00:00,88.19
2021-08-02 16:00:00,88.69
2021-08-02 20:00:00,88.52
2021-08-03 00:00:00,88.72
2021-08-03 04:00:00,90.07
2021-08-03 08:00:00,88.86
2021-08-03 12:00:00,90.03
2021-08-03 16:00:00,88.95
2021-08-03 20:00:00,89.04
2021-08-04 00:00:00,89.16
2021-08-04 04:00:00,89.8
2021-08-04 08:00:00,90.86
2021-08-04 12:00:00,91.43
2021-08-04 16:00:00,91.81
2021-08-04 20:00:00,91.94
2021-08-05 00:00:00,91.51
2021-08-05 04:00:00,92.08
2021-08-05 08:00:00,91.96
2021-08-05 12:00:00,92.76
2021-08-05 16:00:00,95.67
2021-08-05 20:00:00,96.09
2021-08-06 00:00:00,94.76
2021-08-06 04:00:00,93.24
2021-08-06 08:00:00,91.58
2021-08-06 12:00:00,91.96
2021-08-06 16:00:00,93.52
2021-08-06 20:00:00,93.62
2021-08-07 00:00:00,94.46
2021-08-07 04:00:00,92.38
2021-08-07 08:00:00,95.43
2021-08-07 12:00:00,94.19
2021-08-07 16:00:00,95.98
2021-08-07 20:00:00,97.27
2021-08-08 00:00:00,96.92
2021-08-08 04:00:00,97.59
2021-08-08 08:00:00,96.09
2021-08-08 12:00:00,96.26
2021-08-08 16:00:00,96.05
2021-08-08 20:00:00,95.99
2021-08-09 00:00:00,96.93
2021-08-09 04:00:00,97.02
2021-08-09 08:00:00,104.57
2021-08-09 12:00:00,104.99
2021-08-09 16:00:00,105.33
2021-08-09 20:00:00,106.97
2021-08-10 00:00:00,105.94
2021-08-10 04:00:00,107.29
2021-08-10 08:00:00,106.11
2021-08-10 12:00:00,105.21
2021-08-10 16:00:00,104.73
2021-08-10 20:00:00,103.35
2021-08-11 00:00:00,101.92
2021-08-11 04:00:00,102.5
2021-08-11 08:00:00,101.75
2021-08-11 12:00:00,102.18
2021-08-11 16:00:00,101.04
2021-08-11 20:00:00,100.53
2021-08-12 00:00:00,99.79
2021-08-12 04:00:00,101.39
2021-08-12 08:00:00,99.8
2021-08-12 12:00:00,98.81
2021-08-12 16:00:00,97.78
2021-08-12 20:00:00,98.06
2021-08-13 00:00:00,94.26
2021-08-13 04:00:00,94.81
2021-08-13 08:00:00,94.64
2021-08-13 12:00:00,94.58
2021-08-13 16:00:00,95.84
2021-08-13 20:00:00,100.3
2021-08-14 00:00:00,99.81
2021-08-14 04:00:00,99.49
2021-08-14 08:00:00,98.73
2021-08-14 12:00:00,98.12
2021-08-14 16:00:00,97.78
2021-08-14 20:00:00,97.48
2021-08-15 00:00:00,97.27
2021-08-15 04:00:00,96.76
2021-08-15 08:00:00,97.41
2021-08-15 12:00:00,97.57
2021-08-15 16:00:00,97.66
2021-08-15 20:00:00,98.69
2021-08-16 00:00:00,97.83
2021-08-16 04:00:00,98.08
2021-08-16 08:00:00,98.37
2021-08-16 12:00:00,98.36
2021-08-16 16:00:00,97.88
2021-08-16 20:00:00,98.3
2021-08-17 00:00:00,97.84
2021-08-17 04:00:00,97.45
2021-08-17 08:00:00,97.29
2021-08-17 12:00:00,95.51
2021-08-17 16:00:00,95.53
2021-08-17 20:00:00,96.68
2021-08-18 00:00:00,97.37
2021-08-18 04:00:00,96.44
2021-08-18 08:00:00,94.7
2021-08-18 12:00:00,94.56
2021-08-18 16:00:00,94.52
2021-08-18 20:00:00,95.81
2021-08-19 00:00:00,96.07
2021-08-19 04:00:00,95.65
2021-08-19 08:00:00,95.23
2021-08-19 12:00:00,93.86
2021-08-19 16:00:00,94.14
2021-08-19 20:00:00,94.5
2021-08-20 00:00:00,93.81
2021-08-20 04:00:00,93.01
2021-08-20 08:00:00,92.36
2021-08-20 12:00:00,94.19
2021-08-20 16:00:00,92.3
2021-08-20 20:00:00,93.06
2021-08-21 00:00:00,93.37
2021-08-21 04:00:00,93.32
2021-08-21 08:00:00,93.19
2021-08-21 12:00:00,93.02
2021-08-21 16:00:00,92.99
2021-08-21 20:00:00,92.71
2021-08-22 00:00:00,91.54
2021-08-22 04:00:00,91.78
2021-08-22 08:00:00,91.35
2021-08-22 12:00:00,91.81
2021-08-22 16:00:00,92.35
2021-08-22 20:00:00,94.83
2021-08-23 00:00:00,94.91
2021-08-23 04:00:00,93.44
2021-08-23 08:00:00,93.41
2021-08-23 12:00:00,93.64
2021-08-23 16:00:00,93.99
2021-08-23 20:00:00,93.64
2021-08-24 00:00:00,91.62
2021-08-24 04:00:00,91.2
2021-08-24 08:00:00,91.29
2021-08-24 12:00:00,91.5
2021-08-24 16:00:00,92.14
2021-08-24 20:00:00,92.85
2021-08-25 00:00:00,91.23
2021-08-25 04:00:00,90.53
2021-08-25 08:00:00,92.04
2021-08-25 12:00:00,92.17
2021-08-25 16:00:00,93.26
2021-08-25 20:00:00,93.62
2021-08-26 00:00:00,91.21
2021-08-26 04:00:00,91.1
2021-08-26 08:00:00,90.84
2021-08-26 12:00:00,91.28
2021-08-26 16:00:00,91.73
2021-08-26 20:00:00,93.87
2021-08-27 00:00:00,92.58
2021-08-27 04:00:00,92.39
2021-08-27 08:00:00,90.18
2021-08-27 12:00:00,89.09
2021-08-27 16:00:00,90.37
2021-08-27 20:00:00,90.92
2021-08-28 00:00:00,90.21
2021-08-28 04:00:00,90.17
2021-08-28 08:00:00,89.42
2021-08-28 12:00:00,89.79
2021-08-28 16:00:00,89.86
2021-08-28 20:00:00,90.11
2021-08-29 00:00:00,91.66
2021-08-29 04:00:00,91.21
2021-08-29 08:00:00,89.75
2021-08-29 12:00:00,90.55
2021-08-29 16:00:00,89.67
2021-08-29 20:00:00,90.6
2021-08-30 00:00:00,90.63
2021-08-30 04:00:00,90.15
2021-08-30 08:00:00,89.52
2021-08-30 12:00:00,89.89
2021-08-30 16:00:00,91.21
2021-08-30 20:00:00,92.08
2021-08-31 00:00:00,91.84
2021-08-31 04:00:00,91.75
2021-08-31 08:00:00,92.22
2021-08-31 12:00:00,92.03
2021-08-31 16:00:00,91.01
2021-08-31 20:00:00,91.08
2021-09-01 00:00:00,91.01
2021-09-01 04:00:00,91.82
2021-09-01 08:00:00,92.31
2021-09-01 12:00:00,91.5
2021-09-01 16:00:00,93.22
2021-09-01 20:00:00,93.65
2021-09-02 00:00:00,96.83
2021-09-02 04:00:00,95.39
2021-09-02 08:00:00,94.31
2021-09-02 12:00:00,94.02
2021-09-02 16:00:00,93.36
2021-09-02 20:00:00,92.82
2021-09-03 00:00:00,91.03
2021-09-03 04:00:00,91.43
2021-09-03 08:00:00,91.24
2021-09-03 12:00:00,91.13
2021-09-03 16:00:00,90.05
2021-09-03 20:00:00,90.15
2021-09-04 00:00:00,89.86
2021-09-04 04:00:00,90.76
2021-09-04 08:00:00,90.49
2021-09-04 12:00:00,90.39
2021-09-04 16:00:00,91.0
2021-09-04 20:00:00,91.3
2021-09-05 00:00:00,91.39
2021-09-05 04:00:00,91.56
2021-09-05 08:00:00,92.31
2021-09-05 12:00:00,91.4
2021-09-05 16:00:00,92.59
2021-09-05 20:00:00,93.37
2021-09-06 00:00:00,92.72
2021-09-06 04:00:00,93.25
2021-09-06 08:00:00,91.75
2021-09-06 12:00:00,91.27
2021-09-06 16:00:00,91.2
2021-09-06 20:00:00,92.86
2021-09-07 00:00:00,92.12
2021-09-07 04:00:00,91.06
2021-09-07 08:00:00,92.15
2021-09-07 12:00:00,97.37
2021-09-07 16:00:00,95.54
2021-09-07 20:00:00,95.16
2021-09-08 00:00:00,93.27
2021-09-08 04:00:00,94.87
2021-09-08 08:00:00,95.07
2021-09-08 12:00:00,93.15
2021-09-08 16:00:00,91.01
2021-09-08 20:00:00,92.31
2021-09-09 00:00:00,92.14
2021-09-09 04:00:00,92.08
2021-09-09 08:00:00,91.34
2021-09-09 12:00:00,91.29
2021-09-09 16:00:00,91.81
2021-09-09 20:00:00,91.95
2021-09-10 00:00:00,90.97
2021-09-10 04:00:00,91.2
2021-09-10 08:00:00,89.67
2021-09-10 12:00:00,90.88
2021-09-10 16:00:00,90.13
2021-09-10 20:00:00,90.57
2021-09-11 00:00:00,90.05
2021-09-11 04:00:00,90.34
2021-09-11 08:00:00,89.46
2021-09-11 12:00:00,89.38
2021-09-11 16:00:00,88.66
2021-09-11 20:00:00,89.46
2021-09-12 00:00:00,89.0
2021-09-12 04:00:00,87.97
2021-09-12 08:00:00,88.23
2021-09-12 12:00:00,89.12
2021-09-12 16:00:00,90.36
2021-09-12 20:00:00,92.13
2021-09-13 00:00:00,92.13
2021-09-13 04:00:00,92.2
2021-09-13 08:00:00,92.72
2021-09-13 12:00:00,93.27
2021-09-13 16:00:00,92.67
2021-09-13 20:00:00,92.14
2021-09-14 00:00:00,91.87
2021-09-14 04:00:00,91.81
2021-09-14 08:00:00,91.59
2021-09-14 12:00:00,91.54
2021-09-14 16:00:00,90.9
2021-09-14 20:00:00,90.9
2021-09-15 00:00:00,90.85
2021-09-15 04:00:00,90.92
2021-09-15 08:00:00,90.19
2021-09-15 12:00:00,90.01
2021-09-15 16:00:00,89.87
2021-09-15 20:00:00,90.32
2021-09-16 00:00:00,90.47
2021-09-16 04:00:00,88.83
2021-09-16 08:00:00,85.95
2021-09-16 12:00:00,85.39
2021-09-16 16:00:00,84.79
2021-09-16 20:00:00,84.17
2021-09-17 00:00:00,82.98
2021-09-17 04:00:00,82.15
2021-09-17 08:00:00,82.76
2021-09-17 12:00:00,82.59
2021-09-17 16:00:00,81.74
2021-09-17 20:00:00,82.35
2021-09-18 00:00:00,81.36
2021-09-18 04:00:00,82.42
2021-09-18 08:00:00,83.19
2021-09-18 12:00:00,84.77
2021-09-18 16:00:00,85.09
2021-09-18 20:00:00,84.7
2021-09-19 00:00:00,85.12
2021-09-19 04:00:00,85.24
2021-09-19 08:00:00,84.66
2021-09-19 12:00:00,83.15
2021-09-19 16:00:00,83.64
2021-09-19 20:00:00,85.72
2021-09-20 00:00:00,86.56
2021-09-20 04:00:00,88.4
2021-09-20 08:00:00,89.9
2021-09-20 12:00:00,90.87
2021-09-20 16:00:00,91.24
2021-09-20 20:00:00,91.76
2021-09-21 00:00:00,92.7
2021-09-21 04:00:00,91.85
2021-09-21 08:00:00,91.07
2021-09-21 12:00:00,91.3
2021-09-21 16:00:00,92.67
2021-09-21 20:00:00,96.26
2021-09-22 00:00:00,94.49
2021-09-22 04:00:00,92.77
2021-09-22 08:00:00,93.19
2021-09-22 12:00:00,90.72
2021-09-22 16:00:00,88.76
2021-09-22 20:00:00,88.73
2021-09-23 00:00:00,88.87
2021-09-23 04:00:00,86.58
2021-09-23 08:00:00,86.1
2021-09-23 12:00:00,84.93
2021-09-23 16:00:00,83.72
2021-09-23 20:00:00,83.84
2021-09-24 00:00:00,84.98
2021-09-24 04:00:00,82.26
2021-09-24 08:00:00,90.55
2021-09-24 12:00:00,88.35
2021-09-24 16:00:00,87.21
2021-09-24 20:00:00,86.92
2021-09-25 00:00:00,86.84
2021-09-25 04:00:00,86.44
2021-09-25 08:00:00,86.32
2021-09-25 12:00:00,85.47
2021-09-25 16:00:00,85.57
2021-09-25 20:00:00,85.88
2021-09-26 00:00:00,86.3
2021-09-26 04:00:00,86.99
2021-09-26 08:00:00,85.28
2021-09-26 12:00:00,83.58
2021-09-26 16:00:00,86.18
2021-09-26 20:00:00,89.12
2021-09-27 00:00:00,88.37
2021-09-27 04:00:00,87.5
2021-09-27 08:00:00,87.41
2021-09-27 12:00:00,87.54
2021-09-27 16:00:00,89.26
2021-09-27 20:00:00,89.25
2021-09-28 00:00:00,88.55
2021-09-28 04:00:00,90.69
2021-09-28 08:00:00,89.62
2021-09-28 12:00:00,90.53
2021-09-28 16:00:00,90.87
2021-09-28 20:00:00,92.27
2021-09-29 00:00:00,91.47
2021-09-29 04:00:00,90.6
2021-09-29 08:00:00,91.07
2021-09-29 12:00:00,91.82
2021-09-29 16:00:00,91.9
2021-09-29 20:00:00,91.77
2021-09-30 00:00:00,90.97
2021-09-30 04:00:00,90.35
2021-09-30 08:00:00,91.57
2021-09-30 12:00:00,90.73
2021-09-30 16:00:00,89.96
2021-09-30 20:00:00,90.97
2021-10-01 00:00:00,91.22
2021-10-01 04:00:00,90.1
2021-10-01 08:00:00,89.87
2021-10-01 12:00:00,88.04
2021-10-01 16:00:00,83.07
2021-10-01 20:00:00,85.84
2021-10-02 00:00:00,85.44
2021-10-02 04:00:00,84.41
2021-10-02 08:00:00,82.45
2021-10-02 12:00:00,81.71
2021-10-02 16:00:00,83.72
2021-10-02 20:00:00,83.97
2021-10-03 00:00:00,83.91
2021-10-03 04:00:00,84.13
2021-10-03 08:00:00,84.16
2021-10-03 12:00:00,84.44
2021-10-03 16:00:00,84.74
2021-10-03 20:00:00,85.56
2021-10-04 00:00:00,85.61
2021-10-04 04:00:00,85.56
2021-10-04 08:00:00,85.93
2021-10-04 12:00:00,87.18
2021-10-04 16:00:00,89.49
2021-10-04 20:00:00,89.62
2021-10-05 00:00:00,88.91
2021-10-05 04:00:00,89.02
2021-10-05 08:00:00,89.43
2021-10-05 12:00:00,90.42
2021-10-05 16:00:00,91.98
2021-10-05 20:00:00,92.68
2021-10-06 00:00:00,90.92
2021-10-06 04:00:00,90.05
2021-10-06 08:00:00,89.98
2021-10-06 12:00:00,90.64
2021-10-06 16:00:00,88.69
2021-10-06 20:00:00,89.38
2021-10-07 00:00:00,87.86
2021-10-07 04:00:00,88.03
2021-10-07 08:00:00,89.76
2021-10-07 12:00:00,88.13
2021-10-07 16:00:00,87.13
2021-10-07 20:00:00,88.13
2021-10-08 00:00:00,87.36
2021-10-08 04:00:00,87.01
2021-10-08 08:00:00,87.47
2021-10-08 12:00:00,87.49
2021-10-08 16:00:00,87.85
2021-10-08 20:00:00,88.19
2021-10-09 00:00:00,87.71
2021-10-09 04:00:00,87.85
2021-10-09 08:00:00,87.41
2021-10-09 12:00:00,87.23
2021-10-09 16:00:00,87.41
2021-10-09 20:00:00,87.42
2021-10-10 00:00:00,88.22
2021-10-10 04:00:00,88.44
2021-10-10 08:00:00,87.42
2021-10-10 12:00:00,87.7
2021-10-10 16:00:00,89.0
2021-10-10 20:00:00,89.23
2021-10-11 00:00:00,90.7
2021-10-11 04:00:00,90.4
2021-10-11 08:00:00,89.76
2021-10-11 12:00:00,90.8
2021-10-11 16:00:00,90.03
2021-10-11 20:00:00,90.49
2021-10-12 00:00:00,90.22
2021-10-12 04:00:00,89.91
2021-10-12 08:00:00,89.85
2021-10-12 12:00:00,93.15
2021-10-12 16:00:00,93.65
2021-10-12 20:00:00,93.37
2021-10-13 00:00:00,92.14
2021-10-13 04:00:00,92.94
2021-10-13 08:00:00,91.79
2021-10-13 12:00:00,93.26
2021-10-13 16:00:00,94.27
2021-10-13 20:00:00,95.0
2021-10-14 00:00:00,93.45
2021-10-14 04:00:00,93.46
2021-10-14 08:00:00,91.87
2021-10-14 12:00:00,96.06
2021-10-14 16:00:00,97.51
2021-10-14 20:00:00,97.87
2021-10-15 00:00:00,97.33
2021-10-15 04:00:00,95.52
2021-10-15 08:00:00,98.41
2021-10-15 12:00:00,102.11
2021-10-15 16:00:00,90.79
2021-10-15 20:00:00,90.71
2021-10-16 00:00:00,90.99
2021-10-16 04:00:00,91.09
2021-10-16 08:00:00,89.18
2021-10-16 12:00:00,86.07
2021-10-16 16:00:00,86.39
2021-10-16 20:00:00,86.8
2021-10-17 00:00:00,87.93
2021-10-17 04:00:00,87.71
2021-10-17 08:00:00,87.92
2021-10-17 12:00:00,87.63
2021-10-17 16:00:00,88.93
2021-10-17 20:00:00,89.66
2021-10-18 00:00:00,90.88
2021-10-18 04:00:00,91.82
2021-10-18 08:00:00,91.12
2021-10-18 12:00:00,91.4
2021-10-18 16:00:00,91.24
2021-10-18 20:00:00,92.4
2021-10-19 00:00:00,93.37
2021-10-19 04:00:00,93.32
2021-10-19 08:00:00,93.48
2021-10-19 12:00:00,92.31
2021-10-19 16:00:00,91.93
2021-10-19 20:00:00,94.15
2021-10-20 00:00:00,94.15
2021-10-20 04:00:00,94.33
2021-10-20 08:00:00,93.89
2021-10-20 12:00:00,94.66
2021-10-20 16:00:00,94.47
2021-10-20 20:00:00,93.04
2021-10-21 00:00:00,92.61
2021-10-21 04:00:00,92.86
2021-10-21 08:00:00,92.72
2021-10-21 12:00:00,93.35
2021-10-21 16:00:00,91.59
2021-10-21 20:00:00,92.52
2021-10-22 00:00:00,91.53
2021-10-22 04:00:00,89.44
2021-10-22 08:00:00,86.67
2021-10-22 12:00:00,86.89
2021-10-22 16:00:00,86.81
2021-10-22 20:00:00,86.73
2021-10-23 00:00:00,85.93
2021-10-23 04:00:00,84.63
2021-10-23 08:00:00,85.94
2021-10-23 12:00:00,86.21
2021-10-23 16:00:00,86.7
2021-10-23 20:00:00,86.31
2021-10-24 00:00:00,86.18
2021-10-24 04:00:00,87.13
2021-10-24 08:00:00,87.59
2021-10-24 12:00:00,88.38
2021-10-24 16:00:00,88.85
2021-10-24 20:00:00,89.88
2021-10-25 00:00:00,89.76
2021-10-25 04:00:00,86.88
2021-10-25 08:00:00,85.92
2021-10-25 12:00:00,87.57
2021-10-25 16:00:00,86.76
2021-10-25 20:00:00,84.45
2021-10-26 00:00:00,83.91
2021-10-26 04:00:00,84.82
2021-10-26 08:00:00,86.11
2021-10-26 12:00:00,86.13
2021-10-26 16:00:00,86.22
2021-10-26 20:00:00,89.01
2021-10-27 00:00:00,88.84
2021-10-27 04:00:00,87.99
2021-10-27 08:00:00,88.51
2021-10-27 12:00:00,88.44
2021-10-27 16:00:00,89.14
2021-10-27 20:00:00,88.45
2021-10-28 00:00:00,88.05
2021-10-28 04:00:00,87.5
2021-10-28 08:00:00,86.22
2021-10-28 12:00:00,86.42
2021-10-28 16:00:00,87.75
2021-10-28 20:00:00,89.87
2021-10-29 00:00:00,89.27
2021-10-29 04:00:00,85.74
2021-10-29 08:00:00,84.94
2021-10-29 12:00:00,87.77
2021-10-29 16:00:00,87.74
2021-10-29 20:00:00,87.58
2021-10-30 00:00:00,87.57
2021-10-30 04:00:00,87.74
2021-10-30 08:00:00,87.63
2021-10-30 12:00:00,87.39
2021-10-30 16:00:00,86.73
2021-10-30 20:00:00,87.17
2021-10-31 00:00:00,87.83
2021-10-31 04:00:00,88.09
2021-10-31 08:00:00,87.85
2021-10-31 12:00:00,88.59
2021-10-31 16:00:00,88.21
2021-10-31 20:00:00,87.64
2021-11-01 00:00:00,87.41
2021-11-01 04:00:00,88.07
2021-11-01 08:00:00,87.11
2021-11-01 12:00:00,86.74
2021-11-01 16:00:00,85.73
2021-11-01 20:00:00,85.45
2021-11-02 00:00:00,86.65
2021-11-02 04:00:00,87.39
2021-11-02 08:00:00,87.39
2021-11-02 12:00:00,87.6
2021-11-02 16:00:00,87.17
2021-11-02 20:00:00,87.23
2021-11-03 00:00:00,86.03
2021-11-03 04:00:00,85.0
2021-11-03 08:00:00,84.91
2021-11-03 12:00:00,85.06
2021-11-03 16:00:00,85.5
2021-11-03 20:00:00,85.84
2021-11-04 00:00:00,86.41
2021-11-04 04:00:00,85.71
2021-11-04 08:00:00,84.52
2021-11-04 12:00:00,84.86
2021-11-04 16:00:00,85.01
2021-11-04 20:00:00,84.73
2021-11-05 00:00:00,85.02
2021-11-05 04:00:00,84.67
2021-11-05 08:00:00,83.98
2021-11-05 12:00:00,86.58
2021-11-05 16:00:00,84.68
2021-11-05 20:00:00,85.71
2021-11-06 00:00:00,84.38
2021-11-06 04:00:00,85.58
2021-11-06 08:00:00,85.37
2021-11-06 12:00:00,85.63
2021-11-06 16:00:00,87.47
2021-11-06 20:00:00,87.07
2021-11-07 00:00:00,86.72
2021-11-07 04:00:00,87.29
2021-11-07 08:00:00,86.5
2021-11-07 12:00:00,86.93
2021-11-07 16:00:00,87.41
2021-11-07 20:00:00,86.59
2021-11-08 00:00:00,86.12
2021-11-08 04:00:00,86.64
2021-11-08 08:00:00,87.17
2021-11-08 12:00:00,86.89
2021-11-08 16:00:00,87.27
2021-11-08 20:00:00,86.69
2021-11-09 00:00:00,87.44
2021-11-09 04:00:00,85.27
2021-11-09 08:00:00,85.67
2021-11-09 12:00:00,84.65
2021-11-09 16:00:00,84.69
2021-11-09 20:00:00,84.68
2021-11-10 00:00:00,84.69
2021-11-10 04:00:00,84.59
2021-11-10 08:00:00,85.21
2021-11-10 12:00:00,85.4
2021-11-10 16:00:00,86.69
2021-11-10 20:00:00,86.36
2021-11-11 00:00:00,84.24
2021-11-11 04:00:00,85.31
2021-11-11 08:00:00,84.1
2021-11-11 12:00:00,85.64
2021-11-11 16:00:00,85.17
2021-11-11 20:00:00,85.23
2021-11-12 00:00:00,84.58
2021-11-12 04:00:00,85.79
2021-11-12 08:00:00,87.9
2021-11-12 12:00:00,88.21
2021-11-12 16:00:00,87.55
2021-11-12 20:00:00,88.44
2021-11-13 00:00:00,88.08
2021-11-13 04:00:00,87.51
2021-11-13 08:00:00,87.03
2021-11-13 12:00:00,86.95
2021-11-13 16:00:00,85.61
2021-11-13 20:00:00,87.74
2021-11-14 00:00:00,87.83
2021-11-14 04:00:00,86.81
2021-11-14 08:00:00,87.42
2021-11-14 12:00:00,87.21
2021-11-14 16:00:00,86.44
2021-11-14 20:00:00,87.22
2021-11-15 00:00:00,86.64
2021-11-15 04:00:00,85.94
2021-11-15 08:00:00,85.31
2021-11-15 12:00:00,85.41
2021-11-15 16:00:00,85.35
2021-11-15 20:00:00,85.04
2021-11-16 00:00:00,87.99
2021-11-16 04:00:00,89.07
2021-11-16 08:00:00,90.19
2021-11-16 12:00:00,87.88
2021-11-16 16:00:00,87.24
2021-11-16 20:00:00,87.28
2021-11-17 00:00:00,87.76
2021-11-17 04:00:00,88.14
2021-11-17 08:00:00,86.69
2021-11-17 12:00:00,88.22
2021-11-17 16:00:00,88.72
2021-11-17 20:00:00,89.88
2021-11-18 00:00:00,89.34
2021-11-18 04:00:00,89.65
2021-11-18 08:00:00,89.28
2021-11-18 12:00:00,90.7
2021-11-18 16:00:00,87.65
2021-11-18 20:00:00,90.12
2021-11-19 00:00:00,91.69
2021-11-19 04:00:00,90.77
2021-11-19 08:00:00,86.58
2021-11-19 12:00:00,86.18
2021-11-19 16:00:00,86.19
2021-11-19 20:00:00,85.78
2021-11-20 00:00:00,84.94
2021-11-20 04:00:00,86.14
2021-11-20 08:00:00,85.96
2021-11-20 12:00:00,86.51
2021-11-20 16:00:00,85.89
2021-11-20 20:00:00,85.44
2021-11-21 00:00:00,85.03
2021-11-21 04:00:00,84.59
2021-11-21 08:00:00,83.96
2021-11-21 12:00:00,86.55
2021-11-21 16:00:00,86.46
2021-11-21 20:00:00,85.94
2021-11-22 00:00:00,87.0
2021-11-22 04:00:00,86.65
2021-11-22 08:00:00,85.68
2021-11-22 12:00:00,86.35
2021-11-22 16:00:00,88.84
2021-11-22 20:00:00,88.98
2021-11-23 00:00:00,87.95
2021-11-23 04:00:00,87.63
2021-11-23 08:00:00,86.77
2021-11-23 12:00:00,88.92
2021-11-23 16:00:00,89.25
2021-11-23 20:00:00,89.91
2021-11-24 00:00:00,90.27
2021-11-24 04:00:00,90.0
2021-11-24 08:00:00,91.3
2021-11-24 12:00:00,91.08
2021-11-24 16:00:00,91.16
2021-11-24 20:00:00,90.42
2021-11-25 00:00:00,88.95
2021-11-25 04:00:00,88.4
2021-11-25 08:00:00,88.2
2021-11-25 12:00:00,86.31
2021-11-25 16:00:00,87.06
2021-11-25 20:00:00,86.52
2021-11-26 00:00:00,86.17
2021-11-26 04:00:00,87.1
2021-11-26 08:00:00,89.5
2021-11-26 12:00:00,85.83
2021-11-26 16:00:00,85.36
2021-11-26 20:00:00,86.06
2021-11-27 00:00:00,85.51
2021-11-27 04:00:00,84.45
2021-11-27 08:00:00,84.7
2021-11-27 12:00:00,83.39
2021-11-27 16:00:00,83.2
2021-11-27 20:00:00,83.72
2021-11-28 00:00:00,83.51
2021-11-28 04:00:00,83.44
2021-11-28 08:00:00,81.91
2021-11-28 12:00:00,82.88
2021-11-28 16:00:00,86.4
2021-11-28 20:00:00,86.32
2021-11-29 00:00:00,82.53
2021-11-29 04:00:00,82.21
2021-11-29 08:00:00,83.61
2021-11-29 12:00:00,82.64
2021-11-29 16:00:00,82.16
2021-11-29 20:00:00,82.85
2021-11-30 00:00:00,83.31
2021-11-30 04:00:00,83.99
2021-11-30 08:00:00,84.21
2021-11-30 12:00:00,84.47
2021-11-30 16:00:00,84.0
2021-11-30 20:00:00,84.08
2021-12-01 00:00:00,83.83
2021-12-01 04:00:00,83.99
2021-12-01 08:00:00,83.97
2021-12-01 12:00:00,82.62
2021-12-01 16:00:00,82.52
2021-12-01 20:00:00,83.64
2021-12-02 00:00:00,83.73
2021-12-02 04:00:00,83.53
2021-12-02 08:00:00,84.33
2021-12-02 12:00:00,83.89
2021-12-02 16:00:00,83.67
2021-12-02 20:00:00,85.26
2021-12-03 00:00:00,85.23
2021-12-03 04:00:00,83.85
2021-12-03 08:00:00,81.68
2021-12-03 12:00:00,84.62
2021-12-03 16:00:00,84.79
2021-12-03 20:00:00,84.55
2021-12-04 00:00:00,84.93
2021-12-04 04:00:00,89.3
2021-12-04 08:00:00,91.23
2021-12-04 12:00:00,88.32
2021-12-04 16:00:00,86.81
2021-12-04 20:00:00,87.29
2021-12-05 00:00:00,87.17
2021-12-05 04:00:00,89.47
2021-12-05 08:00:00,87.8
2021-12-05 12:00:00,89.67
2021-12-05 16:00:00,90.37
2021-12-05 20:00:00,89.39
2021-12-06 00:00:00,88.44
2021-12-06 04:00:00,88.47
2021-12-06 08:00:00,87.74
2021-12-06 12:00:00,87.17
2021-12-06 16:00:00,87.49
2021-12-06 20:00:00,86.84
2021-12-07 00:00:00,86.85
2021-12-07 04:00:00,86.25
2021-12-07 08:00:00,87.78
2021-12-07 12:00:00,88.17
2021-12-07 16:00:00,86.97
2021-12-07 20:00:00,86.0
2021-12-08 00:00:00,85.72
2021-12-08 04:00:00,86.13
2021-12-08 08:00:00,87.76
2021-12-08 12:00:00,87.32
2021-12-08 16:00:00,87.37
2021-12-08 20:00:00,87.16
2021-12-09 00:00:00,87.1
2021-12-09 04:00:00,87.72
2021-12-09 08:00:00,89.46
2021-12-09 12:00:00,89.1
2021-12-09 16:00:00,89.99
2021-12-09 20:00:00,90.3
2021-12-10 00:00:00,89.46
2021-12-10 04:00:00,90.81
2021-12-10 08:00:00,90.02
2021-12-10 12:00:00,90.24
2021-12-10 16:00:00,89.96
2021-12-10 20:00:00,89.98
2021-12-11 00:00:00,89.11
2021-12-11 04:00:00,89.5
2021-12-11 08:00:00,90.95
2021-12-11 12:00:00,91.05
2021-12-11 16:00:00,90.48
2021-12-11 20:00:00,88.72
2021-12-12 00:00:00,88.71
2021-12-12 04:00:00,89.64
2021-12-12 08:00:00,90.5
2021-12-12 12:00:00,91.56
2021-12-12 16:00:00,92.2
2021-12-12 20:00:00,92.25
2021-12-13 00:00:00,91.45
2021-12-13 04:00:00,91.87
2021-12-13 08:00:00,91.26
2021-12-13 12:00:00,90.96
2021-12-13 16:00:00,90.12
2021-12-13 20:00:00,90.29
2021-12-14 00:00:00,90.97
2021-12-14 04:00:00,90.71
2021-12-14 08:00:00,88.84
2021-12-14 12:00:00,90.06
2021-12-14 16:00:00,91.87
2021-12-14 20:00:00,92.34
2021-12-15 00:00:00,90.71
2021-12-15 04:00:00,91.05
2021-12-15 08:00:00,90.02
2021-12-15 12:00:00,90.88
2021-12-15 16:00:00,90.1
2021-12-15 20:00:00,89.34
2021-12-16 00:00:00,88.6
2021-12-16 04:00:00,87.68
2021-12-16 08:00:00,87.38
2021-12-16 12:00:00,86.26
2021-12-16 16:00:00,86.62
2021-12-16 20:00:00,86.78
2021-12-17 00:00:00,86.58
2021-12-17 04:00:00,86.53
2021-12-17 08:00:00,84.76
2021-12-17 12:00:00,86.11
2021-12-17 16:00:00,85.15
2021-12-17 20:00:00,85.34
2021-12-18 00:00:00,84.08
2021-12-18 04:00:00,87.64
2021-12-18 08:00:00,86.15
2021-12-18 12:00:00,86.82
2021-12-18 16:00:00,87.02
2021-12-18 20:00:00,87.43
2021-12-19 00:00:00,87.43
2021-12-19 04:00:00,86.44
2021-12-19 08:00:00,84.61
2021-12-19 12:00:00,86.86
2021-12-19 16:00:00,86.81
2021-12-19 20:00:00,87.83
2021-12-20 00:00:00,88.44
2021-12-20 04:00:00,87.56
2021-12-20 08:00:00,87.56
2021-12-20 12:00:00,87.57
2021-12-20 16:00:00,86.63
2021-12-20 20:00:00,87.31
2021-12-21 00:00:00,87.31
2021-12-21 04:00:00,87.45
2021-12-21 08:00:00,87.14
2021-12-21 12:00:00,85.79
2021-12-21 16:00:00,85.39
2021-12-21 20:00:00,86.04
2021-12-22 00:00:00,86.17
2021-12-22 04:00:00,86.1
2021-12-22 08:00:00,85.31
2021-12-22 12:00:00,83.65
2021-12-22 16:00:00,83.55
2021-12-22 20:00:00,82.99
2021-12-23 00:00:00,82.49
2021-12-23 04:00:00,83.03
2021-12-23 08:00:00,82.7
2021-12-23 12:00:00,81.45
2021-12-23 16:00:00,82.35
2021-12-23 20:00:00,82.99
2021-12-24 00:00:00,81.25
2021-12-24 04:00:00,79.09
2021-12-24 08:00:00,77.7
2021-12-24 12:00:00,78.92
2021-12-24 16:00:00,83.43
2021-12-24 20:00:00,82.57
2021-12-25 00:00:00,81.39
2021-12-25 04:00:00,79.92
2021-12-25 08:00:00,78.71
2021-12-25 12:00:00,79.91
2021-12-25 16:00:00,79.68
2021-12-25 20:00:00,81.08
2021-12-26 00:00:00,80.66
2021-12-26 04:00:00,80.96
2021-12-26 08:00:00,81.57
2021-12-26 12:00:00,81.59
2021-12-26 16:00:00,81.64
2021-12-26 20:00:00,80.26
2021-12-27 00:00:00,79.32
2021-12-27 04:00:00,80.01
2021-12-27 08:00:00,78.65
2021-12-27 12:00:00,79.72
2021-12-27 16:00:00,80.83
2021-12-27 20:00:00,83.29
2021-12-28 00:00:00,80.12
2021-12-28 04:00:00,79.74
2021-12-28 08:00:00,79.68
2021-12-28 12:00:00,79.37
2021-12-28 16:00:00,77.35
2021-12-28 20:00:00,76.7
2021-12-29 00:00:00,78.31
2021-12-29 04:00:00,79.22
2021-12-29 08:00:00,78.24
2021-12-29 12:00:00,79.37
2021-12-29 16:00:00,78.75
2021-12-29 20:00:00,80.73
2021-12-30 00:00:00,79.9
2021-12-30 04:00:00,79.96
2021-12-30 08:00:00,79.36
2021-12-30 12:00:00,77.67
2021-12-30 16:00:00,78.88
2021-12-30 20:00:00,80.68
2021-12-31 00:00:00,79.4
2021-12-31 04:00:00,80.96
2021-12-31 08:00:00,76.95
2021-12-31 12:00:00,75.64
2021-12-31 16:00:00,75.18
2021-12-31 20:00:00,75.51
2022-01-01 00:00:00,74.03
2022-01-01 04:00:00,73.64
2022-01-01 08:00:00,73.23
2022-01-01 12:00:00,71.65
2022-01-01 16:00:00,70.27
2022-01-01 20:00:00,70.91
2022-01-02 00:00:00,70.6
2022-01-02 04:00:00,70.82
2022-01-02 08:00:00,69.97
2022-01-02 12:00:00,70.43
2022-01-02 16:00:00,71.56
2022-01-02 20:00:00,72.06
2022-01-03 00:00:00,71.53
2022-01-03 04:00:00,70.86
2022-01-03 08:00:00,73.16
2022-01-03 12:00:00,72.14
2022-01-03 16:00:00,70.9
2022-01-03 20:00:00,71.94
2022-01-04 00:00:00,70.41
2022-01-04 04:00:00,72.2
2022-01-04 08:00:00,72.31
2022-01-04 12:00:00,71.64
2022-01-04 16:00:00,72.11
2022-01-04 20:00:00,72.52
2022-01-05 00:00:00,72.2
2022-01-05 04:00:00,72.16
2022-01-05 08:00:00,71.29
2022-01-05 12:00:00,72.13
2022-01-05 16:00:00,74.58
2022-01-05 20:00:00,75.64
2022-01-06 00:00:00,75.33
2022-01-06 04:00:00,75.35
2022-01-06 08:00:00,74.62
2022-01-06 12:00:00,74.48
2022-01-06 16:00:00,72.58
2022-01-06 20:00:00,73.19
2022-01-07 00:00:00,74.34
2022-01-07 04:00:00,73.93
2022-01-07 08:00:00,72.14
2022-01-07 12:00:00,72.5
2022-01-07 16:00:00,73.7
2022-01-07 20:00:00,73.86
2022-01-08 00:00:00,73.32
2022-01-08 04:00:00,72.52
2022-01-08 08:00:00,71.73
2022-01-08 12:00:00,71.24
2022-01-08 16:00:00,72.1
2022-01-08 20:00:00,71.56
2022-01-09 00:00:00,72.12
2022-01-09 04:00:00,72.11
2022-01-09 08:00:00,70.83
2022-01-09 12:00:00,71.79
2022-01-09 16:00:00,72.73
2022-01-09 20:00:00,73.5
2022-01-10 00:00:00,73.4
2022-01-10 04:00:00,72.93
2022-01-10 08:00:00,73.32
2022-01-10 12:00:00,74.43
2022-01-10 16:00:00,73.71
2022-01-10 20:00:00,74.1
2022-01-11 00:00:00,74.71
2022-01-11 04:00:00,75.86
2022-01-11 08:00:00,76.6
2022-01-11 12:00:00,76.19
2022-01-11 16:00:00,75.54
2022-01-11 20:00:00,75.37
2022-01-12 00:00:00,75.72
2022-01-12 04:00:00,75.55
2022-01-12 08:00:00,74.69
2022-01-12 12:00:00,72.99
2022-01-12 16:00:00,70.89
2022-01-12 20:00:00,71.81
2022-01-13 00:00:00,70.83
2022-01-13 04:00:00,70.46
2022-01-13 08:00:00,69.37
2022-01-13 12:00:00,68.15
2022-01-13 16:00:00,67.38
2022-01-13 20:00:00,67.51
2022-01-14 00:00:00,66.97
2022-01-14 04:00:00,66.57
2022-01-14 08:00:00,65.04
2022-01-14 12:00:00,64.37
2022-01-14 16:00:00,65.04
2022-01-14 20:00:00,65.13
2022-01-15 00:00:00,65.66
2022-01-15 04:00:00,64.88
2022-01-15 08:00:00,64.25
2022-01-15 12:00:00,63.73
2022-01-15 16:00:00,63.34
2022-01-15 20:00:00,62.95
2022-01-16 00:00:00,63.2
2022-01-16 04:00:00,62.26
2022-01-16 08:00:00,62.99
2022-01-16 12:00:00,62.93
2022-01-16 16:00:00,63.1
2022-01-16 20:00:00,62.22
2022-01-17 00:00:00,63.81
2022-01-17 04:00:00,63.97
2022-01-17 08:00:00,61.98
2022-01-17 12:00:00,62.53
2022-01-17 16:00:00,64.04
2022-01-17 20:00:00,65.23
2022-01-18 00:00:00,64.57
2022-01-18 04:00:00,64.21
2022-01-18 08:00:00,64.15
2022-01-18 12:00:00,67.02
2022-01-18 16:00:00,66.69
2022-01-18 20:00:00,67.27
2022-01-19 00:00:00,66.66
2022-01-19 04:00:00,67.43
2022-01-19 08:00:00,66.05
2022-01-19 12:00:00,65.36
2022-01-19 16:00:00,65.71
2022-01-19 20:00:00,65.96
2022-01-20 00:00:00,65.76
2022-01-20 04:00:00,64.93
2022-01-20 08:00:00,63.78
2022-01-20 12:00:00,59.96
2022-01-20 16:00:00,59.73
2022-01-20 20:00:00,65.24
2022-01-21 00:00:00,71.58
2022-01-21 04:00:00,65.08
2022-01-21 08:00:00,65.21
2022-01-21 12:00:00,68.5
2022-01-21 16:00:00,71.55
2022-01-21 20:00:00,77.8
2022-01-22 00:00:00,76.66
2022-01-22 04:00:00,77.6
2022-01-22 08:00:00,78.08
2022-01-22 12:00:00,74.86
2022-01-22 16:00:00,81.96
2022-01-22 20:00:00,81.0
2022-01-23 00:00:00,79.45
2022-01-23 04:00:00,77.65
2022-01-23 08:00:00,77.76
2022-01-23 12:00:00,76.97
2022-01-23 16:00:00,77.58
2022-01-23 20:00:00,77.29
2022-01-24 00:00:00,77.83
2022-01-24 04:00:00,78.05
2022-01-24 08:00:00,81.09
2022-01-24 12:00:00,85.49
2022-01-24 16:00:00,81.75
2022-01-24 20:00:00,78.59
2022-01-25 00:00:00,79.95
2022-01-25 04:00:00,78.5
2022-01-25 08:00:00,77.76
2022-01-25 12:00:00,80.9
2022-01-25 16:00:00,78.93
2022-01-25 20:00:00,81.26
2022-01-26 00:00:00,79.92
2022-01-26 04:00:00,79.75
2022-01-26 08:00:00,80.0
2022-01-26 12:00:00,79.54
2022-01-26 16:00:00,80.63
2022-01-26 20:00:00,80.39
2022-01-27 00:00:00,83.16
2022-01-27 04:00:00,82.06
2022-01-27 08:00:00,79.26
2022-01-27 12:00:00,78.81
2022-01-27 16:00:00,77.77
2022-01-27 20:00:00,80.14
2022-01-28 00:00:00,79.4
2022-01-28 04:00:00,77.48
2022-01-28 08:00:00,77.55
2022-01-28 12:00:00,74.1
2022-01-28 16:00:00,75.84
2022-01-28 20:00:00,74.77
2022-01-29 00:00:00,74.57
2022-01-29 04:00:00,73.48
2022-01-29 08:00:00,74.49
2022-01-29 12:00:00,74.75
2022-01-29 16:00:00,74.33
2022-01-29 20:00:00,75.18
2022-01-30 00:00:00,74.3
2022-01-30 04:00:00,73.67
2022-01-30 08:00:00,72.34
2022-01-30 12:00:00,73.7
2022-01-30 16:00:00,74.39
2022-01-30 20:00:00,74.32
2022-01-31 00:00:00,74.02
2022-01-31 04:00:00,71.5
2022-01-31 08:00:00,70.83
2022-01-31 12:00:00,70.67
2022-01-31 16:00:00,70.48
2022-01-31 20:00:00,70.99
2022-02-01 00:00:00,70.62
2022-02-01 04:00:00,70.39
2022-02-01 08:00:00,69.83
2022-02-01 12:00:00,70.9
2022-02-01 16:00:00,71.64
2022-02-01 20:00:00,71.81
2022-02-02 00:00:00,72.02
2022-02-02 04:00:00,71.72
2022-02-02 08:00:00,71.07
2022-02-02 12:00:00,72.79
2022-02-02 16:00:00,73.03
2022-02-02 20:00:00,75.0
2022-02-03 00:00:00,74.08
2022-02-03 04:00:00,73.58
2022-02-03 08:00:00,73.14
2022-02-03 12:00:00,72.91
2022-02-03 16:00:00,73.48
2022-02-03 20:00:00,74.14
2022-02-04 00:00:00,72.92
2022-02-04 04:00:00,71.16
2022-02-04 08:00:00,68.97
2022-02-04 12:00:00,71.61
2022-02-04 16:00:00,70.99
2022-02-04 20:00:00,70.14
2022-02-05 00:00:00,65.99
2022-02-05 04:00:00,65.05
2022-02-05 08:00:00,65.22
2022-02-05 12:00:00,70.83
2022-02-05 16:00:00,68.76
2022-02-05 20:00:00,67.37
2022-02-06 00:00:00,67.43
2022-02-06 04:00:00,67.95
2022-02-06 08:00:00,68.14
2022-02-06 12:00:00,68.45
2022-02-06 16:00:00,70.42
2022-02-06 20:00:00,70.69
2022-02-07 00:00:00,71.86
2022-02-07 04:00:00,71.32
2022-02-07 08:00:00,69.59
2022-02-07 12:00:00,70.26
2022-02-07 16:00:00,70.27
2022-02-07 20:00:00,69.18
2022-02-08 00:00:00,69.23
2022-02-08 04:00:00,70.8
2022-02-08 08:00:00,69.76
2022-02-08 12:00:00,70.61
2022-02-08 16:00:00,69.53
2022-02-08 20:00:00,70.27
2022-02-09 00:00:00,70.88
2022-02-09 04:00:00,70.26
2022-02-09 08:00:00,70.1
2022-02-09 12:00:00,70.1
2022-02-09 16:00:00,69.75
2022-02-09 20:00:00,69.81
2022-02-10 00:00:00,70.49
2022-02-10 04:00:00,70.78
2022-02-10 08:00:00,68.69
2022-02-10 12:00:00,68.31
2022-02-10 16:00:00,69.13
2022-02-10 20:00:00,70.81
2022-02-11 00:00:00,70.56
2022-02-11 04:00:00,69.16
2022-02-11 08:00:00,67.27
2022-02-11 12:00:00,67.02
2022-02-11 16:00:00,72.1
2022-02-11 20:00:00,72.34
2022-02-12 00:00:00,71.97
2022-02-12 04:00:00,72.25
2022-02-12 08:00:00,73.03
2022-02-12 12:00:00,73.11
2022-02-12 16:00:00,72.41
2022-02-12 20:00:00,71.32
2022-02-13 00:00:00,71.57
2022-02-13 04:00:00,71.14
2022-02-13 08:00:00,70.53
2022-02-13 12:00:00,70.64
2022-02-13 16:00:00,71.39
2022-02-13 20:00:00,73.05
2022-02-14 00:00:00,72.76
2022-02-14 04:00:00,71.8
2022-02-14 08:00:00,71.98
2022-02-14 12:00:00,70.87
2022-02-14 16:00:00,72.4
2022-02-14 20:00:00,72.16
2022-02-15 00:00:00,69.49
2022-02-15 04:00:00,69.62
2022-02-15 08:00:00,70.04
2022-02-15 12:00:00,70.46
2022-02-15 16:00:00,70.48
2022-02-15 20:00:00,70.59
2022-02-16 00:00:00,70.64
2022-02-16 04:00:00,70.59
2022-02-16 08:00:00,70.13
2022-02-16 12:00:00,70.38
2022-02-16 16:00:00,68.97
2022-02-16 20:00:00,68.07
2022-02-17 00:00:00,65.7
2022-02-17 04:00:00,65.41
2022-02-17 08:00:00,66.24
2022-02-17 12:00:00,67.42
2022-02-17 16:00:00,69.95
2022-02-17 20:00:00,71.54
2022-02-18 00:00:00,69.45
2022-02-18 04:00:00,68.38
2022-02-18 08:00:00,67.86
2022-02-18 12:00:00,69.08
2022-02-18 16:00:00,68.79
2022-02-18 20:00:00,68.83
2022-02-19 00:00:00,68.66
2022-02-19 04:00:00,67.99
2022-02-19 08:00:00,67.89
2022-02-19 12:00:00,67.81
2022-02-19 16:00:00,68.34
2022-02-19 20:00:00,67.72
2022-02-20 00:00:00,67.71
2022-02-20 04:00:00,71.46
2022-02-20 08:00:00,70.89
2022-02-20 12:00:00,71.8
2022-02-20 16:00:00,72.21
2022-02-20 20:00:00,73.92
2022-02-21 00:00:00,72.0
2022-02-21 04:00:00,70.1
2022-02-21 08:00:00,73.1
2022-02-21 12:00:00,72.83
2022-02-21 16:00:00,76.04
2022-02-21 20:00:00,77.69
2022-02-22 00:00:00,79.78
2022-02-22 04:00:00,78.85
2022-02-22 08:00:00,77.42
2022-02-22 12:00:00,76.09
2022-02-22 16:00:00,75.15
2022-02-22 20:00:00,75.22
2022-02-23 00:00:00,74.49
2022-02-23 04:00:00,72.43
2022-02-23 08:00:00,71.44
2022-02-23 12:00:00,71.58
2022-02-23 16:00:00,73.66
2022-02-23 20:00:00,73.78
2022-02-24 00:00:00,85.21
2022-02-24 04:00:00,85.41
2022-02-24 08:00:00,85.06
2022-02-24 12:00:00,82.57
2022-02-24 16:00:00,78.95
2022-02-24 20:00:00,79.88
2022-02-25 00:00:00,77.39
2022-02-25 04:00:00,74.82
2022-02-25 08:00:00,72.7
2022-02-25 12:00:00,73.07
2022-02-25 16:00:00,70.69
2022-02-25 20:00:00,71.44
2022-02-26 00:00:00,70.82
2022-02-26 04:00:00,70.55
2022-02-26 08:00:00,70.97
2022-02-26 12:00:00,70.03
2022-02-26 16:00:00,70.24
2022-02-26 20:00:00,72.49
2022-02-27 00:00:00,73.55
2022-02-27 04:00:00,72.98
2022-02-27 08:00:00,72.4
2022-02-27 12:00:00,75.4
2022-02-27 16:00:00,79.66
2022-02-27 20:00:00,80.65
2022-02-28 00:00:00,78.52
2022-02-28 04:00:00,77.8
2022-02-28 08:00:00,78.5
2022-02-28 12:00:00,79.29
2022-02-28 16:00:00,75.52
2022-02-28 20:00:00,77.47
2022-03-01 00:00:00,77.33
2022-03-01 04:00:00,75.88
2022-03-01 08:00:00,74.69
2022-03-01 12:00:00,75.41
2022-03-01 16:00:00,75.81
2022-03-01 20:00:00,76.99
2022-03-02 00:00:00,76.7
2022-03-02 04:00:00,75.38
2022-03-02 08:00:00,74.59
2022-03-02 12:00:00,74.33
2022-03-02 16:00:00,73.96
2022-03-02 20:00:00,73.8
2022-03-03 00:00:00,73.79
2022-03-03 04:00:00,73.58
2022-03-03 08:00:00,73.65
2022-03-03 12:00:00,75.6
2022-03-03 16:00:00,75.72
2022-03-03 20:00:00,73.7
2022-03-04 00:00:00,75.25
2022-03-04 04:00:00,74.26
2022-03-04 08:00:00,72.86
2022-03-04 12:00:00,76.96
2022-03-04 16:00:00,78.9
2022-03-04 20:00:00,79.28
2022-03-05 00:00:00,78.09
2022-03-05 04:00:00,77.73
2022-03-05 08:00:00,76.95
2022-03-05 12:00:00,77.18
2022-03-05 16:00:00,77.5
2022-03-05 20:00:00,77.39
2022-03-06 00:00:00,77.1
2022-03-06 04:00:00,76.64
2022-03-06 08:00:00,78.06
2022-03-06 12:00:00,77.11
2022-03-06 16:00:00,77.81
2022-03-06 20:00:00,79.72
2022-03-07 00:00:00,79.42
2022-03-07 04:00:00,79.21
2022-03-07 08:00:00,78.64
2022-03-07 12:00:00,78.21
2022-03-07 16:00:00,80.08
2022-03-07 20:00:00,80.7
2022-03-08 00:00:00,80.04
2022-03-08 04:00:00,82.27
2022-03-08 08:00:00,81.75
2022-03-08 12:00:00,81.11
2022-03-08 16:00:00,80.61
2022-03-08 20:00:00,80.93
2022-03-09 00:00:00,79.77
2022-03-09 04:00:00,78.99
2022-03-09 08:00:00,79.6
2022-03-09 12:00:00,80.17
2022-03-09 16:00:00,80.92
2022-03-09 20:00:00,81.01
2022-03-10 00:00:00,81.13
2022-03-10 04:00:00,81.98
2022-03-10 08:00:00,82.31
2022-03-10 12:00:00,82.79
2022-03-10 16:00:00,80.87
2022-03-10 20:00:00,80.13
2022-03-11 00:00:00,79.79
2022-03-11 04:00:00,78.38
2022-03-11 08:00:00,78.18
2022-03-11 12:00:00,78.48
2022-03-11 16:00:00,78.19
2022-03-11 20:00:00,79.73
2022-03-12 00:00:00,79.93
2022-03-12 04:00:00,79.31
2022-03-12 08:00:00,79.24
2022-03-12 12:00:00,80.98
2022-03-12 16:00:00,81.25
2022-03-12 20:00:00,81.13
2022-03-13 00:00:00,80.67
2022-03-13 04:00:00,80.94
2022-03-13 08:00:00,81.3
2022-03-13 12:00:00,80.94
2022-03-13 16:00:00,81.03
2022-03-13 20:00:00,82.47
2022-03-14 00:00:00,82.57
2022-03-14 04:00:00,82.07
2022-03-14 08:00:00,81.79
2022-03-14 12:00:00,81.78
2022-03-14 16:00:00,82.84
2022-03-14 20:00:00,82.43
2022-03-15 00:00:00,81.21
2022-03-15 04:00:00,82.55
2022-03-15 08:00:00,83.07
2022-03-15 12:00:00,83.62
2022-03-15 16:00:00,82.51
2022-03-15 20:00:00,81.98
2022-03-16 00:00:00,83.83
2022-03-16 04:00:00,83.36
2022-03-16 08:00:00,82.38
2022-03-16 12:00:00,82.43
2022-03-16 16:00:00,80.07
2022-03-16 20:00:00,81.79
2022-03-17 00:00:00,79.62
2022-03-17 04:00:00,79.32
2022-03-17 08:00:00,77.64
2022-03-17 12:00:00,76.38
2022-03-17 16:00:00,75.24
2022-03-17 20:00:00,75.18
2022-03-18 00:00:00,75.73
2022-03-18 04:00:00,74.15
2022-03-18 08:00:00,73.6
2022-03-18 12:00:00,72.71
2022-03-18 16:00:00,71.68
2022-03-18 20:00:00,70.75
2022-03-19 00:00:00,70.63
2022-03-19 04:00:00,70.39
2022-03-19 08:00:00,69.8
2022-03-19 12:00:00,70.41
2022-03-19 16:00:00,70.62
2022-03-19 20:00:00,71.66
2022-03-20 00:00:00,71.64
2022-03-20 04:00:00,71.88
2022-03-20 08:00:00,72.35
2022-03-20 12:00:00,72.31
2022-03-20 16:00:00,72.25
2022-03-20 20:00:00,72.67
2022-03-21 00:00:00,72.95
2022-03-21 04:00:00,73.57
2022-03-21 08:00:00,72.53
2022-03-21 12:00:00,72.31
2022-03-21 16:00:00,71.94
2022-03-21 20:00:00,71.8
2022-03-22 00:00:00,73.57
2022-03-22 04:00:00,73.57
2022-03-22 08:00:00,72.72
2022-03-22 12:00:00,71.5
2022-03-22 16:00:00,71.16
2022-03-22 20:00:00,71.19
2022-03-23 00:00:00,70.97
2022-03-23 04:00:00,70.4
2022-03-23 08:00:00,70.14
2022-03-23 12:00:00,70.09
2022-03-23 16:00:00,69.73
2022-03-23 20:00:00,69.58
2022-03-24 00:00:00,69.11
2022-03-24 04:00:00,68.31
2022-03-24 08:00:00,66.63
2022-03-24 12:00:00,66.59
2022-03-24 16:00:00,65.69
2022-03-24 20:00:00,65.47
2022-03-25 00:00:00,65.65
2022-03-25 04:00:00,65.44
2022-03-25 08:00:00,64.78
2022-03-25 12:00:00,62.88
2022-03-25 16:00:00,62.63
2022-03-25 20:00:00,62.41
2022-03-26 00:00:00,61.68
2022-03-26 04:00:00,61.98
2022-03-26 08:00:00,62.35
2022-03-26 12:00:00,63.4
2022-03-26 16:00:00,63.78
2022-03-26 20:00:00,66.62
2022-03-27 00:00:00,65.95
2022-03-27 04:00:00,66.25
2022-03-27 08:00:00,66.09
2022-03-27 12:00:00,66.71
2022-03-27 16:00:00,67.78
2022-03-27 20:00:00,68.62
2022-03-28 00:00:00,67.91
2022-03-28 04:00:00,65.86
2022-03-28 08:00:00,65.69
2022-03-28 12:00:00,63.75
2022-03-28 16:00:00,63.21
2022-03-28 20:00:00,63.04
2022-03-29 00:00:00,62.51
2022-03-29 04:00:00,62.1
2022-03-29 08:00:00,62.27
2022-03-29 12:00:00,61.87
2022-03-29 16:00:00,62.21
2022-03-29 20:00:00,62.04
2022-03-30 00:00:00,61.53
2022-03-30 04:00:00,60.98
2022-03-30 08:00:00,62.07
2022-03-30 12:00:00,62.16
2022-03-30 16:00:00,62.35
2022-03-30 20:00:00,62.44
2022-03-31 00:00:00,62.76
2022-03-31 04:00:00,62.57
2022-03-31 08:00:00,62.02
2022-03-31 12:00:00,61.94
2022-03-31 16:00:00,62.78
2022-03-31 20:00:00,64.11
2022-04-01 00:00:00,63.6
2022-04-01 04:00:00,61.78
2022-04-01 08:00:00,60.1
2022-04-01 12:00:00,59.66
2022-04-01 16:00:00,59.26
2022-04-01 20:00:00,59.54
2022-04-02 00:00:00,59.33
2022-04-02 04:00:00,59.47
2022-04-02 08:00:00,58.8
2022-04-02 12:00:00,58.85
2022-04-02 16:00:00,59.15
2022-04-02 20:00:00,59.26
2022-04-03 00:00:00,59.0
2022-04-03 04:00:00,58.79
2022-04-03 08:00:00,58.67
2022-04-03 12:00:00,58.33
2022-04-03 16:00:00,58.62
2022-04-03 20:00:00,59.47
2022-04-04 00:00:00,60.22
2022-04-04 04:00:00,60.14
2022-04-04 08:00:00,60.89
2022-04-04 12:00:00,61.53
2022-04-04 16:00:00,61.27
2022-04-04 20:00:00,60.54
2022-04-05 00:00:00,60.17
2022-04-05 04:00:00,60.69
2022-04-05 08:00:00,61.08
2022-04-05 12:00:00,62.12
2022-04-05 16:00:00,62.68
2022-04-05 20:00:00,62.88
2022-04-06 00:00:00,63.91
2022-04-06 04:00:00,63.46
2022-04-06 08:00:00,63.85
2022-04-06 12:00:00,64.15
2022-04-06 16:00:00,64.82
2022-04-06 20:00:00,66.05
2022-04-07 00:00:00,65.51
2022-04-07 04:00:00,64.02
2022-04-07 08:00:00,62.2
2022-04-07 12:00:00,62.54
2022-04-07 16:00:00,61.99
2022-04-07 20:00:00,61.74
2022-04-08 00:00:00,60.69
2022-04-08 04:00:00,59.98
2022-04-08 08:00:00,60.05
2022-04-08 12:00:00,60.11
2022-04-08 16:00:00,60.93
2022-04-08 20:00:00,62.19
2022-04-09 00:00:00,60.53
2022-04-09 04:00:00,59.78
2022-04-09 08:00:00,59.49
2022-04-09 12:00:00,59.76
2022-04-09 16:00:00,59.23
2022-04-09 20:00:00,59.72
2022-04-10 00:00:00,59.75
2022-04-10 04:00:00,59.22
2022-04-10 08:00:00,58.01
2022-04-10 12:00:00,59.57
2022-04-10 16:00:00,59.64
2022-04-10 20:00:00,61.08
2022-04-11 00:00:00,60.48
2022-04-11 04:00:00,60.66
2022-04-11 08:00:00,63.0
2022-04-11 12:00:00,67.08
2022-04-11 16:00:00,68.03
2022-04-11 20:00:00,68.28
2022-04-12 00:00:00,67.61
2022-04-12 04:00:00,66.39
2022-04-12 08:00:00,66.37
2022-04-12 12:00:00,65.95
2022-04-12 16:00:00,65.96
2022-04-12 20:00:00,65.22
2022-04-13 00:00:00,65.98
2022-04-13 04:00:00,65.51
2022-04-13 08:00:00,65.89
2022-04-13 12:00:00,64.77
2022-04-13 16:00:00,64.38
2022-04-13 20:00:00,63.61
2022-04-14 00:00:00,61.86
2022-04-14 04:00:00,61.64
2022-04-14 08:00:00,60.37
2022-04-14 12:00:00,62.21
2022-04-14 16:00:00,62.21
2022-04-14 20:00:00,62.1
2022-04-15 00:00:00,61.63
2022-04-15 04:00:00,60.74
2022-04-15 08:00:00,60.12
2022-04-15 12:00:00,60.26
2022-04-15 16:00:00,60.31
2022-04-15 20:00:00,60.4
2022-04-16 00:00:00,60.47
2022-04-16 04:00:00,60.2
2022-04-16 08:00:00,60.93
2022-04-16 12:00:00,60.43
2022-04-16 16:00:00,60.66
2022-04-16 20:00:00,61.05
2022-04-17 00:00:00,61.26
2022-04-17 04:00:00,61.63
2022-04-17 08:00:00,62.66
2022-04-17 12:00:00,63.02
2022-04-17 16:00:00,63.55
2022-04-17 20:00:00,63.59
2022-04-18 00:00:00,62.64
2022-04-18 04:00:00,64.18
2022-04-18 08:00:00,63.89
2022-04-18 12:00:00,63.66
2022-04-18 16:00:00,63.44
2022-04-18 20:00:00,63.47
2022-04-19 00:00:00,62.64
2022-04-19 04:00:00,62.05
2022-04-19 08:00:00,61.74
2022-04-19 12:00:00,61.63
2022-04-19 16:00:00,61.54
2022-04-19 20:00:00,62.46
2022-04-20 00:00:00,62.34
2022-04-20 04:00:00,62.23
2022-04-20 08:00:00,61.54
2022-04-20 12:00:00,61.47
2022-04-20 16:00:00,62.02
2022-04-20 20:00:00,62.19
2022-04-21 00:00:00,61.81
2022-04-21 04:00:00,61.46
2022-04-21 08:00:00,60.64
2022-04-21 12:00:00,61.73
2022-04-21 16:00:00,62.16
2022-04-21 20:00:00,63.51
2022-04-22 00:00:00,62.39
2022-04-22 04:00:00,61.41
2022-04-22 08:00:00,59.99
2022-04-22 12:00:00,61.48
2022-04-22 16:00:00,61.94
2022-04-22 20:00:00,61.12
2022-04-23 00:00:00,61.25
2022-04-23 04:00:00,60.39
2022-04-23 08:00:00,60.43
2022-04-23 12:00:00,60.94
2022-04-23 16:00:00,61.25
2022-04-23 20:00:00,61.34
2022-04-24 00:00:00,61.05
2022-04-24 04:00:00,61.54
2022-04-24 08:00:00,61.49
2022-04-24 12:00:00,61.56
2022-04-24 16:00:00,61.98
2022-04-24 20:00:00,62.62
2022-04-25 00:00:00,62.81
2022-04-25 04:00:00,63.75
2022-04-25 08:00:00,65.18
2022-04-25 12:00:00,65.91
2022-04-25 16:00:00,66.32
2022-04-25 20:00:00,65.57
2022-04-26 00:00:00,64.36
2022-04-26 04:00:00,64.11
2022-04-26 08:00:00,63.75
2022-04-26 12:00:00,66.2
2022-04-26 16:00:00,66.54
2022-04-26 20:00:00,66.78
2022-04-27 00:00:00,66.45
2022-04-27 04:00:00,65.77
2022-04-27 08:00:00,65.08
2022-04-27 12:00:00,65.98
2022-04-27 16:00:00,65.55
2022-04-27 20:00:00,65.09
2022-04-28 00:00:00,64.98
2022-04-28 04:00:00,64.31
2022-04-28 08:00:00,63.24
2022-04-28 12:00:00,63.0
2022-04-28 16:00:00,62.64
2022-04-28 20:00:00,63.0
2022-04-29 00:00:00,62.58
2022-04-29 04:00:00,59.5
2022-04-29 08:00:00,58.33
2022-04-29 12:00:00,60.33
2022-04-29 16:00:00,60.98
2022-04-29 20:00:00,60.54
2022-04-30 00:00:00,59.85
2022-04-30 04:00:00,59.37
2022-04-30 08:00:00,57.2
2022-04-30 12:00:00,59.57
2022-04-30 16:00:00,60.54
2022-04-30 20:00:00,62.23
2022-05-01 00:00:00,59.1
2022-05-01 04:00:00,59.58
2022-05-01 08:00:00,62.11
2022-05-01 12:00:00,61.1
2022-05-01 16:00:00,62.47
2022-05-01 20:00:00,62.44
2022-05-02 00:00:00,61.54
2022-05-02 04:00:00,61.59
2022-05-02 08:00:00,61.36
2022-05-02 12:00:00,62.93
2022-05-02 16:00:00,62.5
2022-05-02 20:00:00,62.42
2022-05-03 00:00:00,60.33
2022-05-03 04:00:00,62.06
2022-05-03 08:00:00,62.61
2022-05-03 12:00:00,63.02
2022-05-03 16:00:00,63.91
2022-05-03 20:00:00,64.92
2022-05-04 00:00:00,64.0
2022-05-04 04:00:00,63.95
2022-05-04 08:00:00,63.84
2022-05-04 12:00:00,64.56
2022-05-04 16:00:00,60.63
2022-05-04 20:00:00,60.58
2022-05-05 00:00:00,59.43
2022-05-05 04:00:00,58.93
2022-05-05 08:00:00,59.04
2022-05-05 12:00:00,65.8
2022-05-05 16:00:00,64.87
2022-05-05 20:00:00,63.13
2022-05-06 00:00:00,62.8
2022-05-06 04:00:00,62.3
2022-05-06 08:00:00,62.53
2022-05-06 12:00:00,63.91
2022-05-06 16:00:00,62.86
2022-05-06 20:00:00,62.19
2022-05-07 00:00:00,62.69
2022-05-07 04:00:00,62.9
2022-05-07 08:00:00,61.49
2022-05-07 12:00:00,61.14
2022-05-07 16:00:00,63.37
2022-05-07 20:00:00,64.87
2022-05-08 00:00:00,66.72
2022-05-08 04:00:00,66.92
2022-05-08 08:00:00,65.63
2022-05-08 12:00:00,67.03
2022-05-08 16:00:00,66.81
2022-05-08 20:00:00,68.59
2022-05-09 00:00:00,69.95
2022-05-09 04:00:00,70.29
2022-05-09 08:00:00,74.27
2022-05-09 12:00:00,76.15
2022-05-09 16:00:00,84.78
2022-05-09 20:00:00,84.91
2022-05-10 00:00:00,83.24
2022-05-10 04:00:00,78.17
2022-05-10 08:00:00,78.17
2022-05-10 12:00:00,78.72
2022-05-10 16:00:00,78.16
2022-05-10 20:00:00,81.61
2022-05-11 00:00:00,81.1
2022-05-11 04:00:00,86.03
2022-05-11 08:00:00,84.23
2022-05-11 12:00:00,89.16
2022-05-11 16:00:00,101.85
2022-05-11 20:00:00,101.25
2022-05-12 00:00:00,110.89
2022-05-12 04:00:00,119.9
2022-05-12 08:00:00,121.12
2022-05-12 12:00:00,124.18
2022-05-12 16:00:00,124.29
2022-05-12 20:00:00,114.58
2022-05-13 00:00:00,96.19
2022-05-13 04:00:00,93.81
2022-05-13 08:00:00,95.25
2022-05-13 12:00:00,92.84
2022-05-13 16:00:00,100.32
2022-05-13 20:00:00,99.66
2022-05-14 00:00:00,97.67
2022-05-14 04:00:00,96.6
2022-05-14 08:00:00,97.68
2022-05-14 12:00:00,98.88
2022-05-14 16:00:00,97.1
2022-05-14 20:00:00,93.57
2022-05-15 00:00:00,95.24
2022-05-15 04:00:00,95.37
2022-05-15 08:00:00,92.87
2022-05-15 12:00:00,94.43
2022-05-15 16:00:00,94.27
2022-05-15 20:00:00,92.34
2022-05-16 00:00:00,93.56
2022-05-16 04:00:00,95.23
2022-05-16 08:00:00,94.91
2022-05-16 12:00:00,95.41
2022-05-16 16:00:00,96.84
2022-05-16 20:00:00,96.37
2022-05-17 00:00:00,95.26
2022-05-17 04:00:00,95.04
2022-05-17 08:00:00,92.9
2022-05-17 12:00:00,89.02
2022-05-17 16:00:00,91.63
2022-05-17 20:00:00,91.46
2022-05-18 00:00:00,91.89
2022-05-18 04:00:00,91.41
2022-05-18 08:00:00,90.28
2022-05-18 12:00:00,95.34
2022-05-18 16:00:00,96.23
2022-05-18 20:00:00,100.59
2022-05-19 00:00:00,99.6
2022-05-19 04:00:00,98.05
2022-05-19 08:00:00,95.82
2022-05-19 12:00:00,93.99
2022-05-19 16:00:00,93.21
2022-05-19 20:00:00,91.11
2022-05-20 00:00:00,89.14
2022-05-20 04:00:00,84.52
2022-05-20 08:00:00,84.45
2022-05-20 12:00:00,88.83
2022-05-20 16:00:00,89.63
2022-05-20 20:00:00,88.56
2022-05-21 00:00:00,86.53
2022-05-21 04:00:00,85.6
2022-05-21 08:00:00,85.1
2022-05-21 12:00:00,84.44
2022-05-21 16:00:00,84.61
2022-05-21 20:00:00,84.12
2022-05-22 00:00:00,84.74
2022-05-22 04:00:00,84.13
2022-05-22 08:00:00,83.93
2022-05-22 12:00:00,82.82
2022-05-22 16:00:00,82.4
2022-05-22 20:00:00,82.49
2022-05-23 00:00:00,82.27
2022-05-23 04:00:00,80.39
2022-05-23 08:00:00,80.6
2022-05-23 12:00:00,80.84
2022-05-23 16:00:00,83.39
2022-05-23 20:00:00,82.54
2022-05-24 00:00:00,80.81
2022-05-24 04:00:00,81.35
2022-05-24 08:00:00,82.1
2022-05-24 12:00:00,82.78
2022-05-24 16:00:00,83.03
2022-05-24 20:00:00,82.27
2022-05-25 00:00:00,80.55
2022-05-25 04:00:00,82.34
2022-05-25 08:00:00,83.09
2022-05-25 12:00:00,82.17
2022-05-25 16:00:00,82.23
2022-05-25 20:00:00,82.57
2022-05-26 00:00:00,80.88
2022-05-26 04:00:00,80.93
2022-05-26 08:00:00,85.29
2022-05-26 12:00:00,82.72
2022-05-26 16:00:00,80.9
2022-05-26 20:00:00,81.63
2022-05-27 00:00:00,82.87
2022-05-27 04:00:00,81.99
2022-05-27 08:00:00,82.04
2022-05-27 12:00:00,82.07
2022-05-27 16:00:00,83.6
2022-05-27 20:00:00,84.72
2022-05-28 00:00:00,83.72
2022-05-28 04:00:00,83.26
2022-05-28 08:00:00,82.63
2022-05-28 12:00:00,81.15
2022-05-28 16:00:00,80.92
2022-05-28 20:00:00,80.91
2022-05-29 00:00:00,82.01
2022-05-29 04:00:00,81.14
2022-05-29 08:00:00,80.3
2022-05-29 12:00:00,80.92
2022-05-29 16:00:00,81.73
2022-05-29 20:00:00,81.2
2022-05-30 00:00:00,79.34
2022-05-30 04:00:00,75.44
2022-05-30 08:00:00,75.93
2022-05-30 12:00:00,73.6
2022-05-30 16:00:00,72.88
2022-05-30 20:00:00,75.39
2022-05-31 00:00:00,73.9
2022-05-31 04:00:00,73.61
2022-05-31 08:00:00,72.58
2022-05-31 12:00:00,72.86
2022-05-31 16:00:00,74.19
2022-05-31 20:00:00,73.06
2022-06-01 00:00:00,72.74
2022-06-01 04:00:00,72.61
2022-06-01 08:00:00,72.21
2022-06-01 12:00:00,73.95
2022-06-01 16:00:00,74.82
2022-06-01 20:00:00,74.75
2022-06-02 00:00:00,73.61
2022-06-02 04:00:00,72.97
2022-06-02 08:00:00,71.92
2022-06-02 12:00:00,73.62
2022-06-02 16:00:00,73.68
2022-06-02 20:00:00,73.43
2022-06-03 00:00:00,72.84
2022-06-03 04:00:00,71.67
2022-06-03 08:00:00,72.87
2022-06-03 12:00:00,73.31
2022-06-03 16:00:00,72.06
2022-06-03 20:00:00,71.33
2022-06-04 00:00:00,70.85
2022-06-04 04:00:00,70.48
2022-06-04 08:00:00,70.36
2022-06-04 12:00:00,70.67
2022-06-04 16:00:00,71.28
2022-06-04 20:00:00,70.96
2022-06-05 00:00:00,69.71
2022-06-05 04:00:00,69.83
2022-06-05 08:00:00,71.5
2022-06-05 12:00:00,71.45
2022-06-05 16:00:00,71.25
2022-06-05 20:00:00,72.04
2022-06-06 00:00:00,70.46
2022-06-06 04:00:00,69.77
2022-06-06 08:00:00,69.16
2022-06-06 12:00:00,68.59
2022-06-06 16:00:00,68.11
2022-06-06 20:00:00,68.51
2022-06-07 00:00:00,71.69
2022-06-07 04:00:00,71.54
2022-06-07 08:00:00,71.8
2022-06-07 12:00:00,71.2
2022-06-07 16:00:00,70.72
2022-06-07 20:00:00,71.51
2022-06-08 00:00:00,72.72
2022-06-08 04:00:00,71.28
2022-06-08 08:00:00,71.94
2022-06-08 12:00:00,72.27
2022-06-08 16:00:00,72.17
2022-06-08 20:00:00,71.7
2022-06-09 00:00:00,70.85
2022-06-09 04:00:00,70.86
2022-06-09 08:00:00,71.04
2022-06-09 12:00:00,71.96
2022-06-09 16:00:00,71.84
2022-06-09 20:00:00,72.57
2022-06-10 00:00:00,73.0
2022-06-10 04:00:00,72.45
2022-06-10 08:00:00,72.99
2022-06-10 12:00:00,73.53
2022-06-10 16:00:00,73.64
2022-06-10 20:00:00,72.55
2022-06-11 00:00:00,71.97
2022-06-11 04:00:00,71.43
2022-06-11 08:00:00,72.82
2022-06-11 12:00:00,74.65
2022-06-11 16:00:00,74.32
2022-06-11 20:00:00,75.05
2022-06-12 00:00:00,76.63
2022-06-12 04:00:00,79.24
2022-06-12 08:00:00,76.04
2022-06-12 12:00:00,75.9
2022-06-12 16:00:00,77.33
2022-06-12 20:00:00,93.99
2022-06-13 00:00:00,99.15
2022-06-13 04:00:00,97.59
2022-06-13 08:00:00,104.9
2022-06-13 12:00:00,106.36
2022-06-13 16:00:00,104.13
2022-06-13 20:00:00,106.0
2022-06-14 00:00:00,105.71
2022-06-14 04:00:00,99.95
2022-06-14 08:00:00,100.67
2022-06-14 12:00:00,100.68
2022-06-14 16:00:00,100.64
2022-06-14 20:00:00,103.09
2022-06-15 00:00:00,104.14
2022-06-15 04:00:00,114.3
2022-06-15 08:00:00,121.68
2022-06-15 12:00:00,108.94
2022-06-15 16:00:00,100.74
2022-06-15 20:00:00,89.15
2022-06-16 00:00:00,90.51
2022-06-16 04:00:00,91.68
2022-06-16 08:00:00,100.02
2022-06-16 12:00:00,108.22
2022-06-16 16:00:00,112.47
2022-06-16 20:00:00,119.65
2022-06-17 00:00:00,119.48
2022-06-17 04:00:00,111.11
2022-06-17 08:00:00,106.26
2022-06-17 12:00:00,110.25
2022-06-17 16:00:00,109.49
2022-06-17 20:00:00,108.67
2022-06-18 00:00:00,108.03
2022-06-18 04:00:00,122.11
2022-06-18 08:00:00,117.8
2022-06-18 12:00:00,119.4
2022-06-18 16:00:00,125.11
2022-06-18 20:00:00,115.03
2022-06-19 00:00:00,116.14
2022-06-19 04:00:00,113.22
2022-06-19 08:00:00,110.57
2022-06-19 12:00:00,111.14
2022-06-19 16:00:00,111.36
2022-06-19 20:00:00,109.97
2022-06-20 00:00:00,111.78
2022-06-20 04:00:00,109.88
2022-06-20 08:00:00,102.62
2022-06-20 12:00:00,101.73
2022-06-20 16:00:00,101.64
2022-06-20 20:00:00,99.27
2022-06-21 00:00:00,99.01
2022-06-21 04:00:00,95.51
2022-06-21 08:00:00,95.38
2022-06-21 12:00:00,94.54
2022-06-21 16:00:00,98.03
2022-06-21 20:00:00,97.96
2022-06-22 00:00:00,98.95
2022-06-22 04:00:00,99.43
2022-06-22 08:00:00,97.07
2022-06-22 12:00:00,98.62
2022-06-22 16:00:00,98.58
2022-06-22 20:00:00,99.76
2022-06-23 00:00:00,98.59
2022-06-23 04:00:00,97.23
2022-06-23 08:00:00,96.06
2022-06-23 12:00:00,96.24
2022-06-23 16:00:00,92.82
2022-06-23 20:00:00,91.46
2022-06-24 00:00:00,92.77
2022-06-24 04:00:00,92.03
2022-06-24 08:00:00,88.54
2022-06-24 12:00:00,90.13
2022-06-24 16:00:00,90.13
2022-06-24 20:00:00,90.66
2022-06-25 00:00:00,89.39
2022-06-25 04:00:00,88.43
2022-06-25 08:00:00,87.71
2022-06-25 12:00:00,88.24
2022-06-25 16:00:00,87.56
2022-06-25 20:00:00,86.66
2022-06-26 00:00:00,86.97
2022-06-26 04:00:00,87.1
2022-06-26 08:00:00,86.77
2022-06-26 12:00:00,87.79
2022-06-26 16:00:00,88.73
2022-06-26 20:00:00,90.26
2022-06-27 00:00:00,89.28
2022-06-27 04:00:00,88.33
2022-06-27 08:00:00,88.6
2022-06-27 12:00:00,89.92
2022-06-27 16:00:00,89.08
2022-06-27 20:00:00,89.09
2022-06-28 00:00:00,89.26
2022-06-28 04:00:00,88.48
2022-06-28 08:00:00,86.99
2022-06-28 12:00:00,86.39
2022-06-28 16:00:00,86.98
2022-06-28 20:00:00,87.5
2022-06-29 00:00:00,86.81
2022-06-29 04:00:00,88.95
2022-06-29 08:00:00,88.95
2022-06-29 12:00:00,91.08
2022-06-29 16:00:00,90.74
2022-06-29 20:00:00,91.37
2022-06-30 00:00:00,91.48
2022-06-30 04:00:00,96.32
2022-06-30 08:00:00,97.58
2022-06-30 12:00:00,95.63
2022-06-30 16:00:00,95.52
2022-06-30 20:00:00,94.14
2022-07-01 00:00:00,94.21
2022-07-01 04:00:00,93.62
2022-07-01 08:00:00,91.74
2022-07-01 12:00:00,91.82
2022-07-01 16:00:00,92.57
2022-07-01 20:00:00,92.97
2022-07-02 00:00:00,93.49
2022-07-02 04:00:00,91.96
2022-07-02 08:00:00,91.49
2022-07-02 12:00:00,91.67
2022-07-02 16:00:00,91.25
2022-07-02 20:00:00,92.23
2022-07-03 00:00:00,91.38
2022-07-03 04:00:00,93.0
2022-07-03 08:00:00,92.67
2022-07-03 12:00:00,93.78
2022-07-03 16:00:00,93.06
2022-07-03 20:00:00,92.07
2022-07-04 00:00:00,92.18
2022-07-04 04:00:00,91.82
2022-07-04 08:00:00,88.61
2022-07-04 12:00:00,88.83
2022-07-04 16:00:00,88.09
2022-07-04 20:00:00,86.99
2022-07-05 00:00:00,85.04
2022-07-05 04:00:00,84.5
2022-07-05 08:00:00,86.03
2022-07-05 12:00:00,87.44
2022-07-05 16:00:00,86.43
2022-07-05 20:00:00,86.08
2022-07-06 00:00:00,85.22
2022-07-06 04:00:00,82.71
2022-07-06 08:00:00,82.66
2022-07-06 12:00:00,83.47
2022-07-06 16:00:00,82.39
2022-07-06 20:00:00,82.25
2022-07-07 00:00:00,82.7
2022-07-07 04:00:00,82.44
2022-07-07 08:00:00,81.57
2022-07-07 12:00:00,81.3
2022-07-07 16:00:00,81.08
2022-07-07 20:00:00,81.35
2022-07-08 00:00:00,81.78
2022-07-08 04:00:00,82.38
2022-07-08 08:00:00,80.87
2022-07-08 12:00:00,80.67
2022-07-08 16:00:00,78.66
2022-07-08 20:00:00,78.39
2022-07-09 00:00:00,78.76
2022-07-09 04:00:00,78.62
2022-07-09 08:00:00,74.62
2022-07-09 12:00:00,73.86
2022-07-09 16:00:00,73.26
2022-07-09 20:00:00,73.55
2022-07-10 00:00:00,74.21
2022-07-10 04:00:00,74.09
2022-07-10 08:00:00,73.96
2022-07-10 12:00:00,74.82
2022-07-10 16:00:00,74.52
2022-07-10 20:00:00,75.86
2022-07-11 00:00:00,76.04
2022-07-11 04:00:00,76.76
2022-07-11 08:00:00,76.58
2022-07-11 12:00:00,78.58
2022-07-11 16:00:00,78.23
2022-07-11 20:00:00,80.52
2022-07-12 00:00:00,80.79
2022-07-12 04:00:00,81.77
2022-07-12 08:00:00,81.33
2022-07-12 12:00:00,82.04
2022-07-12 16:00:00,84.97
2022-07-12 20:00:00,85.86
2022-07-13 00:00:00,84.84
2022-07-13 04:00:00,84.35
2022-07-13 08:00:00,83.85
2022-07-13 12:00:00,82.61
2022-07-13 16:00:00,83.21
2022-07-13 20:00:00,80.89
2022-07-14 00:00:00,79.61
2022-07-14 04:00:00,80.32
2022-07-14 08:00:00,84.14
2022-07-14 12:00:00,84.03
2022-07-14 16:00:00,82.94
2022-07-14 20:00:00,81.35
2022-07-15 00:00:00,80.4
2022-07-15 04:00:00,78.87
2022-07-15 08:00:00,79.17
2022-07-15 12:00:00,78.47
2022-07-15 16:00:00,78.33
2022-07-15 20:00:00,78.7
2022-07-16 00:00:00,78.31
2022-07-16 04:00:00,78.47
2022-07-16 08:00:00,77.08
2022-07-16 12:00:00,78.38
2022-07-16 16:00:00,79.83
2022-07-16 20:00:00,81.99
2022-07-17 00:00:00,82.14
2022-07-17 04:00:00,82.35
2022-07-17 08:00:00,82.61
2022-07-17 12:00:00,83.05
2022-07-17 16:00:00,82.15
2022-07-17 20:00:00,81.29
2022-07-18 00:00:00,80.28
2022-07-18 04:00:00,81.03
2022-07-18 08:00:00,81.75
2022-07-18 12:00:00,80.71
2022-07-18 16:00:00,82.56
2022-07-18 20:00:00,83.39
2022-07-19 00:00:00,82.83
2022-07-19 04:00:00,82.73
2022-07-19 08:00:00,81.63
2022-07-19 12:00:00,82.87
2022-07-19 16:00:00,83.1
2022-07-19 20:00:00,82.9
2022-07-20 00:00:00,81.62
2022-07-20 04:00:00,80.11
2022-07-20 08:00:00,80.61
2022-07-20 12:00:00,85.66
2022-07-20 16:00:00,85.26
2022-07-20 20:00:00,83.99
2022-07-21 00:00:00,84.51
2022-07-21 04:00:00,83.85
2022-07-21 08:00:00,84.38
2022-07-21 12:00:00,85.02
2022-07-21 16:00:00,83.65
2022-07-21 20:00:00,82.38
2022-07-22 00:00:00,83.14
2022-07-22 04:00:00,81.52
2022-07-22 08:00:00,82.72
2022-07-22 12:00:00,83.71
2022-07-22 16:00:00,83.89
2022-07-22 20:00:00,84.28
2022-07-23 00:00:00,83.38
2022-07-23 04:00:00,83.3
2022-07-23 08:00:00,82.27
2022-07-23 12:00:00,82.07
2022-07-23 16:00:00,80.66
2022-07-23 20:00:00,80.45
2022-07-24 00:00:00,80.09
2022-07-24 04:00:00,80.05
2022-07-24 08:00:00,79.86
2022-07-24 12:00:00,81.21
2022-07-24 16:00:00,82.38
2022-07-24 20:00:00,83.17
2022-07-25 00:00:00,82.16
2022-07-25 04:00:00,80.97
2022-07-25 08:00:00,80.92
2022-07-25 12:00:00,80.71
2022-07-25 16:00:00,81.32
2022-07-25 20:00:00,81.35
2022-07-26 00:00:00,80.5
2022-07-26 04:00:00,80.42
2022-07-26 08:00:00,80.3
2022-07-26 12:00:00,81.19
2022-07-26 16:00:00,81.54
2022-07-26 20:00:00,81.39
2022-07-27 00:00:00,81.2
2022-07-27 04:00:00,81.46
2022-07-27 08:00:00,81.15
2022-07-27 12:00:00,80.44
2022-07-27 16:00:00,76.61
2022-07-27 20:00:00,76.49
2022-07-28 00:00:00,76.36
2022-07-28 04:00:00,76.52
2022-07-28 08:00:00,74.55
2022-07-28 12:00:00,77.37
2022-07-28 16:00:00,76.07
2022-07-28 20:00:00,76.89
2022-07-29 00:00:00,75.79
2022-07-29 04:00:00,76.18
2022-07-29 08:00:00,74.03
2022-07-29 12:00:00,74.61
2022-07-29 16:00:00,75.62
2022-07-29 20:00:00,75.03
2022-07-30 00:00:00,76.07
2022-07-30 04:00:00,76.2
2022-07-30 08:00:00,76.05
2022-07-30 12:00:00,78.35
2022-07-30 16:00:00,78.65
2022-07-30 20:00:00,78.55
2022-07-31 00:00:00,78.13
2022-07-31 04:00:00,77.72
2022-07-31 08:00:00,77.95
2022-07-31 12:00:00,77.79
2022-07-31 16:00:00,78.52
2022-07-31 20:00:00,78.66
2022-08-01 00:00:00,77.55
2022-08-01 04:00:00,77.3
2022-08-01 08:00:00,77.3
2022-08-01 12:00:00,78.29
2022-08-01 16:00:00,77.67
2022-08-01 20:00:00,77.69
2022-08-02 00:00:00,77.57
2022-08-02 04:00:00,76.88
2022-08-02 08:00:00,77.46
2022-08-02 12:00:00,77.9
2022-08-02 16:00:00,77.78
2022-08-02 20:00:00,77.79
2022-08-03 00:00:00,77.6
2022-08-03 04:00:00,76.61
2022-08-03 08:00:00,76.41
2022-08-03 12:00:00,75.87
2022-08-03 16:00:00,75.08
2022-08-03 20:00:00,75.87
2022-08-04 00:00:00,73.97
2022-08-04 04:00:00,73.43
2022-08-04 08:00:00,73.32
2022-08-04 12:00:00,73.99
2022-08-04 16:00:00,74.36
2022-08-04 20:00:00,73.67
2022-08-05 00:00:00,73.02
2022-08-05 04:00:00,72.21
2022-08-05 08:00:00,72.57
2022-08-05 12:00:00,73.52
2022-08-05 16:00:00,73.66
2022-08-05 20:00:00,71.85
2022-08-06 00:00:00,72.6
2022-08-06 04:00:00,72.25
2022-08-06 08:00:00,71.61
2022-08-06 12:00:00,71.8
2022-08-06 16:00:00,71.89
2022-08-06 20:00:00,71.7
2022-08-07 00:00:00,71.94
2022-08-07 04:00:00,71.95
2022-08-07 08:00:00,72.21
2022-08-07 12:00:00,72.61
2022-08-07 16:00:00,73.03
2022-08-07 20:00:00,73.6
2022-08-08 00:00:00,73.04
2022-08-08 04:00:00,73.81
2022-08-08 08:00:00,75.18
2022-08-08 12:00:00,74.88
2022-08-08 16:00:00,75.18
2022-08-08 20:00:00,75.17
2022-08-09 00:00:00,75.17
2022-08-09 04:00:00,74.73
2022-08-09 08:00:00,74.97
2022-08-09 12:00:00,73.92
2022-08-09 16:00:00,74.31
2022-08-09 20:00:00,74.67
2022-08-10 00:00:00,74.18
2022-08-10 04:00:00,74.83
2022-08-10 08:00:00,75.41
2022-08-10 12:00:00,72.3
2022-08-10 16:00:00,71.9
2022-08-10 20:00:00,70.87
2022-08-11 00:00:00,71.68
2022-08-11 04:00:00,71.11
2022-08-11 08:00:00,70.26
2022-08-11 12:00:00,71.9
2022-08-11 16:00:00,71.16
2022-08-11 20:00:00,71.48
2022-08-12 00:00:00,71.03
2022-08-12 04:00:00,70.67
2022-08-12 08:00:00,70.43
2022-08-12 12:00:00,70.55
2022-08-12 16:00:00,69.99
2022-08-12 20:00:00,70.27
2022-08-13 00:00:00,69.42
2022-08-13 04:00:00,70.23
2022-08-13 08:00:00,71.0
2022-08-13 12:00:00,70.52
2022-08-13 16:00:00,70.84
2022-08-13 20:00:00,70.6
2022-08-14 00:00:00,71.51
2022-08-14 04:00:00,72.9
2022-08-14 08:00:00,71.06
2022-08-14 12:00:00,70.68
2022-08-14 16:00:00,70.87
2022-08-14 20:00:00,70.89
2022-08-15 00:00:00,69.58
2022-08-15 04:00:00,69.59
2022-08-15 08:00:00,69.25
2022-08-15 12:00:00,69.14
2022-08-15 16:00:00,69.55
2022-08-15 20:00:00,70.2
2022-08-16 00:00:00,69.95
2022-08-16 04:00:00,70.56
2022-08-16 08:00:00,70.45
2022-08-16 12:00:00,70.68
2022-08-16 16:00:00,71.46
2022-08-16 20:00:00,71.55
2022-08-17 00:00:00,71.95
2022-08-17 04:00:00,72.19
2022-08-17 08:00:00,71.29
2022-08-17 12:00:00,73.78
2022-08-17 16:00:00,75.23
2022-08-17 20:00:00,75.32
2022-08-18 00:00:00,75.09
2022-08-18 04:00:00,74.55
2022-08-18 08:00:00,73.5
2022-08-18 12:00:00,74.47
2022-08-18 16:00:00,73.9
2022-08-18 20:00:00,74.82
2022-08-19 00:00:00,76.63
2022-08-19 04:00:00,82.38
2022-08-19 08:00:00,77.03
2022-08-19 12:00:00,78.51
2022-08-19 16:00:00,77.25
2022-08-19 20:00:00,81.24
2022-08-20 00:00:00,79.69
2022-08-20 04:00:00,78.56
2022-08-20 08:00:00,77.79
2022-08-20 12:00:00,77.16
2022-08-20 16:00:00,78.93
2022-08-20 20:00:00,77.7
2022-08-21 00:00:00,78.48
2022-08-21 04:00:00,77.93
2022-08-21 08:00:00,77.22
2022-08-21 12:00:00,77.41
2022-08-21 16:00:00,78.01
2022-08-21 20:00:00,79.02
2022-08-22 00:00:00,78.72
2022-08-22 04:00:00,79.67
2022-08-22 08:00:00,80.93
2022-08-22 12:00:00,79.82
2022-08-22 16:00:00,79.91
2022-08-22 20:00:00,80.35
2022-08-23 00:00:00,79.7
2022-08-23 04:00:00,79.6
2022-08-23 08:00:00,79.44
2022-08-23 12:00:00,79.11
2022-08-23 16:00:00,78.17
2022-08-23 20:00:00,77.78
2022-08-24 00:00:00,78.16
2022-08-24 04:00:00,75.82
2022-08-24 08:00:00,75.21
2022-08-24 12:00:00,75.66
2022-08-24 16:00:00,74.19
2022-08-24 20:00:00,75.59
2022-08-25 00:00:00,74.33
2022-08-25 04:00:00,73.42
2022-08-25 08:00:00,73.03
2022-08-25 12:00:00,74.72
2022-08-25 16:00:00,73.85
2022-08-25 20:00:00,73.83
2022-08-26 00:00:00,73.72
2022-08-26 04:00:00,74.21
2022-08-26 08:00:00,72.55
2022-08-26 12:00:00,73.87
2022-08-26 16:00:00,72.76
2022-08-26 20:00:00,72.6
2022-08-27 00:00:00,72.01
2022-08-27 04:00:00,70.79
2022-08-27 08:00:00,70.07
2022-08-27 12:00:00,72.39
2022-08-27 16:00:00,72.72
2022-08-27 20:00:00,73.03
2022-08-28 00:00:00,72.62
2022-08-28 04:00:00,72.78
2022-08-28 08:00:00,73.06
2022-08-28 12:00:00,74.14
2022-08-28 16:00:00,73.57
2022-08-28 20:00:00,76.17
2022-08-29 00:00:00,75.86
2022-08-29 04:00:00,75.14
2022-08-29 08:00:00,74.95
2022-08-29 12:00:00,73.45
2022-08-29 16:00:00,73.22
2022-08-29 20:00:00,73.2
2022-08-30 00:00:00,72.96
2022-08-30 04:00:00,72.21
2022-08-30 08:00:00,72.61
2022-08-30 12:00:00,75.57
2022-08-30 16:00:00,76.84
2022-08-30 20:00:00,75.78
2022-08-31 00:00:00,72.83
2022-08-31 04:00:00,72.77
2022-08-31 08:00:00,72.67
2022-08-31 12:00:00,74.55
2022-08-31 16:00:00,75.03
2022-08-31 20:00:00,75.04
2022-09-01 00:00:00,75.43
2022-09-01 04:00:00,77.18
2022-09-01 08:00:00,75.78
2022-09-01 12:00:00,79.18
2022-09-01 16:00:00,78.69
2022-09-01 20:00:00,77.83
2022-09-02 00:00:00,76.54
2022-09-02 04:00:00,76.3
2022-09-02 08:00:00,74.65
2022-09-02 12:00:00,72.62
2022-09-02 16:00:00,75.05
2022-09-02 20:00:00,74.66
2022-09-03 00:00:00,74.47
2022-09-03 04:00:00,74.15
2022-09-03 08:00:00,73.47
2022-09-03 12:00:00,75.32
2022-09-03 16:00:00,77.58
2022-09-03 20:00:00,77.86
2022-09-04 00:00:00,76.65
2022-09-04 04:00:00,75.79
2022-09-04 08:00:00,75.16
2022-09-04 12:00:00,75.97
2022-09-04 16:00:00,76.62
2022-09-04 20:00:00,76.01
2022-09-05 00:00:00,75.03
2022-09-05 04:00:00,75.19
2022-09-05 08:00:00,75.78
2022-09-05 12:00:00,76.29
2022-09-05 16:00:00,76.27
2022-09-05 20:00:00,76.88
2022-09-06 00:00:00,76.05
2022-09-06 04:00:00,76.16
2022-09-06 08:00:00,75.65
2022-09-06 12:00:00,76.25
2022-09-06 16:00:00,80.59
2022-09-06 20:00:00,81.46
2022-09-07 00:00:00,84.08
2022-09-07 04:00:00,82.19
2022-09-07 08:00:00,80.26
2022-09-07 12:00:00,79.46
2022-09-07 16:00:00,76.81
2022-09-07 20:00:00,76.12
2022-09-08 00:00:00,76.04
2022-09-08 04:00:00,75.73
2022-09-08 08:00:00,75.16
2022-09-08 12:00:00,74.69
2022-09-08 16:00:00,75.59
2022-09-08 20:00:00,75.72
2022-09-09 00:00:00,74.26
2022-09-09 04:00:00,76.63
2022-09-09 08:00:00,73.7
2022-09-09 12:00:00,72.94
2022-09-09 16:00:00,72.37
2022-09-09 20:00:00,75.12
2022-09-10 00:00:00,73.79
2022-09-10 04:00:00,73.67
2022-09-10 08:00:00,72.32
2022-09-10 12:00:00,73.17
2022-09-10 16:00:00,76.58
2022-09-10 20:00:00,78.15
2022-09-11 00:00:00,75.71
2022-09-11 04:00:00,76.74
2022-09-11 08:00:00,75.25
2022-09-11 12:00:00,77.35
2022-09-11 16:00:00,77.22
2022-09-11 20:00:00,78.91
2022-09-12 00:00:00,77.74
2022-09-12 04:00:00,77.05
2022-09-12 08:00:00,76.62
2022-09-12 12:00:00,77.41
2022-09-12 16:00:00,78.77
2022-09-12 20:00:00,79.15
2022-09-13 00:00:00,80.64
2022-09-13 04:00:00,82.83
2022-09-13 08:00:00,83.05
2022-09-13 12:00:00,80.67
2022-09-13 16:00:00,81.41
2022-09-13 20:00:00,81.07
2022-09-14 00:00:00,79.18
2022-09-14 04:00:00,77.08
2022-09-14 08:00:00,78.27
2022-09-14 12:00:00,79.27
2022-09-14 16:00:00,78.19
2022-09-14 20:00:00,78.19
2022-09-15 00:00:00,78.05
2022-09-15 04:00:00,76.59
2022-09-15 08:00:00,75.51
2022-09-15 12:00:00,77.93
2022-09-15 16:00:00,76.67
2022-09-15 20:00:00,76.05
2022-09-16 00:00:00,74.5
2022-09-16 04:00:00,74.67
2022-09-16 08:00:00,72.63
2022-09-16 12:00:00,73.89
2022-09-16 16:00:00,73.14
2022-09-16 20:00:00,70.57
2022-09-17 00:00:00,68.96
2022-09-17 04:00:00,69.4
2022-09-17 08:00:00,69.71
2022-09-17 12:00:00,70.64
2022-09-17 16:00:00,70.35
2022-09-17 20:00:00,69.14
2022-09-18 00:00:00,67.62
2022-09-18 04:00:00,68.04
2022-09-18 08:00:00,69.37
2022-09-18 12:00:00,69.76
2022-09-18 16:00:00,72.2
2022-09-18 20:00:00,74.86
2022-09-19 00:00:00,73.11
2022-09-19 04:00:00,73.19
2022-09-19 08:00:00,73.99
2022-09-19 12:00:00,71.88
2022-09-19 16:00:00,71.53
2022-09-19 20:00:00,70.23
2022-09-20 00:00:00,71.49
2022-09-20 04:00:00,71.27
2022-09-20 08:00:00,71.58
2022-09-20 12:00:00,73.0
2022-09-20 16:00:00,73.76
2022-09-20 20:00:00,75.86
2022-09-21 00:00:00,76.6
2022-09-21 04:00:00,76.24
2022-09-21 08:00:00,74.65
2022-09-21 12:00:00,75.52
2022-09-21 16:00:00,74.2
2022-09-21 20:00:00,76.7
2022-09-22 00:00:00,75.18
2022-09-22 04:00:00,75.3
2022-09-22 08:00:00,74.94
2022-09-22 12:00:00,76.53
2022-09-22 16:00:00,75.55
2022-09-22 20:00:00,74.81
2022-09-23 00:00:00,75.07
2022-09-23 04:00:00,74.21
2022-09-23 08:00:00,75.16
2022-09-23 12:00:00,76.29
2022-09-23 16:00:00,77.81
2022-09-23 20:00:00,74.23
2022-09-24 00:00:00,74.09
2022-09-24 04:00:00,73.59
2022-09-24 08:00:00,73.06
2022-09-24 12:00:00,73.64
2022-09-24 16:00:00,73.8
2022-09-24 20:00:00,73.21
2022-09-25 00:00:00,73.21
2022-09-25 04:00:00,72.28
2022-09-25 08:00:00,71.95
2022-09-25 12:00:00,73.01
2022-09-25 16:00:00,73.77
2022-09-25 20:00:00,75.88
2022-09-26 00:00:00,76.56
2022-09-26 04:00:00,76.39
2022-09-26 08:00:00,76.48
2022-09-26 12:00:00,75.54
2022-09-26 16:00:00,76.29
2022-09-26 20:00:00,76.71
2022-09-27 00:00:00,73.67
2022-09-27 04:00:00,73.01
2022-09-27 08:00:00,73.23
2022-09-27 12:00:00,74.76
2022-09-27 16:00:00,77.69
2022-09-27 20:00:00,76.88
2022-09-28 00:00:00,81.5
2022-09-28 04:00:00,80.85
2022-09-28 08:00:00,81.32
2022-09-28 12:00:00,77.81
2022-09-28 16:00:00,77.69
2022-09-28 20:00:00,79.4
2022-09-29 00:00:00,81.31
2022-09-29 04:00:00,80.54
2022-09-29 08:00:00,77.79
2022-09-29 12:00:00,78.35
2022-09-29 16:00:00,77.89
2022-09-29 20:00:00,77.52
2022-09-30 00:00:00,76.23
2022-09-30 04:00:00,76.11
2022-09-30 08:00:00,75.02
2022-09-30 12:00:00,73.43
2022-09-30 16:00:00,72.89
2022-09-30 20:00:00,74.06
2022-10-01 00:00:00,72.84
2022-10-01 04:00:00,70.67
2022-10-01 08:00:00,71.04
2022-10-01 12:00:00,71.1
2022-10-01 16:00:00,71.69
2022-10-01 20:00:00,72.26
2022-10-02 00:00:00,71.74
2022-10-02 04:00:00,71.95
2022-10-02 08:00:00,73.77
2022-10-02 12:00:00,73.25
2022-10-02 16:00:00,73.82
2022-10-02 20:00:00,76.42
2022-10-03 00:00:00,73.78
2022-10-03 04:00:00,74.41
2022-10-03 08:00:00,73.67
2022-10-03 12:00:00,72.77
2022-10-03 16:00:00,70.73
2022-10-03 20:00:00,70.07
2022-10-04 00:00:00,70.92
2022-10-04 04:00:00,71.72
2022-10-04 08:00:00,70.64
2022-10-04 12:00:00,69.84
2022-10-04 16:00:00,69.88
2022-10-04 20:00:00,69.87
2022-10-05 00:00:00,71.52
2022-10-05 04:00:00,70.34
2022-10-05 08:00:00,71.16
2022-10-05 12:00:00,71.18
2022-10-05 16:00:00,71.26
2022-10-05 20:00:00,71.16
2022-10-06 00:00:00,70.65
2022-10-06 04:00:00,71.47
2022-10-06 08:00:00,70.51
2022-10-06 12:00:00,69.85
2022-10-06 16:00:00,69.18
2022-10-06 20:00:00,68.73
2022-10-07 00:00:00,68.42
2022-10-07 04:00:00,68.62
2022-10-07 08:00:00,68.02
2022-10-07 12:00:00,66.98
2022-10-07 16:00:00,66.52
2022-10-07 20:00:00,65.99
2022-10-08 00:00:00,65.56
2022-10-08 04:00:00,65.29
2022-10-08 08:00:00,63.49
2022-10-08 12:00:00,63.63
2022-10-08 16:00:00,64.28
2022-10-08 20:00:00,64.84
2022-10-09 00:00:00,64.45
2022-10-09 04:00:00,64.08
2022-10-09 08:00:00,65.44
2022-10-09 12:00:00,66.21
2022-10-09 16:00:00,67.85
2022-10-09 20:00:00,67.51
2022-10-10 00:00:00,66.85
2022-10-10 04:00:00,67.38
2022-10-10 08:00:00,68.44
2022-10-10 12:00:00,68.82
2022-10-10 16:00:00,70.17
2022-10-10 20:00:00,68.98
2022-10-11 00:00:00,70.44
2022-10-11 04:00:00,71.91
2022-10-11 08:00:00,71.94
2022-10-11 12:00:00,71.03
2022-10-11 16:00:00,70.64
2022-10-11 20:00:00,70.6
2022-10-12 00:00:00,70.11
2022-10-12 04:00:00,70.29
2022-10-12 08:00:00,70.67
2022-10-12 12:00:00,71.05
2022-10-12 16:00:00,70.68
2022-10-12 20:00:00,70.2
2022-10-13 00:00:00,70.54
2022-10-13 04:00:00,72.12
2022-10-13 08:00:00,72.84
2022-10-13 12:00:00,66.64
2022-10-13 16:00:00,66.4
2022-10-13 20:00:00,66.11
2022-10-14 00:00:00,65.55
2022-10-14 04:00:00,64.26
2022-10-14 08:00:00,62.65
2022-10-14 12:00:00,63.59
2022-10-14 16:00:00,62.64
2022-10-14 20:00:00,62.08
2022-10-15 00:00:00,61.81
2022-10-15 04:00:00,62.22
2022-10-15 08:00:00,62.94
2022-10-15 12:00:00,61.81
2022-10-15 16:00:00,62.05
2022-10-15 20:00:00,62.66
2022-10-16 00:00:00,62.0
2022-10-16 04:00:00,61.67
2022-10-16 08:00:00,62.27
2022-10-16 12:00:00,62.79
2022-10-16 16:00:00,61.73
2022-10-16 20:00:00,63.27
2022-10-17 00:00:00,63.19
2022-10-17 04:00:00,62.01
2022-10-17 08:00:00,60.71
2022-10-17 12:00:00,59.52
2022-10-17 16:00:00,59.53
2022-10-17 20:00:00,60.01
2022-10-18 00:00:00,61.47
2022-10-18 04:00:00,62.96
2022-10-18 08:00:00,59.49
2022-10-18 12:00:00,60.56
2022-10-18 16:00:00,61.68
2022-10-18 20:00:00,62.26
2022-10-19 00:00:00,61.57
2022-10-19 04:00:00,61.27
2022-10-19 08:00:00,60.15
2022-10-19 12:00:00,60.27
2022-10-19 16:00:00,60.87
2022-10-19 20:00:00,60.9
2022-10-20 00:00:00,61.27
2022-10-20 04:00:00,60.56
2022-10-20 08:00:00,60.22
2022-10-20 12:00:00,60.62
2022-10-20 16:00:00,61.05
2022-10-20 20:00:00,61.44
2022-10-21 00:00:00,61.71
2022-10-21 04:00:00,61.6
2022-10-21 08:00:00,61.87
2022-10-21 12:00:00,62.59
2022-10-21 16:00:00,61.54
2022-10-21 20:00:00,62.19
2022-10-22 00:00:00,61.35
2022-10-22 04:00:00,60.55
2022-10-22 08:00:00,60.72
2022-10-22 12:00:00,61.58
2022-10-22 16:00:00,61.55
2022-10-22 20:00:00,62.14
2022-10-23 00:00:00,62.01
2022-10-23 04:00:00,62.18
2022-10-23 08:00:00,62.1
2022-10-23 12:00:00,63.31
2022-10-23 16:00:00,64.52
2022-10-23 20:00:00,64.07
2022-10-24 00:00:00,63.41
2022-10-24 04:00:00,63.5
2022-10-24 08:00:00,63.15
2022-10-24 12:00:00,62.74
2022-10-24 16:00:00,64.14
2022-10-24 20:00:00,64.31
2022-10-25 00:00:00,64.77
2022-10-25 04:00:00,64.88
2022-10-25 08:00:00,63.81
2022-10-25 12:00:00,64.56
2022-10-25 16:00:00,66.26
2022-10-25 20:00:00,65.61
2022-10-26 00:00:00,64.28
2022-10-26 04:00:00,64.43
2022-10-26 08:00:00,67.22
2022-10-26 12:00:00,68.27
2022-10-26 16:00:00,65.44
2022-10-26 20:00:00,66.28
2022-10-27 00:00:00,65.51
2022-10-27 04:00:00,64.18
2022-10-27 08:00:00,62.75
2022-10-27 12:00:00,62.61
2022-10-27 16:00:00,60.85
2022-10-27 20:00:00,61.41
2022-10-28 00:00:00,61.22
2022-10-28 04:00:00,60.78
2022-10-28 08:00:00,55.6
2022-10-28 12:00:00,54.71
2022-10-28 16:00:00,55.7
2022-10-28 20:00:00,55.08
2022-10-29 00:00:00,55.38
2022-10-29 04:00:00,56.01
2022-10-29 08:00:00,56.36
2022-10-29 12:00:00,56.75
2022-10-29 16:00:00,57.87
2022-10-29 20:00:00,57.8
2022-10-30 00:00:00,57.56
2022-10-30 04:00:00,59.99
2022-10-30 08:00:00,60.61
2022-10-30 12:00:00,60.33
2022-10-30 16:00:00,60.12
2022-10-30 20:00:00,60.36
2022-10-31 00:00:00,61.7
2022-10-31 04:00:00,61.95
2022-10-31 08:00:00,62.32
2022-10-31 12:00:00,59.59
2022-10-31 16:00:00,60.25
2022-10-31 20:00:00,59.63
2022-11-01 00:00:00,59.47
2022-11-01 04:00:00,60.03
2022-11-01 08:00:00,59.66
2022-11-01 12:00:00,60.35
2022-11-01 16:00:00,60.1
2022-11-01 20:00:00,59.92
2022-11-02 00:00:00,59.98
2022-11-02 04:00:00,60.62
2022-11-02 08:00:00,59.97
2022-11-02 12:00:00,59.46
2022-11-02 16:00:00,57.67
2022-11-02 20:00:00,56.41
2022-11-03 00:00:00,55.02
2022-11-03 04:00:00,54.31
2022-11-03 08:00:00,53.53
2022-11-03 12:00:00,54.14
2022-11-03 16:00:00,53.62
2022-11-03 20:00:00,53.98
2022-11-04 00:00:00,53.73
2022-11-04 04:00:00,53.99
2022-11-04 08:00:00,53.66
2022-11-04 12:00:00,56.35
2022-11-04 16:00:00,55.55
2022-11-04 20:00:00,54.19
2022-11-05 00:00:00,54.22
2022-11-05 04:00:00,53.73
2022-11-05 08:00:00,53.49
2022-11-05 12:00:00,53.83
2022-11-05 16:00:00,54.04
2022-11-05 20:00:00,55.9
2022-11-06 00:00:00,55.93
2022-11-06 04:00:00,54.48
2022-11-06 08:00:00,55.2
2022-11-06 12:00:00,55.63
2022-11-06 16:00:00,55.84
2022-11-06 20:00:00,56.76
2022-11-07 00:00:00,56.33
2022-11-07 04:00:00,56.99
2022-11-07 08:00:00,58.52
2022-11-07 12:00:00,57.53
2022-11-07 16:00:00,57.36
2022-11-07 20:00:00,59.48
2022-11-08 00:00:00,62.13
2022-11-08 04:00:00,64.93
2022-11-08 08:00:00,63.65
2022-11-08 12:00:00,72.72
2022-11-08 16:00:00,86.82
2022-11-08 20:00:00,76.66
2022-11-09 00:00:00,77.62
2022-11-09 04:00:00,82.43
2022-11-09 08:00:00,97.36
2022-11-09 12:00:00,95.6
2022-11-09 16:00:00,107.29
2022-11-09 20:00:00,114.72
2022-11-10 00:00:00,108.37
2022-11-10 04:00:00,97.39
2022-11-10 08:00:00,97.56
2022-11-10 12:00:00,90.14
2022-11-10 16:00:00,94.14
2022-11-10 20:00:00,93.12
2022-11-11 00:00:00,95.99
2022-11-11 04:00:00,91.56
2022-11-11 08:00:00,87.14
2022-11-11 12:00:00,97.72
2022-11-11 16:00:00,103.75
2022-11-11 20:00:00,102.11
2022-11-12 00:00:00,103.53
2022-11-12 04:00:00,108.07
2022-11-12 08:00:00,104.83
2022-11-12 12:00:00,101.58
2022-11-12 16:00:00,104.1
2022-11-12 20:00:00,102.92
2022-11-13 00:00:00,100.94
2022-11-13 04:00:00,101.77
2022-11-13 08:00:00,102.04
2022-11-13 12:00:00,109.75
2022-11-13 16:00:00,109.21
2022-11-13 20:00:00,107.88
2022-11-14 00:00:00,109.07
2022-11-14 04:00:00,90.87
2022-11-14 08:00:00,93.58
2022-11-14 12:00:00,98.21
2022-11-14 16:00:00,100.0
2022-11-14 20:00:00,98.18
2022-11-15 00:00:00,94.36
2022-11-15 04:00:00,91.68
2022-11-15 08:00:00,88.92
2022-11-15 12:00:00,89.3
2022-11-15 16:00:00,91.65
2022-11-15 20:00:00,89.99
2022-11-16 00:00:00,89.41
2022-11-16 04:00:00,81.29
2022-11-16 08:00:00,98.36
2022-11-16 12:00:00,98.05
2022-11-16 16:00:00,98.76
2022-11-16 20:00:00,98.64
2022-11-17 00:00:00,96.83
2022-11-17 04:00:00,92.82
2022-11-17 08:00:00,79.06
2022-11-17 12:00:00,79.45
2022-11-17 16:00:00,78.36
2022-11-17 20:00:00,76.97
2022-11-18 00:00:00,75.11
2022-11-18 04:00:00,75.43
2022-11-18 08:00:00,74.07
2022-11-18 12:00:00,73.61
2022-11-18 16:00:00,74.92
2022-11-18 20:00:00,74.71
2022-11-19 00:00:00,73.85
2022-11-19 04:00:00,74.09
2022-11-19 08:00:00,73.64
2022-11-19 12:00:00,72.93
2022-11-19 16:00:00,72.96
2022-11-19 20:00:00,72.41
2022-11-20 00:00:00,73.02
2022-11-20 04:00:00,72.87
2022-11-20 08:00:00,78.26
2022-11-20 12:00:00,79.76
2022-11-20 16:00:00,79.42
2022-11-20 20:00:00,80.26
2022-11-21 00:00:00,81.28
2022-11-21 04:00:00,80.99
2022-11-21 08:00:00,80.26
2022-11-21 12:00:00,79.91
2022-11-21 16:00:00,82.06
2022-11-21 20:00:00,80.81
2022-11-22 00:00:00,80.57
2022-11-22 04:00:00,81.68
2022-11-22 08:00:00,81.2
2022-11-22 12:00:00,79.69
2022-11-22 16:00:00,80.32
2022-11-22 20:00:00,79.71
2022-11-23 00:00:00,78.16
2022-11-23 04:00:00,76.75
2022-11-23 08:00:00,74.84
2022-11-23 12:00:00,76.09
2022-11-23 16:00:00,74.97
2022-11-23 20:00:00,75.27
2022-11-24 00:00:00,75.92
2022-11-24 04:00:00,75.8
2022-11-24 08:00:00,74.0
2022-11-24 12:00:00,72.86
2022-11-24 16:00:00,72.39
2022-11-24 20:00:00,72.21
2022-11-25 00:00:00,72.95
2022-11-25 04:00:00,71.47
2022-11-25 08:00:00,66.52
2022-11-25 12:00:00,66.86
2022-11-25 16:00:00,66.52
2022-11-25 20:00:00,64.89
2022-11-26 00:00:00,64.56
2022-11-26 04:00:00,63.39
2022-11-26 08:00:00,63.33
2022-11-26 12:00:00,65.1
2022-11-26 16:00:00,65.27
2022-11-26 20:00:00,65.49
2022-11-27 00:00:00,65.37
2022-11-27 04:00:00,64.92
2022-11-27 08:00:00,64.38
2022-11-27 12:00:00,65.13
2022-11-27 16:00:00,65.95
2022-11-27 20:00:00,67.12
2022-11-28 00:00:00,67.8
2022-11-28 04:00:00,68.14
2022-11-28 08:00:00,67.49
2022-11-28 12:00:00,67.69
2022-11-28 16:00:00,67.87
2022-11-28 20:00:00,67.44
2022-11-29 00:00:00,67.89
2022-11-29 04:00:00,66.82
2022-11-29 08:00:00,66.34
2022-11-29 12:00:00,66.09
2022-11-29 16:00:00,65.56
2022-11-29 20:00:00,64.8
2022-11-30 00:00:00,63.95
2022-11-30 04:00:00,62.91
2022-11-30 08:00:00,63.31
2022-11-30 12:00:00,64.1
2022-11-30 16:00:00,64.56
2022-11-30 20:00:00,64.05
2022-12-01 00:00:00,64.16
2022-12-01 04:00:00,63.74
2022-12-01 08:00:00,61.88
2022-12-01 12:00:00,60.79
2022-12-01 16:00:00,59.88
2022-12-01 20:00:00,60.05
2022-12-02 00:00:00,63.9
2022-12-02 04:00:00,62.06
2022-12-02 08:00:00,59.9
2022-12-02 12:00:00,59.31
2022-12-02 16:00:00,59.02
2022-12-02 20:00:00,58.75
2022-12-03 00:00:00,58.48
2022-12-03 04:00:00,58.58
2022-12-03 08:00:00,59.91
2022-12-03 12:00:00,58.3
2022-12-03 16:00:00,58.98
2022-12-03 20:00:00,61.15
2022-12-04 00:00:00,61.39
2022-12-04 04:00:00,61.39
2022-12-04 08:00:00,61.4
2022-12-04 12:00:00,61.7
2022-12-04 16:00:00,61.96
2022-12-04 20:00:00,61.84
2022-12-05 00:00:00,57.04
2022-12-05 04:00:00,56.34
2022-12-05 08:00:00,55.62
2022-12-05 12:00:00,55.59
2022-12-05 16:00:00,55.87
2022-12-05 20:00:00,56.01
2022-12-06 00:00:00,55.82
2022-12-06 04:00:00,55.58
2022-12-06 08:00:00,55.41
2022-12-06 12:00:00,55.53
2022-12-06 16:00:00,56.42
2022-12-06 20:00:00,56.74
2022-12-07 00:00:00,56.71
2022-12-07 04:00:00,59.68
2022-12-07 08:00:00,60.81
2022-12-07 12:00:00,60.41
2022-12-07 16:00:00,61.13
2022-12-07 20:00:00,61.83
2022-12-08 00:00:00,62.55
2022-12-08 04:00:00,62.51
2022-12-08 08:00:00,57.15
2022-12-08 12:00:00,56.78
2022-12-08 16:00:00,55.61
2022-12-08 20:00:00,55.71
2022-12-09 00:00:00,55.76
2022-12-09 04:00:00,56.03
2022-12-09 08:00:00,56.29
2022-12-09 12:00:00,56.53
2022-12-09 16:00:00,57.42
2022-12-09 20:00:00,58.71
2022-12-10 00:00:00,58.72
2022-12-10 04:00:00,58.74
2022-12-10 08:00:00,58.78
2022-12-10 12:00:00,58.6
2022-12-10 16:00:00,58.69
2022-12-10 20:00:00,59.55
2022-12-11 00:00:00,60.05
2022-12-11 04:00:00,60.59
2022-12-11 08:00:00,60.72
2022-12-11 12:00:00,61.08
2022-12-11 16:00:00,61.63
2022-12-11 20:00:00,61.79
2022-12-12 00:00:00,61.88
2022-12-12 04:00:00,61.47
2022-12-12 08:00:00,62.13
2022-12-12 12:00:00,60.53
2022-12-12 16:00:00,61.03
2022-12-12 20:00:00,61.15
2022-12-13 00:00:00,61.64
2022-12-13 04:00:00,62.81
2022-12-13 08:00:00,64.17
2022-12-13 12:00:00,61.09
2022-12-13 16:00:00,60.25
2022-12-13 20:00:00,60.66
2022-12-14 00:00:00,60.48
2022-12-14 04:00:00,60.43
2022-12-14 08:00:00,58.28
2022-12-14 12:00:00,58.59
2022-12-14 16:00:00,57.62
2022-12-14 20:00:00,55.19
2022-12-15 00:00:00,54.79
2022-12-15 04:00:00,54.83
2022-12-15 08:00:00,53.15
2022-12-15 12:00:00,55.14
2022-12-15 16:00:00,56.43
2022-12-15 20:00:00,57.74
2022-12-16 00:00:00,55.72
2022-12-16 04:00:00,53.82
2022-12-16 08:00:00,56.47
2022-12-16 12:00:00,56.84
2022-12-16 16:00:00,60.48
2022-12-16 20:00:00,63.31
2022-12-17 00:00:00,67.02
2022-12-17 04:00:00,65.03
2022-12-17 08:00:00,62.82
2022-12-17 12:00:00,62.28
2022-12-17 16:00:00,62.16
2022-12-17 20:00:00,62.29
2022-12-18 00:00:00,61.17
2022-12-18 04:00:00,62.03
2022-12-18 08:00:00,67.57
2022-12-18 12:00:00,67.26
2022-12-18 16:00:00,66.29
2022-12-18 20:00:00,66.48
2022-12-19 00:00:00,66.55
2022-12-19 04:00:00,64.18
2022-12-19 08:00:00,62.58
2022-12-19 12:00:00,60.95
2022-12-19 16:00:00,62.09
2022-12-19 20:00:00,63.62
2022-12-20 00:00:00,63.81
2022-12-20 04:00:00,61.88
2022-12-20 08:00:00,61.53
2022-12-20 12:00:00,60.04
2022-12-20 16:00:00,60.17
2022-12-20 20:00:00,60.1
2022-12-21 00:00:00,60.1
2022-12-21 04:00:00,60.14
2022-12-21 08:00:00,58.87
2022-12-21 12:00:00,59.1
2022-12-21 16:00:00,59.61
2022-12-21 20:00:00,59.12
2022-12-22 00:00:00,58.84
2022-12-22 04:00:00,57.45
2022-12-22 08:00:00,53.82
2022-12-22 12:00:00,55.39
2022-12-22 16:00:00,56.71
2022-12-22 20:00:00,56.14
2022-12-23 00:00:00,55.49
2022-12-23 04:00:00,53.95
2022-12-23 08:00:00,53.35
2022-12-23 12:00:00,53.19
2022-12-23 16:00:00,52.97
2022-12-23 20:00:00,53.67
2022-12-24 00:00:00,53.58
2022-12-24 04:00:00,52.79
2022-12-24 08:00:00,52.3
2022-12-24 12:00:00,52.52
2022-12-24 16:00:00,52.45
2022-12-24 20:00:00,52.35
2022-12-25 00:00:00,52.34
2022-12-25 04:00:00,52.76
2022-12-25 08:00:00,53.04
2022-12-25 12:00:00,53.27
2022-12-25 16:00:00,53.66
2022-12-25 20:00:00,53.68
2022-12-26 00:00:00,53.54
2022-12-26 04:00:00,53.11
2022-12-26 08:00:00,53.62
2022-12-26 12:00:00,53.65
2022-12-26 16:00:00,53.5
2022-12-26 20:00:00,53.22
2022-12-27 00:00:00,53.64
2022-12-27 04:00:00,53.87
2022-12-27 08:00:00,53.56
2022-12-27 12:00:00,53.96
2022-12-27 16:00:00,54.26
2022-12-27 20:00:00,54.05
2022-12-28 00:00:00,53.54
2022-12-28 04:00:00,54.65
2022-12-28 08:00:00,54.79
2022-12-28 12:00:00,55.13
2022-12-28 16:00:00,55.08
2022-12-28 20:00:00,57.19
2022-12-29 00:00:00,56.5
2022-12-29 04:00:00,55.66
2022-12-29 08:00:00,54.86
2022-12-29 12:00:00,55.26
2022-12-29 16:00:00,55.14
2022-12-29 20:00:00,54.59
2022-12-30 00:00:00,54.82
2022-12-30 04:00:00,54.03
2022-12-30 08:00:00,48.87
2022-12-30 12:00:00,50.35
2022-12-30 16:00:00,50.38
2022-12-30 20:00:00,49.82
2022-12-31 00:00:00,49.83
2022-12-31 04:00:00,49.66
2022-12-31 08:00:00,48.15
2022-12-31 12:00:00,48.05
2022-12-31 16:00:00,47.7
2022-12-31 20:00:00,48.31
2023-01-01 00:00:00,48.22
2023-01-01 04:00:00,47.62
2023-01-01 08:00:00,47.56
2023-01-01 12:00:00,47.39
2023-01-01 16:00:00,47.55
2023-01-01 20:00:00,46.96
2023-01-02 00:00:00,47.28
2023-01-02 04:00:00,47.37
2023-01-02 08:00:00,46.72
2023-01-02 12:00:00,48.37
2023-01-02 16:00:00,49.43
2023-01-02 20:00:00,50.02
2023-01-03 00:00:00,50.09
2023-01-03 04:00:00,49.83
2023-01-03 08:00:00,49.27
2023-01-03 12:00:00,49.78
2023-01-03 16:00:00,49.15
2023-01-03 20:00:00,48.95
2023-01-04 00:00:00,46.7
2023-01-04 04:00:00,42.77
2023-01-04 08:00:00,44.46
2023-01-04 12:00:00,44.57
2023-01-04 16:00:00,44.26
2023-01-04 20:00:00,46.87
2023-01-05 00:00:00,47.03
2023-01-05 04:00:00,47.09
2023-01-05 08:00:00,46.76
2023-01-05 12:00:00,46.32
2023-01-05 16:00:00,45.83
2023-01-05 20:00:00,45.45
2023-01-06 00:00:00,45.13
2023-01-06 04:00:00,44.56
2023-01-06 08:00:00,44.53
2023-01-06 12:00:00,44.07
2023-01-06 16:00:00,43.37
2023-01-06 20:00:00,43.61
2023-01-07 00:00:00,42.73
2023-01-07 04:00:00,41.83
2023-01-07 08:00:00,41.83
2023-01-07 12:00:00,41.75
2023-01-07 16:00:00,42.18
2023-01-07 20:00:00,42.02
2023-01-08 00:00:00,42.06
2023-01-08 04:00:00,42.17
2023-01-08 08:00:00,42.0
2023-01-08 12:00:00,42.5
2023-01-08 16:00:00,42.36
2023-01-08 20:00:00,42.79
2023-01-09 00:00:00,43.38
2023-01-09 04:00:00,43.77
2023-01-09 08:00:00,44.68
2023-01-09 12:00:00,43.19
2023-01-09 16:00:00,44.2
2023-01-09 20:00:00,44.06
2023-01-10 00:00:00,43.72
2023-01-10 04:00:00,43.67
2023-01-10 08:00:00,44.33
2023-01-10 12:00:00,44.29
2023-01-10 16:00:00,45.14
2023-01-10 20:00:00,45.47
2023-01-11 00:00:00,45.92
2023-01-11 04:00:00,45.88
2023-01-11 08:00:00,45.63
2023-01-11 12:00:00,45.36
2023-01-11 16:00:00,46.56
2023-01-11 20:00:00,47.55
2023-01-12 00:00:00,46.21
2023-01-12 04:00:00,46.2
2023-01-12 08:00:00,47.16
2023-01-12 12:00:00,44.9
2023-01-12 16:00:00,48.59
2023-01-12 20:00:00,51.42
2023-01-13 00:00:00,49.89
2023-01-13 04:00:00,49.07
2023-01-13 08:00:00,50.27
2023-01-13 12:00:00,55.35
2023-01-13 16:00:00,55.21
2023-01-13 20:00:00,61.12
2023-01-14 00:00:00,60.15
2023-01-14 04:00:00,59.53
2023-01-14 08:00:00,61.01
2023-01-14 12:00:00,67.71
2023-01-14 16:00:00,66.71
2023-01-14 20:00:00,73.62
2023-01-15 00:00:00,70.0
2023-01-15 04:00:00,67.88
2023-01-15 08:00:00,67.39
2023-01-15 12:00:00,69.3
2023-01-15 16:00:00,69.57
2023-01-15 20:00:00,70.2
2023-01-16 00:00:00,70.48
2023-01-16 04:00:00,70.4
2023-01-16 08:00:00,66.73
2023-01-16 12:00:00,65.3
2023-01-16 16:00:00,67.35
2023-01-16 20:00:00,64.92
2023-01-17 00:00:00,65.03
2023-01-17 04:00:00,63.72
2023-01-17 08:00:00,63.1
2023-01-17 12:00:00,64.36
2023-01-17 16:00:00,64.16
2023-01-17 20:00:00,63.35
2023-01-18 00:00:00,63.07
2023-01-18 04:00:00,61.19
2023-01-18 08:00:00,59.49
2023-01-18 12:00:00,62.36
2023-01-18 16:00:00,63.39
2023-01-18 20:00:00,63.34
2023-01-19 00:00:00,62.67
2023-01-19 04:00:00,61.88
2023-01-19 08:00:00,60.01
2023-01-19 12:00:00,59.22
2023-01-19 16:00:00,57.68
2023-01-19 20:00:00,56.9
2023-01-20 00:00:00,55.25
2023-01-20 04:00:00,54.36
2023-01-20 08:00:00,54.36
2023-01-20 12:00:00,54.62
2023-01-20 16:00:00,55.69
2023-01-20 20:00:00,59.48
2023-01-21 00:00:00,56.85
2023-01-21 04:00:00,61.34
2023-01-21 08:00:00,61.82
2023-01-21 12:00:00,62.5
2023-01-21 16:00:00,67.58
2023-01-21 20:00:00,65.79
2023-01-22 00:00:00,64.47
2023-01-22 04:00:00,62.6
2023-01-22 08:00:00,61.15
2023-01-22 12:00:00,61.47
2023-01-22 16:00:00,61.27
2023-01-22 20:00:00,61.99
2023-01-23 00:00:00,61.36
2023-01-23 04:00:00,61.37
2023-01-23 08:00:00,61.82
2023-01-23 12:00:00,64.1
2023-01-23 16:00:00,65.98
2023-01-23 20:00:00,64.38
2023-01-24 00:00:00,65.32
2023-01-24 04:00:00,64.64
2023-01-24 08:00:00,65.04
2023-01-24 12:00:00,64.51
2023-01-24 16:00:00,62.62
2023-01-24 20:00:00,61.33
2023-01-25 00:00:00,61.59
2023-01-25 04:00:00,60.89
2023-01-25 08:00:00,60.33
2023-01-25 12:00:00,58.43
2023-01-25 16:00:00,58.37
2023-01-25 20:00:00,61.49
2023-01-26 00:00:00,60.84
2023-01-26 04:00:00,59.71
2023-01-26 08:00:00,56.84
2023-01-26 12:00:00,58.4
2023-01-26 16:00:00,57.24
2023-01-26 20:00:00,57.0
2023-01-27 00:00:00,57.5
2023-01-27 04:00:00,57.41
2023-01-27 08:00:00,56.23
2023-01-27 12:00:00,56.01
2023-01-27 16:00:00,56.95
2023-01-27 20:00:00,55.0
2023-01-28 00:00:00,54.74
2023-01-28 04:00:00,54.64
2023-01-28 08:00:00,54.17
2023-01-28 12:00:00,54.44
2023-01-28 16:00:00,54.49
2023-01-28 20:00:00,54.49
2023-01-29 00:00:00,54.42
2023-01-29 04:00:00,53.27
2023-01-29 08:00:00,58.57
2023-01-29 12:00:00,58.57
2023-01-29 16:00:00,59.47
2023-01-29 20:00:00,58.92
2023-01-30 00:00:00,58.16
2023-01-30 04:00:00,58.03
2023-01-30 08:00:00,55.68
2023-01-30 12:00:00,56.1
2023-01-30 16:00:00,56.02
2023-01-30 20:00:00,56.4
2023-01-31 00:00:00,55.8
2023-01-31 04:00:00,54.93
2023-01-31 08:00:00,56.36
2023-01-31 12:00:00,57.53
2023-01-31 16:00:00,57.63
2023-01-31 20:00:00,58.82
2023-02-01 00:00:00,59.82
2023-02-01 04:00:00,59.81
2023-02-01 08:00:00,58.2
2023-02-01 12:00:00,58.35
2023-02-01 16:00:00,56.82
2023-02-01 20:00:00,58.04
2023-02-02 00:00:00,56.76
2023-02-02 04:00:00,55.49
2023-02-02 08:00:00,55.93
2023-02-02 12:00:00,56.62
2023-02-02 16:00:00,56.34
2023-02-02 20:00:00,57.71
2023-02-03 00:00:00,57.23
2023-02-03 04:00:00,56.93
2023-02-03 08:00:00,55.23
2023-02-03 12:00:00,54.72
2023-02-03 16:00:00,54.72
2023-02-03 20:00:00,54.25
2023-02-04 00:00:00,53.32
2023-02-04 04:00:00,53.45
2023-02-04 08:00:00,53.65
2023-02-04 12:00:00,54.4
2023-02-04 16:00:00,53.87
2023-02-04 20:00:00,54.16
2023-02-05 00:00:00,54.06
2023-02-05 04:00:00,54.45
2023-02-05 08:00:00,54.68
2023-02-05 12:00:00,55.64
2023-02-05 16:00:00,55.55
2023-02-05 20:00:00,55.23
2023-02-06 00:00:00,55.24
2023-02-06 04:00:00,53.86
2023-02-06 08:00:00,53.43
2023-02-06 12:00:00,54.74
2023-02-06 16:00:00,55.64
2023-02-06 20:00:00,54.56
2023-02-07 00:00:00,54.3
2023-02-07 04:00:00,53.19
2023-02-07 08:00:00,54.1
2023-02-07 12:00:00,54.31
2023-02-07 16:00:00,53.46
2023-02-07 20:00:00,53.31
2023-02-08 00:00:00,53.54
2023-02-08 04:00:00,52.92
2023-02-08 08:00:00,52.84
2023-02-08 12:00:00,52.8
2023-02-08 16:00:00,52.97
2023-02-08 20:00:00,52.99
2023-02-09 00:00:00,51.73
2023-02-09 04:00:00,50.77
2023-02-09 08:00:00,49.43
2023-02-09 12:00:00,50.49
2023-02-09 16:00:00,51.53
2023-02-09 20:00:00,51.95
2023-02-10 00:00:00,49.67
2023-02-10 04:00:00,48.84
2023-02-10 08:00:00,49.52
2023-02-10 12:00:00,50.29
2023-02-10 16:00:00,49.43
2023-02-10 20:00:00,48.69
2023-02-11 00:00:00,48.08
2023-02-11 04:00:00,48.0
2023-02-11 08:00:00,47.54
2023-02-11 12:00:00,47.26
2023-02-11 16:00:00,47.09
2023-02-11 20:00:00,47.13
2023-02-12 00:00:00,47.12
2023-02-12 04:00:00,47.16
2023-02-12 08:00:00,47.41
2023-02-12 12:00:00,47.36
2023-02-12 16:00:00,47.85
2023-02-12 20:00:00,47.5
2023-02-13 00:00:00,48.13
2023-02-13 04:00:00,48.15
2023-02-13 08:00:00,50.3
2023-02-13 12:00:00,51.1
2023-02-13 16:00:00,51.68
2023-02-13 20:00:00,50.65
2023-02-14 00:00:00,50.95
2023-02-14 04:00:00,50.79
2023-02-14 08:00:00,50.78
2023-02-14 12:00:00,48.15
2023-02-14 16:00:00,48.17
2023-02-14 20:00:00,49.17
2023-02-15 00:00:00,48.82
2023-02-15 04:00:00,48.51
2023-02-15 08:00:00,47.49
2023-02-15 12:00:00,48.81
2023-02-15 16:00:00,49.63
2023-02-15 20:00:00,52.67
2023-02-16 00:00:00,51.15
2023-02-16 04:00:00,52.64
2023-02-16 08:00:00,52.89
2023-02-16 12:00:00,57.06
2023-02-16 16:00:00,57.76
2023-02-16 20:00:00,58.8
2023-02-17 00:00:00,57.12
2023-02-17 04:00:00,56.07
2023-02-17 08:00:00,54.85
2023-02-17 12:00:00,57.27
2023-02-17 16:00:00,61.59
2023-02-17 20:00:00,60.77
2023-02-18 00:00:00,59.67
2023-02-18 04:00:00,59.9
2023-02-18 08:00:00,59.75
2023-02-18 12:00:00,59.52
2023-02-18 16:00:00,58.89
2023-02-18 20:00:00,58.37
2023-02-19 00:00:00,57.87
2023-02-19 04:00:00,57.86
2023-02-19 08:00:00,58.52
2023-02-19 12:00:00,59.95
2023-02-19 16:00:00,59.89
2023-02-19 20:00:00,59.94
2023-02-20 00:00:00,60.03
2023-02-20 04:00:00,59.69
2023-02-20 08:00:00,61.14
2023-02-20 12:00:00,62.0
2023-02-20 16:00:00,61.71
2023-02-20 20:00:00,60.75
2023-02-21 00:00:00,61.4
2023-02-21 04:00:00,61.8
2023-02-21 08:00:00,60.49
2023-02-21 12:00:00,59.57
2023-02-21 16:00:00,61.65
2023-02-21 20:00:00,60.82
2023-02-22 00:00:00,60.45
2023-02-22 04:00:00,60.52
2023-02-22 08:00:00,59.53
2023-02-22 12:00:00,59.47
2023-02-22 16:00:00,59.08
2023-02-22 20:00:00,56.83
2023-02-23 00:00:00,56.98
2023-02-23 04:00:00,56.74
2023-02-23 08:00:00,56.06
2023-02-23 12:00:00,56.1
2023-02-23 16:00:00,56.14
2023-02-23 20:00:00,54.93
2023-02-24 00:00:00,54.16
2023-02-24 04:00:00,53.37
2023-02-24 08:00:00,52.84
2023-02-24 12:00:00,54.29
2023-02-24 16:00:00,52.09
2023-02-24 20:00:00,50.49
2023-02-25 00:00:00,49.48
2023-02-25 04:00:00,48.62
2023-02-25 08:00:00,48.45
2023-02-25 12:00:00,49.31
2023-02-25 16:00:00,49.8
2023-02-25 20:00:00,50.29
2023-02-26 00:00:00,50.1
2023-02-26 04:00:00,50.41
2023-02-26 08:00:00,50.42
2023-02-26 12:00:00,50.57
2023-02-26 16:00:00,52.02
2023-02-26 20:00:00,51.34
2023-02-27 00:00:00,50.19
2023-02-27 04:00:00,50.33
2023-02-27 08:00:00,50.62
2023-02-27 12:00:00,50.84
2023-02-27 16:00:00,50.82
2023-02-27 20:00:00,50.44
2023-02-28 00:00:00,50.22
2023-02-28 04:00:00,50.08
2023-02-28 08:00:00,49.95
2023-02-28 12:00:00,49.69
2023-02-28 16:00:00,49.85
2023-02-28 20:00:00,50.37
2023-03-01 00:00:00,50.62
2023-03-01 04:00:00,55.48
2023-03-01 08:00:00,54.07
2023-03-01 12:00:00,53.08
2023-03-01 16:00:00,54.63
2023-03-01 20:00:00,54.71
2023-03-02 00:00:00,54.44
2023-03-02 04:00:00,54.58
2023-03-02 08:00:00,54.74
2023-03-02 12:00:00,53.62
2023-03-02 16:00:00,53.59
2023-03-02 20:00:00,53.72
2023-03-03 00:00:00,54.72
2023-03-03 04:00:00,53.29
2023-03-03 08:00:00,52.37
2023-03-03 12:00:00,51.65
2023-03-03 16:00:00,51.37
2023-03-03 20:00:00,52.2
2023-03-04 00:00:00,51.22
2023-03-04 04:00:00,51.04
2023-03-04 08:00:00,50.79
2023-03-04 12:00:00,50.95
2023-03-04 16:00:00,51.08
2023-03-04 20:00:00,51.57
2023-03-05 00:00:00,51.97
2023-03-05 04:00:00,52.04
2023-03-05 08:00:00,51.15
2023-03-05 12:00:00,50.98
2023-03-05 16:00:00,51.29
2023-03-05 20:00:00,50.84
2023-03-06 00:00:00,50.5
2023-03-06 04:00:00,51.53
2023-03-06 08:00:00,52.33
2023-03-06 12:00:00,51.81
2023-03-06 16:00:00,52.1
2023-03-06 20:00:00,51.78
2023-03-07 00:00:00,51.37
2023-03-07 04:00:00,51.35
2023-03-07 08:00:00,51.21
2023-03-07 12:00:00,51.07
2023-03-07 16:00:00,51.45
2023-03-07 20:00:00,51.46
2023-03-08 00:00:00,51.02
2023-03-08 04:00:00,52.54
2023-03-08 08:00:00,51.35
2023-03-08 12:00:00,50.94
2023-03-08 16:00:00,49.8
2023-03-08 20:00:00,50.12
2023-03-09 00:00:00,49.6
2023-03-09 04:00:00,50.26
2023-03-09 08:00:00,50.46
2023-03-09 12:00:00,48.69
2023-03-09 16:00:00,51.44
2023-03-09 20:00:00,54.39
2023-03-10 00:00:00,54.77
2023-03-10 04:00:00,58.12
2023-03-10 08:00:00,58.26
2023-03-10 12:00:00,54.12
2023-03-10 16:00:00,56.84
2023-03-10 20:00:00,54.2
2023-03-11 00:00:00,52.81
2023-03-11 04:00:00,59.6
2023-03-11 08:00:00,59.97
2023-03-11 12:00:00,61.98
2023-03-11 16:00:00,62.54
2023-03-11 20:00:00,59.82
2023-03-12 00:00:00,58.9
2023-03-12 04:00:00,57.54
2023-03-12 08:00:00,57.97
2023-03-12 12:00:00,60.43
2023-03-12 16:00:00,62.07
2023-03-12 20:00:00,58.87
2023-03-13 00:00:00,56.29
2023-03-13 04:00:00,56.47
2023-03-13 08:00:00,59.02
2023-03-13 12:00:00,67.46
2023-03-13 16:00:00,63.98
2023-03-13 20:00:00,62.24
2023-03-14 00:00:00,61.57
2023-03-14 04:00:00,61.05
2023-03-14 08:00:00,68.17
2023-03-14 12:00:00,61.96
2023-03-14 16:00:00,63.26
2023-03-14 20:00:00,63.46
2023-03-15 00:00:00,64.23
2023-03-15 04:00:00,62.51
2023-03-15 08:00:00,64.78
2023-03-15 12:00:00,64.27
2023-03-15 16:00:00,64.09
2023-03-15 20:00:00,64.15
2023-03-16 00:00:00,57.23
2023-03-16 04:00:00,58.35
2023-03-16 08:00:00,62.76
2023-03-16 12:00:00,59.94
2023-03-16 16:00:00,62.08
2023-03-16 20:00:00,62.45
2023-03-17 00:00:00,62.31
2023-03-17 04:00:00,63.13
2023-03-17 08:00:00,67.08
2023-03-17 12:00:00,65.05
2023-03-17 16:00:00,66.01
2023-03-17 20:00:00,66.59
2023-03-18 00:00:00,64.48
2023-03-18 04:00:00,66.18
2023-03-18 08:00:00,66.46
2023-03-18 12:00:00,66.86
2023-03-18 16:00:00,67.61
2023-03-18 20:00:00,67.25
2023-03-19 00:00:00,67.52
2023-03-19 04:00:00,67.86
2023-03-19 08:00:00,68.17
2023-03-19 12:00:00,70.15
2023-03-19 16:00:00,73.56
2023-03-19 20:00:00,73.34
2023-03-20 00:00:00,70.52
2023-03-20 04:00:00,71.65
2023-03-20 08:00:00,72.89
2023-03-20 12:00:00,69.67
2023-03-20 16:00:00,69.24
2023-03-20 20:00:00,68.23
2023-03-21 00:00:00,67.7
2023-03-21 04:00:00,67.74
2023-03-21 08:00:00,68.38
2023-03-21 12:00:00,69.88
2023-03-21 16:00:00,70.92
2023-03-21 20:00:00,70.06
2023-03-22 00:00:00,71.14
2023-03-22 04:00:00,70.87
2023-03-22 08:00:00,69.37
2023-03-22 12:00:00,68.55
2023-03-22 16:00:00,64.8
2023-03-22 20:00:00,63.89
2023-03-23 00:00:00,61.89
2023-03-23 04:00:00,61.41
2023-03-23 08:00:00,62.98
2023-03-23 12:00:00,66.87
2023-03-23 16:00:00,67.3
2023-03-23 20:00:00,66.43
2023-03-24 00:00:00,66.34
2023-03-24 04:00:00,65.49
2023-03-24 08:00:00,65.9
2023-03-24 12:00:00,66.96
2023-03-24 16:00:00,65.62
2023-03-24 20:00:00,65.06
2023-03-25 00:00:00,64.53
2023-03-25 04:00:00,63.28
2023-03-25 08:00:00,62.79
2023-03-25 12:00:00,63.38
2023-03-25 16:00:00,61.4
2023-03-25 20:00:00,61.59
2023-03-26 00:00:00,61.55
2023-03-26 04:00:00,61.51
2023-03-26 08:00:00,62.7
2023-03-26 12:00:00,62.4
2023-03-26 16:00:00,63.06
2023-03-26 20:00:00,63.23
2023-03-27 00:00:00,62.37
2023-03-27 04:00:00,63.35
2023-03-27 08:00:00,63.67
2023-03-27 12:00:00,65.73
2023-03-27 16:00:00,63.34
2023-03-27 20:00:00,62.12
2023-03-28 00:00:00,62.17
2023-03-28 04:00:00,62.37
2023-03-28 08:00:00,61.94
2023-03-28 12:00:00,60.93
2023-03-28 16:00:00,60.36
2023-03-28 20:00:00,60.13
2023-03-29 00:00:00,59.46
2023-03-29 04:00:00,61.35
2023-03-29 08:00:00,64.4
2023-03-29 12:00:00,63.64
2023-03-29 16:00:00,64.12
2023-03-29 20:00:00,64.49
2023-03-30 00:00:00,65.42
2023-03-30 04:00:00,63.42
2023-03-30 08:00:00,64.9
2023-03-30 12:00:00,64.43
2023-03-30 16:00:00,63.09
2023-03-30 20:00:00,62.74
2023-03-31 00:00:00,61.58
2023-03-31 04:00:00,58.98
2023-03-31 08:00:00,58.81
2023-03-31 12:00:00,59.81
2023-03-31 16:00:00,60.34
2023-03-31 20:00:00,58.52
2023-04-01 00:00:00,58.34
2023-04-01 04:00:00,57.89
2023-04-01 08:00:00,57.51
2023-04-01 12:00:00,57.58
2023-04-01 16:00:00,58.05
2023-04-01 20:00:00,58.17
2023-04-02 00:00:00,58.24
2023-04-02 04:00:00,58.33
2023-04-02 08:00:00,58.95
2023-04-02 12:00:00,59.93
2023-04-02 16:00:00,60.24
2023-04-02 20:00:00,60.28
2023-04-03 00:00:00,58.81
2023-04-03 04:00:00,59.25
2023-04-03 08:00:00,60.16
2023-04-03 12:00:00,59.95
2023-04-03 16:00:00,60.19
2023-04-03 20:00:00,61.83
2023-04-04 00:00:00,61.01
2023-04-04 04:00:00,60.12
2023-04-04 08:00:00,59.98
2023-04-04 12:00:00,59.88
2023-04-04 16:00:00,59.62
2023-04-04 20:00:00,59.65
2023-04-05 00:00:00,59.65
2023-04-05 04:00:00,58.38
2023-04-05 08:00:00,58.59
2023-04-05 12:00:00,58.67
2023-04-05 16:00:00,58.67
2023-04-05 20:00:00,58.02
2023-04-06 00:00:00,57.03
2023-04-06 04:00:00,56.77
2023-04-06 08:00:00,59.73
2023-04-06 12:00:00,58.16
2023-04-06 16:00:00,58.17
2023-04-06 20:00:00,57.06
2023-04-07 00:00:00,56.15
2023-04-07 04:00:00,56.03
2023-04-07 08:00:00,55.95
2023-04-07 12:00:00,54.81
2023-04-07 16:00:00,54.52
2023-04-07 20:00:00,54.5
2023-04-08 00:00:00,53.86
2023-04-08 04:00:00,55.08
2023-04-08 08:00:00,55.23
2023-04-08 12:00:00,55.56
2023-04-08 16:00:00,55.36
2023-04-08 20:00:00,55.26
2023-04-09 00:00:00,55.29
2023-04-09 04:00:00,56.02
2023-04-09 08:00:00,56.01
2023-04-09 12:00:00,56.76
2023-04-09 16:00:00,57.81
2023-04-09 20:00:00,58.56
2023-04-10 00:00:00,58.44
2023-04-10 04:00:00,57.77
2023-04-10 08:00:00,58.6
2023-04-10 12:00:00,59.33
2023-04-10 16:00:00,62.89
2023-04-10 20:00:00,62.16
2023-04-11 00:00:00,62.09
2023-04-11 04:00:00,62.12
2023-04-11 08:00:00,61.59
2023-04-11 12:00:00,60.82
2023-04-11 16:00:00,61.02
2023-04-11 20:00:00,60.18
2023-04-12 00:00:00,59.42
2023-04-12 04:00:00,59.12
2023-04-12 08:00:00,59.32
2023-04-12 12:00:00,56.64
2023-04-12 16:00:00,56.78
2023-04-12 20:00:00,55.87
2023-04-13 00:00:00,55.54
2023-04-13 04:00:00,55.35
2023-04-13 08:00:00,56.55
2023-04-13 12:00:00,56.0
2023-04-13 16:00:00,55.87
2023-04-13 20:00:00,55.47
2023-04-14 00:00:00,56.08
2023-04-14 04:00:00,56.67
2023-04-14 08:00:00,55.84
2023-04-14 12:00:00,54.41
2023-04-14 16:00:00,53.49
2023-04-14 20:00:00,53.46
2023-04-15 00:00:00,53.43
2023-04-15 04:00:00,53.37
2023-04-15 08:00:00,53.1
2023-04-15 12:00:00,53.32
2023-04-15 16:00:00,53.57
2023-04-15 20:00:00,53.81
2023-04-16 00:00:00,53.71
2023-04-16 04:00:00,54.4
2023-04-16 08:00:00,54.13
2023-04-16 12:00:00,54.91
2023-04-16 16:00:00,56.34
2023-04-16 20:00:00,56.4
2023-04-17 00:00:00,54.47
2023-04-17 04:00:00,54.79
2023-04-17 08:00:00,56.7
2023-04-17 12:00:00,56.71
2023-04-17 16:00:00,55.97
2023-04-17 20:00:00,55.6
2023-04-18 00:00:00,55.67
2023-04-18 04:00:00,56.23
2023-04-18 08:00:00,56.06
2023-04-18 12:00:00,55.27
2023-04-18 16:00:00,55.84
2023-04-18 20:00:00,55.63
2023-04-19 00:00:00,55.0
2023-04-19 04:00:00,54.77
2023-04-19 08:00:00,54.91
2023-04-19 12:00:00,55.24
2023-04-19 16:00:00,55.05
2023-04-19 20:00:00,55.71
2023-04-20 00:00:00,54.97
2023-04-20 04:00:00,54.5
2023-04-20 08:00:00,55.36
2023-04-20 12:00:00,54.13
2023-04-20 16:00:00,55.04
2023-04-20 20:00:00,56.11
2023-04-21 00:00:00,55.54
2023-04-21 04:00:00,55.26
2023-04-21 08:00:00,53.63
2023-04-21 12:00:00,53.64
2023-04-21 16:00:00,55.14
2023-04-21 20:00:00,54.82
2023-04-22 00:00:00,53.77
2023-04-22 04:00:00,53.73
2023-04-22 08:00:00,54.34
2023-04-22 12:00:00,54.03
2023-04-22 16:00:00,54.14
2023-04-22 20:00:00,54.53
2023-04-23 00:00:00,54.7
2023-04-23 04:00:00,54.29
2023-04-23 08:00:00,55.6
2023-04-23 12:00:00,54.89
2023-04-23 16:00:00,55.13
2023-04-23 20:00:00,54.22
2023-04-24 00:00:00,52.8
2023-04-24 04:00:00,52.93
2023-04-24 08:00:00,52.85
2023-04-24 12:00:00,53.69
2023-04-24 16:00:00,53.28
2023-04-24 20:00:00,52.72
2023-04-25 00:00:00,52.28
2023-04-25 04:00:00,52.42
2023-04-25 08:00:00,52.13
2023-04-25 12:00:00,52.93
2023-04-25 16:00:00,52.86
2023-04-25 20:00:00,52.38
2023-04-26 00:00:00,51.78
2023-04-26 04:00:00,52.74
2023-04-26 08:00:00,56.48
2023-04-26 12:00:00,56.32
2023-04-26 16:00:00,55.83
2023-04-26 20:00:00,55.47
2023-04-27 00:00:00,55.64
2023-04-27 04:00:00,54.4
2023-04-27 08:00:00,54.39
2023-04-27 12:00:00,53.74
2023-04-27 16:00:00,55.69
2023-04-27 20:00:00,55.07
2023-04-28 00:00:00,54.14
2023-04-28 04:00:00,52.59
2023-04-28 08:00:00,52.76
2023-04-28 12:00:00,52.67
2023-04-28 16:00:00,51.34
2023-04-28 20:00:00,50.73
2023-04-29 00:00:00,50.26
2023-04-29 04:00:00,50.69
2023-04-29 08:00:00,50.8
2023-04-29 12:00:00,50.79
2023-04-29 16:00:00,50.92
2023-04-29 20:00:00,50.68
2023-04-30 00:00:00,49.35
2023-04-30 04:00:00,50.38
2023-04-30 08:00:00,52.42
2023-04-30 12:00:00,52.51
2023-04-30 16:00:00,52.51
2023-04-30 20:00:00,53.3
2023-05-01 00:00:00,53.96
2023-05-01 04:00:00,54.57
2023-05-01 08:00:00,54.02
2023-05-01 12:00:00,53.84
2023-05-01 16:00:00,53.55
2023-05-01 20:00:00,53.19
2023-05-02 00:00:00,52.15
2023-05-02 04:00:00,52.24
2023-05-02 08:00:00,52.13
2023-05-02 12:00:00,53.36
2023-05-02 16:00:00,53.42
2023-05-02 20:00:00,53.21
2023-05-03 00:00:00,53.58
2023-05-03 04:00:00,53.11
2023-05-03 08:00:00,52.85
2023-05-03 12:00:00,53.4
2023-05-03 16:00:00,51.16
2023-05-03 20:00:00,52.92
2023-05-04 00:00:00,53.1
2023-05-04 04:00:00,53.96
2023-05-04 08:00:00,53.47
2023-05-04 12:00:00,53.13
2023-05-04 16:00:00,52.94
2023-05-04 20:00:00,51.9
2023-05-05 00:00:00,52.03
2023-05-05 04:00:00,52.15
2023-05-05 08:00:00,52.0
2023-05-05 12:00:00,51.87
2023-05-05 16:00:00,52.54
2023-05-05 20:00:00,51.67
2023-05-06 00:00:00,51.02
2023-05-06 04:00:00,51.19
2023-05-06 08:00:00,51.18
2023-05-06 12:00:00,50.6
2023-05-06 16:00:00,50.86
2023-05-06 20:00:00,50.53
2023-05-07 00:00:00,50.31
2023-05-07 04:00:00,50.03
2023-05-07 08:00:00,50.43
2023-05-07 12:00:00,50.73
2023-05-07 16:00:00,51.1
2023-05-07 20:00:00,51.68
2023-05-08 00:00:00,51.49
2023-05-08 04:00:00,51.54
2023-05-08 08:00:00,51.32
2023-05-08 12:00:00,51.12
2023-05-08 16:00:00,51.71
2023-05-08 20:00:00,51.34
2023-05-09 00:00:00,51.13
2023-05-09 04:00:00,51.42
2023-05-09 08:00:00,51.37
2023-05-09 12:00:00,51.23
2023-05-09 16:00:00,51.83
2023-05-09 20:00:00,51.98
2023-05-10 00:00:00,51.72
2023-05-10 04:00:00,51.8
2023-05-10 08:00:00,52.07
2023-05-10 12:00:00,51.03
2023-05-10 16:00:00,51.41
2023-05-10 20:00:00,50.86
2023-05-11 00:00:00,49.78
2023-05-11 04:00:00,49.49
2023-05-11 08:00:00,49.36
2023-05-11 12:00:00,51.92
2023-05-11 16:00:00,51.48
2023-05-11 20:00:00,51.21
2023-05-12 00:00:00,51.32
2023-05-12 04:00:00,51.79
2023-05-12 08:00:00,51.01
2023-05-12 12:00:00,51.27
2023-05-12 16:00:00,51.27
2023-05-12 20:00:00,50.09
2023-05-13 00:00:00,49.02
2023-05-13 04:00:00,49.62
2023-05-13 08:00:00,48.74
2023-05-13 12:00:00,48.73
2023-05-13 16:00:00,48.36
2023-05-13 20:00:00,48.35
2023-05-14 00:00:00,48.11
2023-05-14 04:00:00,47.93
2023-05-14 08:00:00,48.42
2023-05-14 12:00:00,48.11
2023-05-14 16:00:00,47.71
2023-05-14 20:00:00,48.02
2023-05-15 00:00:00,48.61
2023-05-15 04:00:00,49.55
2023-05-15 08:00:00,50.51
2023-05-15 12:00:00,51.68
2023-05-15 16:00:00,52.96
2023-05-15 20:00:00,52.28
2023-05-16 00:00:00,51.12
2023-05-16 04:00:00,50.67
2023-05-16 08:00:00,50.62
2023-05-16 12:00:00,50.88
2023-05-16 16:00:00,51.03
2023-05-16 20:00:00,50.57
2023-05-17 00:00:00,50.09
2023-05-17 04:00:00,49.96
2023-05-17 08:00:00,50.16
2023-05-17 12:00:00,50.02
2023-05-17 16:00:00,49.81
2023-05-17 20:00:00,49.72
2023-05-18 00:00:00,48.62
2023-05-18 04:00:00,48.05
2023-05-18 08:00:00,46.99
2023-05-18 12:00:00,46.72
2023-05-18 16:00:00,47.08
2023-05-18 20:00:00,46.28
2023-05-19 00:00:00,45.52
2023-05-19 04:00:00,45.52
2023-05-19 08:00:00,45.3
2023-05-19 12:00:00,46.56
2023-05-19 16:00:00,46.76
2023-05-19 20:00:00,46.52
2023-05-20 00:00:00,47.02
2023-05-20 04:00:00,47.07
2023-05-20 08:00:00,47.07
2023-05-20 12:00:00,46.03
2023-05-20 16:00:00,46.56
2023-05-20 20:00:00,46.34
2023-05-21 00:00:00,46.0
2023-05-21 04:00:00,45.66
2023-05-21 08:00:00,47.34
2023-05-21 12:00:00,47.32
2023-05-21 16:00:00,47.42
2023-05-21 20:00:00,47.02
2023-05-22 00:00:00,46.33
2023-05-22 04:00:00,46.5
2023-05-22 08:00:00,47.94
2023-05-22 12:00:00,47.63
2023-05-22 16:00:00,47.66
2023-05-22 20:00:00,47.58
2023-05-23 00:00:00,46.31
2023-05-23 04:00:00,48.97
2023-05-23 08:00:00,49.13
2023-05-23 12:00:00,49.55
2023-05-23 16:00:00,50.05
2023-05-23 20:00:00,50.08
2023-05-24 00:00:00,49.01
2023-05-24 04:00:00,49.25
2023-05-24 08:00:00,49.9
2023-05-24 12:00:00,52.1
2023-05-24 16:00:00,51.21
2023-05-24 20:00:00,51.3
2023-05-25 00:00:00,49.94
2023-05-25 04:00:00,49.91
2023-05-25 08:00:00,47.78
2023-05-25 12:00:00,48.74
2023-05-25 16:00:00,48.23
2023-05-25 20:00:00,47.77
2023-05-26 00:00:00,47.3
2023-05-26 04:00:00,46.24
2023-05-26 08:00:00,44.95
2023-05-26 12:00:00,44.94
2023-05-26 16:00:00,45.46
2023-05-26 20:00:00,45.24
2023-05-27 00:00:00,45.1
2023-05-27 04:00:00,45.3
2023-05-27 08:00:00,45.03
2023-05-27 12:00:00,44.17
2023-05-27 16:00:00,43.4
2023-05-27 20:00:00,43.09
2023-05-28 00:00:00,44.07
2023-05-28 04:00:00,44.17
2023-05-28 08:00:00,47.63
2023-05-28 12:00:00,47.0
2023-05-28 16:00:00,48.19
2023-05-28 20:00:00,49.94
2023-05-29 00:00:00,49.0
2023-05-29 04:00:00,46.85
2023-05-29 08:00:00,46.93
2023-05-29 12:00:00,47.12
2023-05-29 16:00:00,47.67
2023-05-29 20:00:00,47.12
2023-05-30 00:00:00,46.89
2023-05-30 04:00:00,47.13
2023-05-30 08:00:00,46.44
2023-05-30 12:00:00,45.18
2023-05-30 16:00:00,44.31
2023-05-30 20:00:00,44.68
2023-05-31 00:00:00,44.18
2023-05-31 04:00:00,45.3
2023-05-31 08:00:00,45.47
2023-05-31 12:00:00,44.98
2023-05-31 16:00:00,44.57
2023-05-31 20:00:00,43.93
2023-06-01 00:00:00,43.59
2023-06-01 04:00:00,43.67
2023-06-01 08:00:00,43.6
2023-06-01 12:00:00,43.13
2023-06-01 16:00:00,42.34
2023-06-01 20:00:00,42.13
2023-06-02 00:00:00,42.01
2023-06-02 04:00:00,41.06
2023-06-02 08:00:00,41.73
2023-06-02 12:00:00,42.2
2023-06-02 16:00:00,42.37
2023-06-02 20:00:00,41.4
2023-06-03 00:00:00,40.66
2023-06-03 04:00:00,40.55
2023-06-03 08:00:00,40.25
2023-06-03 12:00:00,39.98
2023-06-03 16:00:00,40.3
2023-06-03 20:00:00,39.75
2023-06-04 00:00:00,39.41
2023-06-04 04:00:00,40.07
2023-06-04 08:00:00,39.77
2023-06-04 12:00:00,41.43
2023-06-04 16:00:00,41.43
2023-06-04 20:00:00,41.69
2023-06-05 00:00:00,41.56
2023-06-05 04:00:00,40.96
2023-06-05 08:00:00,40.45
2023-06-05 12:00:00,41.36
2023-06-05 16:00:00,40.49
2023-06-05 20:00:00,40.11
2023-06-06 00:00:00,39.98
2023-06-06 04:00:00,41.84
2023-06-06 08:00:00,41.54
2023-06-06 12:00:00,41.27
2023-06-06 16:00:00,41.51
2023-06-06 20:00:00,43.65
2023-06-07 00:00:00,43.68
2023-06-07 04:00:00,42.38
2023-06-07 08:00:00,43.19
2023-06-07 12:00:00,44.87
2023-06-07 16:00:00,42.21
2023-06-07 20:00:00,45.63
2023-06-08 00:00:00,44.58
2023-06-08 04:00:00,43.42
2023-06-08 08:00:00,42.57
2023-06-08 12:00:00,42.63
2023-06-08 16:00:00,41.49
2023-06-08 20:00:00,41.35
2023-06-09 00:00:00,41.22
2023-06-09 04:00:00,40.67
2023-06-09 08:00:00,40.56
2023-06-09 12:00:00,41.17
2023-06-09 16:00:00,41.2
2023-06-09 20:00:00,40.8
2023-06-10 00:00:00,40.6
2023-06-10 04:00:00,43.43
2023-06-10 08:00:00,42.41
2023-06-10 12:00:00,42.8
2023-06-10 16:00:00,42.97
2023-06-10 20:00:00,43.37
2023-06-11 00:00:00,43.09
2023-06-11 04:00:00,42.79
2023-06-11 08:00:00,42.38
2023-06-11 12:00:00,42.69
2023-06-11 16:00:00,42.96
2023-06-11 20:00:00,42.81
2023-06-12 00:00:00,43.68
2023-06-12 04:00:00,44.12
2023-06-12 08:00:00,44.88
2023-06-12 12:00:00,45.49
2023-06-12 16:00:00,45.56
2023-06-12 20:00:00,46.45
2023-06-13 00:00:00,46.11
2023-06-13 04:00:00,45.88
2023-06-13 08:00:00,45.58
2023-06-13 12:00:00,46.06
2023-06-13 16:00:00,45.67
2023-06-13 20:00:00,45.38
2023-06-14 00:00:00,45.13
2023-06-14 04:00:00,44.93
2023-06-14 08:00:00,44.75
2023-06-14 12:00:00,44.83
2023-06-14 16:00:00,42.06
2023-06-14 20:00:00,44.66
2023-06-15 00:00:00,44.34
2023-06-15 04:00:00,45.55
2023-06-15 08:00:00,47.18
2023-06-15 12:00:00,48.39
2023-06-15 16:00:00,47.21
2023-06-15 20:00:00,46.63
2023-06-16 00:00:00,45.6
2023-06-16 04:00:00,44.59
2023-06-16 08:00:00,43.25
2023-06-16 12:00:00,43.99
2023-06-16 16:00:00,45.56
2023-06-16 20:00:00,45.06
2023-06-17 00:00:00,44.9
2023-06-17 04:00:00,43.35
2023-06-17 08:00:00,43.1
2023-06-17 12:00:00,42.95
2023-06-17 16:00:00,42.59
2023-06-17 20:00:00,42.95
2023-06-18 00:00:00,43.6
2023-06-18 04:00:00,43.24
2023-06-18 08:00:00,42.64
2023-06-18 12:00:00,42.75
2023-06-18 16:00:00,44.46
2023-06-18 20:00:00,45.41
2023-06-19 00:00:00,44.88
2023-06-19 04:00:00,44.45
2023-06-19 08:00:00,43.96
2023-06-19 12:00:00,44.67
2023-06-19 16:00:00,44.98
2023-06-19 20:00:00,45.22
2023-06-20 00:00:00,45.72
2023-06-20 04:00:00,45.79
2023-06-20 08:00:00,45.93
2023-06-20 12:00:00,46.98
2023-06-20 16:00:00,52.42
2023-06-20 20:00:00,52.71
2023-06-21 00:00:00,53.08
2023-06-21 04:00:00,52.42
2023-06-21 08:00:00,53.17
2023-06-21 12:00:00,57.83
2023-06-21 16:00:00,56.8
2023-06-21 20:00:00,55.83
2023-06-22 00:00:00,55.8
2023-06-22 04:00:00,54.58
2023-06-22 08:00:00,54.46
2023-06-22 12:00:00,53.17
2023-06-22 16:00:00,52.91
2023-06-22 20:00:00,51.05
2023-06-23 00:00:00,50.12
2023-06-23 04:00:00,49.71
2023-06-23 08:00:00,50.62
2023-06-23 12:00:00,53.4
2023-06-23 16:00:00,52.76
2023-06-23 20:00:00,52.71
2023-06-24 00:00:00,52.56
2023-06-24 04:00:00,50.1
2023-06-24 08:00:00,51.14
2023-06-24 12:00:00,51.41
2023-06-24 16:00:00,50.7
2023-06-24 20:00:00,49.15
2023-06-25 00:00:00,49.76
2023-06-25 04:00:00,50.77
2023-06-25 08:00:00,49.29
2023-06-25 12:00:00,49.29
2023-06-25 16:00:00,49.76
2023-06-25 20:00:00,49.51
2023-06-26 00:00:00,49.75
2023-06-26 04:00:00,51.68
2023-06-26 08:00:00,48.93
2023-06-26 12:00:00,49.33
2023-06-26 16:00:00,49.54
2023-06-26 20:00:00,49.51
2023-06-27 00:00:00,49.73
2023-06-27 04:00:00,49.4
2023-06-27 08:00:00,50.15
2023-06-27 12:00:00,49.76
2023-06-27 16:00:00,49.72
2023-06-27 20:00:00,48.92
2023-06-28 00:00:00,47.26
2023-06-28 04:00:00,47.59
2023-06-28 08:00:00,47.92
2023-06-28 12:00:00,48.63
2023-06-28 16:00:00,48.46
2023-06-28 20:00:00,48.44
2023-06-29 00:00:00,47.99
2023-06-29 04:00:00,47.49
2023-06-29 08:00:00,46.31
2023-06-29 12:00:00,45.98
2023-06-29 16:00:00,45.4
2023-06-29 20:00:00,43.52
2023-06-30 00:00:00,43.93
2023-06-30 04:00:00,43.44
2023-06-30 08:00:00,45.81
2023-06-30 12:00:00,46.13
2023-06-30 16:00:00,46.48
2023-06-30 20:00:00,46.06
2023-07-01 00:00:00,45.43
2023-07-01 04:00:00,45.72
2023-07-01 08:00:00,45.45
2023-07-01 12:00:00,45.06
2023-07-01 16:00:00,45.0
2023-07-01 20:00:00,46.56
2023-07-02 00:00:00,47.49
2023-07-02 04:00:00,47.21
2023-07-02 08:00:00,46.86
2023-07-02 12:00:00,47.38
2023-07-02 16:00:00,47.41
2023-07-02 20:00:00,47.88
2023-07-03 00:00:00,47.93
2023-07-03 04:00:00,47.11
2023-07-03 08:00:00,46.77
2023-07-03 12:00:00,48.32
2023-07-03 16:00:00,49.26
2023-07-03 20:00:00,49.05
2023-07-04 00:00:00,48.94
2023-07-04 04:00:00,47.84
2023-07-04 08:00:00,48.22
2023-07-04 12:00:00,47.84
2023-07-04 16:00:00,47.86
2023-07-04 20:00:00,46.61
2023-07-05 00:00:00,46.1
2023-07-05 04:00:00,45.83
2023-07-05 08:00:00,45.68
2023-07-05 12:00:00,46.12
2023-07-05 16:00:00,46.02
2023-07-05 20:00:00,46.45
2023-07-06 00:00:00,45.67
2023-07-06 04:00:00,46.54
2023-07-06 08:00:00,47.84
2023-07-06 12:00:00,49.03
2023-07-06 16:00:00,48.88
2023-07-06 20:00:00,47.96
2023-07-07 00:00:00,47.09
2023-07-07 04:00:00,47.12
2023-07-07 08:00:00,46.91
2023-07-07 12:00:00,47.13
2023-07-07 16:00:00,45.18
2023-07-07 20:00:00,45.04
2023-07-08 00:00:00,45.24
2023-07-08 04:00:00,45.0
2023-07-08 08:00:00,43.69
2023-07-08 12:00:00,43.92
2023-07-08 16:00:00,44.31
2023-07-08 20:00:00,44.01
2023-07-09 00:00:00,44.28
2023-07-09 04:00:00,43.98
2023-07-09 08:00:00,44.03
2023-07-09 12:00:00,44.47
2023-07-09 16:00:00,43.73
2023-07-09 20:00:00,43.89
2023-07-10 00:00:00,43.76
2023-07-10 04:00:00,44.31
2023-07-10 08:00:00,44.22
2023-07-10 12:00:00,44.77
2023-07-10 16:00:00,44.46
2023-07-10 20:00:00,44.26
2023-07-11 00:00:00,44.12
2023-07-11 04:00:00,43.38
2023-07-11 08:00:00,43.51
2023-07-11 12:00:00,44.26
2023-07-11 16:00:00,44.32
2023-07-11 20:00:00,43.96
2023-07-12 00:00:00,44.61
2023-07-12 04:00:00,46.43
2023-07-12 08:00:00,46.13
2023-07-12 12:00:00,44.53
2023-07-12 16:00:00,43.09
2023-07-12 20:00:00,41.26
2023-07-13 00:00:00,40.71
2023-07-13 04:00:00,42.96
2023-07-13 08:00:00,42.68
2023-07-13 12:00:00,43.41
2023-07-13 16:00:00,45.9
2023-07-13 20:00:00,45.15
2023-07-14 00:00:00,45.21
2023-07-14 04:00:00,43.83
2023-07-14 08:00:00,43.65
2023-07-14 12:00:00,44.91
2023-07-14 16:00:00,43.96
2023-07-14 20:00:00,42.21
2023-07-15 00:00:00,41.84
2023-07-15 04:00:00,41.95
2023-07-15 08:00:00,42.41
2023-07-15 12:00:00,42.23
2023-07-15 16:00:00,42.63
2023-07-15 20:00:00,42.98
2023-07-16 00:00:00,42.78
2023-07-16 04:00:00,42.23
2023-07-16 08:00:00,42.29
2023-07-16 12:00:00,42.26
2023-07-16 16:00:00,42.54
2023-07-16 20:00:00,42.1
2023-07-17 00:00:00,41.95
2023-07-17 04:00:00,42.15
2023-07-17 08:00:00,42.8
2023-07-17 12:00:00,42.37
2023-07-17 16:00:00,43.31
2023-07-17 20:00:00,42.9
2023-07-18 00:00:00,42.44
2023-07-18 04:00:00,42.92
2023-07-18 08:00:00,42.91
2023-07-18 12:00:00,43.08
2023-07-18 16:00:00,43.44
2023-07-18 20:00:00,42.67
2023-07-19 00:00:00,41.14
2023-07-19 04:00:00,41.0
2023-07-19 08:00:00,41.25
2023-07-19 12:00:00,41.34
2023-07-19 16:00:00,40.89
2023-07-19 20:00:00,40.53
2023-07-20 00:00:00,40.22
2023-07-20 04:00:00,41.04
2023-07-20 08:00:00,41.37
2023-07-20 12:00:00,40.91
2023-07-20 16:00:00,40.36
2023-07-20 20:00:00,41.62
2023-07-21 00:00:00,41.29
2023-07-21 04:00:00,40.36
2023-07-21 08:00:00,39.93
2023-07-21 12:00:00,39.4
2023-07-21 16:00:00,39.11
2023-07-21 20:00:00,38.76
2023-07-22 00:00:00,37.96
2023-07-22 04:00:00,38.06
2023-07-22 08:00:00,37.44
2023-07-22 12:00:00,37.87
2023-07-22 16:00:00,38.35
2023-07-22 20:00:00,39.07
2023-07-23 00:00:00,38.31
2023-07-23 04:00:00,37.93
2023-07-23 08:00:00,37.72
2023-07-23 12:00:00,37.8
2023-07-23 16:00:00,39.37
2023-07-23 20:00:00,39.27
2023-07-24 00:00:00,39.4
2023-07-24 04:00:00,38.94
2023-07-24 08:00:00,38.75
2023-07-24 12:00:00,38.14
2023-07-24 16:00:00,38.14
2023-07-24 20:00:00,38.25
2023-07-25 00:00:00,37.81
2023-07-25 04:00:00,37.8
2023-07-25 08:00:00,37.79
2023-07-25 12:00:00,37.09
2023-07-25 16:00:00,37.24
2023-07-25 20:00:00,37.77
2023-07-26 00:00:00,37.77
2023-07-26 04:00:00,38.23
2023-07-26 08:00:00,37.85
2023-07-26 12:00:00,39.15
2023-07-26 16:00:00,37.68
2023-07-26 20:00:00,38.15
2023-07-27 00:00:00,37.66
2023-07-27 04:00:00,37.3
2023-07-27 08:00:00,37.19
2023-07-27 12:00:00,37.25
2023-07-27 16:00:00,36.65
2023-07-27 20:00:00,36.36
2023-07-28 00:00:00,36.03
2023-07-28 04:00:00,36.48
2023-07-28 08:00:00,35.76
2023-07-28 12:00:00,35.57
2023-07-28 16:00:00,35.48
2023-07-28 20:00:00,35.47
2023-07-29 00:00:00,35.12
2023-07-29 04:00:00,34.85
2023-07-29 08:00:00,34.15
2023-07-29 12:00:00,34.29
2023-07-29 16:00:00,34.15
2023-07-29 20:00:00,34.96
2023-07-30 00:00:00,35.74
2023-07-30 04:00:00,35.4
2023-07-30 08:00:00,35.25
2023-07-30 12:00:00,35.24
2023-07-30 16:00:00,36.05
2023-07-30 20:00:00,36.33
2023-07-31 00:00:00,36.27
2023-07-31 04:00:00,36.43
2023-07-31 08:00:00,36.0
2023-07-31 12:00:00,35.87
2023-07-31 16:00:00,36.37
2023-07-31 20:00:00,36.77
2023-08-01 00:00:00,36.83
2023-08-01 04:00:00,36.74
2023-08-01 08:00:00,36.09
2023-08-01 12:00:00,36.03
2023-08-01 16:00:00,36.8
2023-08-01 20:00:00,36.56
2023-08-02 00:00:00,37.09
2023-08-02 04:00:00,36.77
2023-08-02 08:00:00,37.31
2023-08-02 12:00:00,36.5
2023-08-02 16:00:00,36.88
2023-08-02 20:00:00,36.82
2023-08-03 00:00:00,35.9
2023-08-03 04:00:00,36.09
2023-08-03 08:00:00,36.45
2023-08-03 12:00:00,36.94
2023-08-03 16:00:00,36.68
2023-08-03 20:00:00,36.21
2023-08-04 00:00:00,35.98
2023-08-04 04:00:00,35.42
2023-08-04 08:00:00,35.04
2023-08-04 12:00:00,35.1
2023-08-04 16:00:00,34.94
2023-08-04 20:00:00,34.37
2023-08-05 00:00:00,33.7
2023-08-05 04:00:00,33.54
2023-08-05 08:00:00,33.91
2023-08-05 12:00:00,34.49
2023-08-05 16:00:00,34.41
2023-08-05 20:00:00,33.79
2023-08-06 00:00:00,33.76
2023-08-06 04:00:00,33.39
2023-08-06 08:00:00,33.49
2023-08-06 12:00:00,33.93
2023-08-06 16:00:00,33.89
2023-08-06 20:00:00,34.03
2023-08-07 00:00:00,34.52
2023-08-07 04:00:00,34.83
2023-08-07 08:00:00,35.25
2023-08-07 12:00:00,35.54
2023-08-07 16:00:00,36.54
2023-08-07 20:00:00,36.29
2023-08-08 00:00:00,35.46
2023-08-08 04:00:00,35.16
2023-08-08 08:00:00,35.98
2023-08-08 12:00:00,36.66
2023-08-08 16:00:00,37.85
2023-08-08 20:00:00,39.85
2023-08-09 00:00:00,38.57
2023-08-09 04:00:00,38.9
2023-08-09 08:00:00,39.41
2023-08-09 12:00:00,40.33
2023-08-09 16:00:00,39.68
2023-08-09 20:00:00,38.73
2023-08-10 00:00:00,38.2
2023-08-10 04:00:00,38.02
2023-08-10 08:00:00,37.26
2023-08-10 12:00:00,36.48
2023-08-10 16:00:00,36.37
2023-08-10 20:00:00,36.2
2023-08-11 00:00:00,35.96
2023-08-11 04:00:00,35.36
2023-08-11 08:00:00,33.84
2023-08-11 12:00:00,34.59
2023-08-11 16:00:00,33.46
2023-08-11 20:00:00,32.74
2023-08-12 00:00:00,32.2
2023-08-12 04:00:00,32.21
2023-08-12 08:00:00,32.19
2023-08-12 12:00:00,31.87
2023-08-12 16:00:00,32.23
2023-08-12 20:00:00,32.38
2023-08-13 00:00:00,32.82
2023-08-13 04:00:00,32.95
2023-08-13 08:00:00,33.67
2023-08-13 12:00:00,33.58
2023-08-13 16:00:00,33.65
2023-08-13 20:00:00,33.76
2023-08-14 00:00:00,34.07
2023-08-14 04:00:00,33.03
2023-08-14 08:00:00,32.97
2023-08-14 12:00:00,33.52
2023-08-14 16:00:00,33.79
2023-08-14 20:00:00,35.01
2023-08-15 00:00:00,35.0
2023-08-15 04:00:00,34.69
2023-08-15 08:00:00,36.08
2023-08-15 12:00:00,35.35
2023-08-15 16:00:00,34.72
2023-08-15 20:00:00,34.58
2023-08-16 00:00:00,34.33
2023-08-16 04:00:00,34.53
2023-08-16 08:00:00,35.66
2023-08-16 12:00:00,36.84
2023-08-16 16:00:00,36.99
2023-08-16 20:00:00,36.56
2023-08-17 00:00:00,36.97
2023-08-17 04:00:00,36.98
2023-08-17 08:00:00,36.45
2023-08-17 12:00:00,38.48
2023-08-17 16:00:00,38.84
2023-08-17 20:00:00,52.3
2023-08-18 00:00:00,42.69
2023-08-18 04:00:00,43.0
2023-08-18 08:00:00,43.34
2023-08-18 12:00:00,45.9
2023-08-18 16:00:00,46.08
2023-08-18 20:00:00,43.58
2023-08-19 00:00:00,42.3
2023-08-19 04:00:00,42.16
2023-08-19 08:00:00,41.27
2023-08-19 12:00:00,41.92
2023-08-19 16:00:00,41.91
2023-08-19 20:00:00,43.01
2023-08-20 00:00:00,42.34
2023-08-20 04:00:00,41.69
2023-08-20 08:00:00,40.39
2023-08-20 12:00:00,41.66
2023-08-20 16:00:00,42.99
2023-08-20 20:00:00,43.18
2023-08-21 00:00:00,42.31
2023-08-21 04:00:00,42.54
2023-08-21 08:00:00,42.98
2023-08-21 12:00:00,43.64
2023-08-21 16:00:00,43.01
2023-08-21 20:00:00,42.63
2023-08-22 00:00:00,42.41
2023-08-22 04:00:00,41.9
2023-08-22 08:00:00,42.52
2023-08-22 12:00:00,43.41
2023-08-22 16:00:00,42.72
2023-08-22 20:00:00,42.13
2023-08-23 00:00:00,41.42
2023-08-23 04:00:00,40.36
2023-08-23 08:00:00,40.47
2023-08-23 12:00:00,41.43
2023-08-23 16:00:00,42.77
2023-08-23 20:00:00,43.38
2023-08-24 00:00:00,42.05
2023-08-24 04:00:00,41.67
2023-08-24 08:00:00,41.46
2023-08-24 12:00:00,42.43
2023-08-24 16:00:00,42.3
2023-08-24 20:00:00,41.72
2023-08-25 00:00:00,40.8
2023-08-25 04:00:00,41.04
2023-08-25 08:00:00,38.22
2023-08-25 12:00:00,37.08
2023-08-25 16:00:00,36.7
2023-08-25 20:00:00,36.31
2023-08-26 00:00:00,35.88
2023-08-26 04:00:00,35.92
2023-08-26 08:00:00,36.15
2023-08-26 12:00:00,35.41
2023-08-26 16:00:00,35.39
2023-08-26 20:00:00,35.52
2023-08-27 00:00:00,35.44
2023-08-27 04:00:00,35.55
2023-08-27 08:00:00,35.62
2023-08-27 12:00:00,36.14
2023-08-27 16:00:00,35.64
2023-08-27 20:00:00,36.05
2023-08-28 00:00:00,36.06
2023-08-28 04:00:00,37.08
2023-08-28 08:00:00,37.18
2023-08-28 12:00:00,37.45
2023-08-28 16:00:00,37.58
2023-08-28 20:00:00,36.42
2023-08-29 00:00:00,36.32
2023-08-29 04:00:00,36.91
2023-08-29 08:00:00,37.64
2023-08-29 12:00:00,40.62
2023-08-29 16:00:00,40.63
2023-08-29 20:00:00,40.6
2023-08-30 00:00:00,39.66
2023-08-30 04:00:00,38.57
2023-08-30 08:00:00,38.5
2023-08-30 12:00:00,38.93
2023-08-30 16:00:00,38.52
2023-08-30 20:00:00,38.18
2023-08-31 00:00:00,37.73
2023-08-31 04:00:00,37.69
2023-08-31 08:00:00,36.49
2023-08-31 12:00:00,36.84
2023-08-31 16:00:00,38.94
2023-08-31 20:00:00,35.98
2023-09-01 00:00:00,35.8
2023-09-01 04:00:00,35.43
2023-09-01 08:00:00,35.75
2023-09-01 12:00:00,36.86
2023-09-01 16:00:00,37.22
2023-09-01 20:00:00,36.09
2023-09-02 00:00:00,36.16
2023-09-02 04:00:00,36.23
2023-09-02 08:00:00,35.74
2023-09-02 12:00:00,35.55
2023-09-02 16:00:00,35.82
2023-09-02 20:00:00,35.57
2023-09-03 00:00:00,35.81
2023-09-03 04:00:00,36.95
2023-09-03 08:00:00,36.92
2023-09-03 12:00:00,37.14
2023-09-03 16:00:00,37.85
2023-09-03 20:00:00,37.84
2023-09-04 00:00:00,37.68
2023-09-04 04:00:00,37.49
2023-09-04 08:00:00,37.18
2023-09-04 12:00:00,37.52
2023-09-04 16:00:00,38.39
2023-09-04 20:00:00,38.3
2023-09-05 00:00:00,38.55
2023-09-05 04:00:00,38.33
2023-09-05 08:00:00,39.21
2023-09-05 12:00:00,39.38
2023-09-05 16:00:00,39.86
2023-09-05 20:00:00,39.79
2023-09-06 00:00:00,39.28
2023-09-06 04:00:00,38.81
2023-09-06 08:00:00,38.62
2023-09-06 12:00:00,40.03
2023-09-06 16:00:00,39.84
2023-09-06 20:00:00,39.41
2023-09-07 00:00:00,39.05
2023-09-07 04:00:00,39.23
2023-09-07 08:00:00,38.95
2023-09-07 12:00:00,40.03
2023-09-07 16:00:00,40.44
2023-09-07 20:00:00,39.74
2023-09-08 00:00:00,39.93
2023-09-08 04:00:00,40.17
2023-09-08 08:00:00,40.22
2023-09-08 12:00:00,40.26
2023-09-08 16:00:00,41.21
2023-09-08 20:00:00,40.0
2023-09-09 00:00:00,39.7
2023-09-09 04:00:00,39.4
2023-09-09 08:00:00,39.18
2023-09-09 12:00:00,39.54
2023-09-09 16:00:00,39.7
2023-09-09 20:00:00,39.75
2023-09-10 00:00:00,39.55
2023-09-10 04:00:00,39.93
2023-09-10 08:00:00,40.83
2023-09-10 12:00:00,40.93
2023-09-10 16:00:00,41.23
2023-09-10 20:00:00,40.52
2023-09-11 00:00:00,41.0
2023-09-11 04:00:00,40.94
2023-09-11 08:00:00,42.71
2023-09-11 12:00:00,43.76
2023-09-11 16:00:00,45.13
2023-09-11 20:00:00,44.33
2023-09-12 00:00:00,42.36
2023-09-12 04:00:00,42.21
2023-09-12 08:00:00,43.36
2023-09-12 12:00:00,44.31
2023-09-12 16:00:00,44.54
2023-09-12 20:00:00,43.57
2023-09-13 00:00:00,42.7
2023-09-13 04:00:00,43.32
2023-09-13 08:00:00,43.67
2023-09-13 12:00:00,43.19
2023-09-13 16:00:00,43.92
2023-09-13 20:00:00,44.05
2023-09-14 00:00:00,44.04
2023-09-14 04:00:00,43.35
2023-09-14 08:00:00,42.58
2023-09-14 12:00:00,41.99
2023-09-14 16:00:00,41.93
2023-09-14 20:00:00,41.71
2023-09-15 00:00:00,41.44
2023-09-15 04:00:00,41.17
2023-09-15 08:00:00,39.79
2023-09-15 12:00:00,39.87
2023-09-15 16:00:00,39.13
2023-09-15 20:00:00,39.14
2023-09-16 00:00:00,39.41
2023-09-16 04:00:00,39.29
2023-09-16 08:00:00,38.9
2023-09-16 12:00:00,39.32
2023-09-16 16:00:00,39.33
2023-09-16 20:00:00,39.52
2023-09-17 00:00:00,38.66
2023-09-17 04:00:00,38.38
2023-09-17 08:00:00,39.32
2023-09-17 12:00:00,38.88
2023-09-17 16:00:00,39.41
2023-09-17 20:00:00,39.83
2023-09-18 00:00:00,39.91
2023-09-18 04:00:00,40.02
2023-09-18 08:00:00,42.74
2023-09-18 12:00:00,41.66
2023-09-18 16:00:00,42.17
2023-09-18 20:00:00,41.48
2023-09-19 00:00:00,41.56
2023-09-19 04:00:00,41.52
2023-09-19 08:00:00,41.94
2023-09-19 12:00:00,42.1
2023-09-19 16:00:00,42.69
2023-09-19 20:00:00,42.53
2023-09-20 00:00:00,42.79
2023-09-20 04:00:00,42.81
2023-09-20 08:00:00,42.78
2023-09-20 12:00:00,42.24
2023-09-20 16:00:00,43.77
2023-09-20 20:00:00,43.01
2023-09-21 00:00:00,42.39
2023-09-21 04:00:00,42.12
2023-09-21 08:00:00,42.14
2023-09-21 12:00:00,41.01
2023-09-21 16:00:00,41.15
2023-09-21 20:00:00,41.37
2023-09-22 00:00:00,40.21
2023-09-22 04:00:00,39.31
2023-09-22 08:00:00,38.84
2023-09-22 12:00:00,38.19
2023-09-22 16:00:00,37.36
2023-09-22 20:00:00,37.29
2023-09-23 00:00:00,36.5
2023-09-23 04:00:00,36.57
2023-09-23 08:00:00,36.8
2023-09-23 12:00:00,36.86
2023-09-23 16:00:00,37.48
2023-09-23 20:00:00,37.64
2023-09-24 00:00:00,37.22
2023-09-24 04:00:00,37.52
2023-09-24 08:00:00,37.33
2023-09-24 12:00:00,38.91
2023-09-24 16:00:00,39.84
2023-09-24 20:00:00,38.6
2023-09-25 00:00:00,39.48
2023-09-25 04:00:00,39.06
2023-09-25 08:00:00,38.53
2023-09-25 12:00:00,38.45
2023-09-25 16:00:00,40.0
2023-09-25 20:00:00,39.25
2023-09-26 00:00:00,39.51
2023-09-26 04:00:00,39.42
2023-09-26 08:00:00,39.28
2023-09-26 12:00:00,40.44
2023-09-26 16:00:00,40.1
2023-09-26 20:00:00,38.67
2023-09-27 00:00:00,38.01
2023-09-27 04:00:00,37.63
2023-09-27 08:00:00,39.51
2023-09-27 12:00:00,38.54
2023-09-27 16:00:00,38.12
2023-09-27 20:00:00,36.06
2023-09-28 00:00:00,36.98
2023-09-28 04:00:00,38.62
2023-09-28 08:00:00,38.59
2023-09-28 12:00:00,38.48
2023-09-28 16:00:00,39.28
2023-09-28 20:00:00,38.63
2023-09-29 00:00:00,36.98
2023-09-29 04:00:00,38.54
2023-09-29 08:00:00,36.38
2023-09-29 12:00:00,35.91
2023-09-29 16:00:00,34.47
2023-09-29 20:00:00,33.04
2023-09-30 00:00:00,33.02
2023-09-30 04:00:00,32.88
2023-09-30 08:00:00,33.29
2023-09-30 12:00:00,34.03
2023-09-30 16:00:00,35.49
2023-09-30 20:00:00,35.89
2023-10-01 00:00:00,35.91
2023-10-01 04:00:00,36.2
2023-10-01 08:00:00,35.98
2023-10-01 12:00:00,35.78
2023-10-01 16:00:00,35.83
2023-10-01 20:00:00,37.5
2023-10-02 00:00:00,37.94
2023-10-02 04:00:00,38.72
2023-10-02 08:00:00,38.99
2023-10-02 12:00:00,40.68
2023-10-02 16:00:00,39.47
2023-10-02 20:00:00,38.17
2023-10-03 00:00:00,37.78
2023-10-03 04:00:00,37.56
2023-10-03 08:00:00,37.07
2023-10-03 12:00:00,37.98
2023-10-03 16:00:00,37.92
2023-10-03 20:00:00,37.96
2023-10-04 00:00:00,37.68
2023-10-04 04:00:00,37.52
2023-10-04 08:00:00,37.99
2023-10-04 12:00:00,38.15
2023-10-04 16:00:00,37.73
2023-10-04 20:00:00,37.28
2023-10-05 00:00:00,37.36
2023-10-05 04:00:00,37.2
2023-10-05 08:00:00,37.24
2023-10-05 12:00:00,38.22
2023-10-05 16:00:00,37.28
2023-10-05 20:00:00,36.75
2023-10-06 00:00:00,36.3
2023-10-06 04:00:00,35.13
2023-10-06 08:00:00,35.22
2023-10-06 12:00:00,35.61
2023-10-06 16:00:00,36.72
2023-10-06 20:00:00,35.06
2023-10-07 00:00:00,35.68
2023-10-07 04:00:00,35.74
2023-10-07 08:00:00,36.78
2023-10-07 12:00:00,37.13
2023-10-07 16:00:00,37.68
2023-10-07 20:00:00,37.61
2023-10-08 00:00:00,37.67
2023-10-08 04:00:00,37.86
2023-10-08 08:00:00,37.13
2023-10-08 12:00:00,36.48
2023-10-08 16:00:00,36.48
2023-10-08 20:00:00,37.85
2023-10-09 00:00:00,37.95
2023-10-09 04:00:00,37.47
2023-10-09 08:00:00,38.81
2023-10-09 12:00:00,38.02
2023-10-09 16:00:00,37.35
2023-10-09 20:00:00,36.81
2023-10-10 00:00:00,37.26
2023-10-10 04:00:00,37.92
2023-10-10 08:00:00,38.21
2023-10-10 12:00:00,38.87
2023-10-10 16:00:00,38.88
2023-10-10 20:00:00,38.53
2023-10-11 00:00:00,36.35
2023-10-11 04:00:00,36.95
2023-10-11 08:00:00,37.05
2023-10-11 12:00:00,38.44
2023-10-11 16:00:00,37.6
2023-10-11 20:00:00,36.88
2023-10-12 00:00:00,36.93
2023-10-12 04:00:00,37.43
2023-10-12 08:00:00,37.69
2023-10-12 12:00:00,37.4
2023-10-12 16:00:00,36.56
2023-10-12 20:00:00,35.19
2023-10-13 00:00:00,35.89
2023-10-13 04:00:00,36.22
2023-10-13 08:00:00,36.01
2023-10-13 12:00:00,35.84
2023-10-13 16:00:00,35.52
2023-10-13 20:00:00,35.37
2023-10-14 00:00:00,35.24
2023-10-14 04:00:00,35.27
2023-10-14 08:00:00,35.69
2023-10-14 12:00:00,35.93
2023-10-14 16:00:00,36.22
2023-10-14 20:00:00,36.53
2023-10-15 00:00:00,36.64
2023-10-15 04:00:00,36.6
2023-10-15 08:00:00,36.99
2023-10-15 12:00:00,36.88
2023-10-15 16:00:00,37.54
2023-10-15 20:00:00,38.16
2023-10-16 00:00:00,36.6
2023-10-16 04:00:00,38.02
2023-10-16 08:00:00,37.75
2023-10-16 12:00:00,39.72
2023-10-16 16:00:00,41.38
2023-10-16 20:00:00,42.63
2023-10-17 00:00:00,41.23
2023-10-17 04:00:00,41.51
2023-10-17 08:00:00,41.57
2023-10-17 12:00:00,41.26
2023-10-17 16:00:00,42.2
2023-10-17 20:00:00,41.08
2023-10-18 00:00:00,40.19
2023-10-18 04:00:00,39.99
2023-10-18 08:00:00,39.76
2023-10-18 12:00:00,39.68
2023-10-18 16:00:00,39.63
2023-10-18 20:00:00,39.24
2023-10-19 00:00:00,40.24
2023-10-19 04:00:00,40.4
2023-10-19 08:00:00,39.23
2023-10-19 12:00:00,40.14
2023-10-19 16:00:00,39.58
2023-10-19 20:00:00,39.18
2023-10-20 00:00:00,40.88
2023-10-20 04:00:00,42.77
2023-10-20 08:00:00,45.62
2023-10-20 12:00:00,43.68
2023-10-20 16:00:00,44.45
2023-10-20 20:00:00,44.26
2023-10-21 00:00:00,44.34
2023-10-21 04:00:00,43.19
2023-10-21 08:00:00,43.53
2023-10-21 12:00:00,44.44
2023-10-21 16:00:00,46.28
2023-10-21 20:00:00,45.9
2023-10-22 00:00:00,45.68
2023-10-22 04:00:00,46.27
2023-10-22 08:00:00,47.33
2023-10-22 12:00:00,47.43
2023-10-22 16:00:00,47.9
2023-10-22 20:00:00,48.81
2023-10-23 00:00:00,51.63
2023-10-23 04:00:00,52.98
2023-10-23 08:00:00,51.6
2023-10-23 12:00:00,49.1
2023-10-23 16:00:00,52.22
2023-10-23 20:00:00,55.37
2023-10-24 00:00:00,59.07
2023-10-24 04:00:00,59.28
2023-10-24 08:00:00,62.34
2023-10-24 12:00:00,56.55
2023-10-24 16:00:00,53.36
2023-10-24 20:00:00,54.19
2023-10-25 00:00:00,53.74
2023-10-25 04:00:00,53.87
2023-10-25 08:00:00,54.51
2023-10-25 12:00:00,58.55
2023-10-25 16:00:00,59.54
2023-10-25 20:00:00,58.36
2023-10-26 00:00:00,59.43
2023-10-26 04:00:00,60.64
2023-10-26 08:00:00,59.16
2023-10-26 12:00:00,58.49
2023-10-26 16:00:00,54.85
2023-10-26 20:00:00,55.02
2023-10-27 00:00:00,52.21
2023-10-27 04:00:00,52.69
2023-10-27 08:00:00,51.56
2023-10-27 12:00:00,51.36
2023-10-27 16:00:00,48.77
2023-10-27 20:00:00,47.19
2023-10-28 00:00:00,48.14
2023-10-28 04:00:00,48.98
2023-10-28 08:00:00,48.93
2023-10-28 12:00:00,49.56
2023-10-28 16:00:00,50.24
2023-10-28 20:00:00,50.23
2023-10-29 00:00:00,51.0
2023-10-29 04:00:00,51.4
2023-10-29 08:00:00,51.54
2023-10-29 12:00:00,53.23
2023-10-29 16:00:00,53.77
2023-10-29 20:00:00,54.21
2023-10-30 00:00:00,53.5
2023-10-30 04:00:00,54.71
2023-10-30 08:00:00,55.55
2023-10-30 12:00:00,56.13
2023-10-30 16:00:00,54.22
2023-10-30 20:00:00,53.89
2023-10-31 00:00:00,53.54
2023-10-31 04:00:00,54.48
2023-10-31 08:00:00,54.49
2023-10-31 12:00:00,53.88
2023-10-31 16:00:00,54.12
2023-10-31 20:00:00,54.76
2023-11-01 00:00:00,55.6
2023-11-01 04:00:00,55.86
2023-11-01 08:00:00,55.71
2023-11-01 12:00:00,55.64
2023-11-01 16:00:00,56.57
2023-11-01 20:00:00,59.78
2023-11-02 00:00:00,61.11
2023-11-02 04:00:00,60.93
2023-11-02 08:00:00,61.89
2023-11-02 12:00:00,59.26
2023-11-02 16:00:00,59.5
2023-11-02 20:00:00,60.0
2023-11-03 00:00:00,60.25
2023-11-03 04:00:00,59.54
2023-11-03 08:00:00,58.73
2023-11-03 12:00:00,60.43
2023-11-03 16:00:00,58.0
2023-11-03 20:00:00,57.89
2023-11-04 00:00:00,58.55
2023-11-04 04:00:00,59.76
2023-11-04 08:00:00,60.19
2023-11-04 12:00:00,59.96
2023-11-04 16:00:00,60.93
2023-11-04 20:00:00,62.46
2023-11-05 00:00:00,61.69
2023-11-05 04:00:00,60.53
2023-11-05 08:00:00,59.48
2023-11-05 12:00:00,59.46
2023-11-05 16:00:00,60.78
2023-11-05 20:00:00,60.1
2023-11-06 00:00:00,60.22
2023-11-06 04:00:00,59.24
2023-11-06 08:00:00,58.86
2023-11-06 12:00:00,58.7
2023-11-06 16:00:00,57.85
2023-11-06 20:00:00,57.36
2023-11-07 00:00:00,57.08
2023-11-07 04:00:00,56.15
2023-11-07 08:00:00,54.14
2023-11-07 12:00:00,52.9
2023-11-07 16:00:00,54.61
2023-11-07 20:00:00,55.48
2023-11-08 00:00:00,54.34
2023-11-08 04:00:00,55.71
2023-11-08 08:00:00,55.95
2023-11-08 12:00:00,54.85
2023-11-08 16:00:00,56.03
2023-11-08 20:00:00,57.58
2023-11-09 00:00:00,62.38
2023-11-09 04:00:00,63.85
2023-11-09 08:00:00,63.47
2023-11-09 12:00:00,60.83
2023-11-09 16:00:00,58.99
2023-11-09 20:00:00,58.87
2023-11-10 00:00:00,58.47
2023-11-10 04:00:00,58.0
2023-11-10 08:00:00,57.56
2023-11-10 12:00:00,58.22
2023-11-10 16:00:00,57.64
2023-11-10 20:00:00,56.84
2023-11-11 00:00:00,56.53
2023-11-11 04:00:00,57.01
2023-11-11 08:00:00,56.68
2023-11-11 12:00:00,57.51
2023-11-11 16:00:00,57.3
2023-11-11 20:00:00,58.09
2023-11-12 00:00:00,57.74
2023-11-12 04:00:00,57.86
2023-11-12 08:00:00,57.15
2023-11-12 12:00:00,56.7
2023-11-12 16:00:00,57.57
2023-11-12 20:00:00,58.33
2023-11-13 00:00:00,58.51
2023-11-13 04:00:00,58.86
2023-11-13 08:00:00,57.27
2023-11-13 12:00:00,57.86
2023-11-13 16:00:00,57.83
2023-11-13 20:00:00,56.26
2023-11-14 00:00:00,55.86
2023-11-14 04:00:00,56.06
2023-11-14 08:00:00,56.37
2023-11-14 12:00:00,57.04
2023-11-14 16:00:00,56.24
2023-11-14 20:00:00,56.24
2023-11-15 00:00:00,54.67
2023-11-15 04:00:00,54.2
2023-11-15 08:00:00,54.99
2023-11-15 12:00:00,55.02
2023-11-15 16:00:00,59.99
2023-11-15 20:00:00,60.51
2023-11-16 00:00:00,60.76
2023-11-16 04:00:00,60.04
2023-11-16 08:00:00,58.85
2023-11-16 12:00:00,56.84
2023-11-16 16:00:00,56.22
2023-11-16 20:00:00,55.35
2023-11-17 00:00:00,55.54
2023-11-17 04:00:00,55.06
2023-11-17 08:00:00,55.67
2023-11-17 12:00:00,56.43
2023-11-17 16:00:00,55.34
2023-11-17 20:00:00,55.4
2023-11-18 00:00:00,54.11
2023-11-18 04:00:00,54.06
2023-11-18 08:00:00,53.34
2023-11-18 12:00:00,53.42
2023-11-18 16:00:00,53.8
2023-11-18 20:00:00,54.38
2023-11-19 00:00:00,53.97
2023-11-19 04:00:00,53.74
2023-11-19 08:00:00,54.04
2023-11-19 12:00:00,54.76
2023-11-19 16:00:00,55.54
2023-11-19 20:00:00,56.54
2023-11-20 00:00:00,55.83
2023-11-20 04:00:00,54.99
2023-11-20 08:00:00,54.64
2023-11-20 12:00:00,55.71
2023-11-20 16:00:00,57.31
2023-11-20 20:00:00,57.94
2023-11-21 00:00:00,58.14
2023-11-21 04:00:00,56.92
2023-11-21 08:00:00,55.96
2023-11-21 12:00:00,56.15
2023-11-21 16:00:00,57.08
2023-11-21 20:00:00,55.72
2023-11-22 00:00:00,54.9
2023-11-22 04:00:00,54.95
2023-11-22 08:00:00,54.75
2023-11-22 12:00:00,53.76
2023-11-22 16:00:00,56.07
2023-11-22 20:00:00,55.5
2023-11-23 00:00:00,54.99
2023-11-23 04:00:00,55.35
2023-11-23 08:00:00,55.44
2023-11-23 12:00:00,54.26
2023-11-23 16:00:00,53.77
2023-11-23 20:00:00,53.87
2023-11-24 00:00:00,53.1
2023-11-24 04:00:00,52.3
2023-11-24 08:00:00,53.53
2023-11-24 12:00:00,54.99
2023-11-24 16:00:00,53.71
2023-11-24 20:00:00,53.65
2023-11-25 00:00:00,52.82
2023-11-25 04:00:00,51.86
2023-11-25 08:00:00,52.8
2023-11-25 12:00:00,52.12
2023-11-25 16:00:00,52.97
2023-11-25 20:00:00,52.13
2023-11-26 00:00:00,53.13
2023-11-26 04:00:00,52.95
2023-11-26 08:00:00,52.72
2023-11-26 12:00:00,52.88
2023-11-26 16:00:00,52.16
2023-11-26 20:00:00,53.19
2023-11-27 00:00:00,52.71
2023-11-27 04:00:00,52.31
2023-11-27 08:00:00,53.04
2023-11-27 12:00:00,52.93
2023-11-27 16:00:00,50.97
2023-11-27 20:00:00,50.62
2023-11-28 00:00:00,49.75
2023-11-28 04:00:00,50.09
2023-11-28 08:00:00,50.29
2023-11-28 12:00:00,51.36
2023-11-28 16:00:00,51.09
2023-11-28 20:00:00,50.58
2023-11-29 00:00:00,50.84
2023-11-29 04:00:00,50.79
2023-11-29 08:00:00,51.75
2023-11-29 12:00:00,51.62
2023-11-29 16:00:00,51.5
2023-11-29 20:00:00,51.9
2023-11-30 00:00:00,52.53
2023-11-30 04:00:00,52.06
2023-11-30 08:00:00,51.6
2023-11-30 12:00:00,50.57
2023-11-30 16:00:00,50.04
2023-11-30 20:00:00,49.8
2023-12-01 00:00:00,50.48
2023-12-01 04:00:00,51.09
2023-12-01 08:00:00,51.69
2023-12-01 12:00:00,51.66
2023-12-01 16:00:00,51.4
2023-12-01 20:00:00,51.46
2023-12-02 00:00:00,51.24
2023-12-02 04:00:00,51.21
2023-12-02 08:00:00,51.13
2023-12-02 12:00:00,51.76
2023-12-02 16:00:00,52.98
2023-12-02 20:00:00,52.35
2023-12-03 00:00:00,52.91
2023-12-03 04:00:00,53.17
2023-12-03 08:00:00,53.98
2023-12-03 12:00:00,55.1
2023-12-03 16:00:00,55.23
2023-12-03 20:00:00,54.72
2023-12-04 00:00:00,54.44
2023-12-04 04:00:00,54.24
2023-12-04 08:00:00,54.66
2023-12-04 12:00:00,54.6
2023-12-04 16:00:00,55.05
2023-12-04 20:00:00,55.09
2023-12-05 00:00:00,54.34
2023-12-05 04:00:00,53.42
2023-12-05 08:00:00,53.68
2023-12-05 12:00:00,53.44
2023-12-05 16:00:00,54.21
2023-12-05 20:00:00,55.71
2023-12-06 00:00:00,54.11
2023-12-06 04:00:00,54.93
2023-12-06 08:00:00,56.29
2023-12-06 12:00:00,55.05
2023-12-06 16:00:00,54.22
2023-12-06 20:00:00,53.71
2023-12-07 00:00:00,53.48
2023-12-07 04:00:00,52.69
2023-12-07 08:00:00,52.76
2023-12-07 12:00:00,52.66
2023-12-07 16:00:00,52.49
2023-12-07 20:00:00,52.4
2023-12-08 00:00:00,52.44
2023-12-08 04:00:00,52.44
2023-12-08 08:00:00,52.68
2023-12-08 12:00:00,52.94
2023-12-08 16:00:00,52.42
2023-12-08 20:00:00,53.72
2023-12-09 00:00:00,52.87
2023-12-09 04:00:00,53.55
2023-12-09 08:00:00,53.37
2023-12-09 12:00:00,54.17
2023-12-09 16:00:00,53.87
2023-12-09 20:00:00,53.98
2023-12-10 00:00:00,53.73
2023-12-10 04:00:00,53.81
2023-12-10 08:00:00,54.64
2023-12-10 12:00:00,54.76
2023-12-10 16:00:00,54.45
2023-12-10 20:00:00,55.03
2023-12-11 00:00:00,57.95
2023-12-11 04:00:00,56.47
2023-12-11 08:00:00,55.81
2023-12-11 12:00:00,54.58
2023-12-11 16:00:00,55.14
2023-12-11 20:00:00,55.59
2023-12-12 00:00:00,53.61
2023-12-12 04:00:00,53.78
2023-12-12 08:00:00,53.86
2023-12-12 12:00:00,53.77
2023-12-12 16:00:00,54.22
2023-12-12 20:00:00,53.87
2023-12-13 00:00:00,54.64
2023-12-13 04:00:00,54.42
2023-12-13 08:00:00,54.61
2023-12-13 12:00:00,54.45
2023-12-13 16:00:00,53.67
2023-12-13 20:00:00,53.46
2023-12-14 00:00:00,53.76
2023-12-14 04:00:00,53.69
2023-12-14 08:00:00,53.02
2023-12-14 12:00:00,53.34
2023-12-14 16:00:00,53.2
2023-12-14 20:00:00,53.13
2023-12-15 00:00:00,53.04
2023-12-15 04:00:00,52.83
2023-12-15 08:00:00,53.21
2023-12-15 12:00:00,54.62
2023-12-15 16:00:00,54.67
2023-12-15 20:00:00,54.15
2023-12-16 00:00:00,53.73
2023-12-16 04:00:00,53.86
2023-12-16 08:00:00,53.48
2023-12-16 12:00:00,53.62
2023-12-16 16:00:00,53.22
2023-12-16 20:00:00,53.81
2023-12-17 00:00:00,54.25
2023-12-17 04:00:00,53.72
2023-12-17 08:00:00,54.0
2023-12-17 12:00:00,53.66
2023-12-17 16:00:00,54.51
2023-12-17 20:00:00,54.6
2023-12-18 00:00:00,55.5
2023-12-18 04:00:00,55.24
2023-12-18 08:00:00,55.93
2023-12-18 12:00:00,54.86
2023-12-18 16:00:00,54.26
2023-12-18 20:00:00,56.02
2023-12-19 00:00:00,57.21
2023-12-19 04:00:00,57.33
2023-12-19 08:00:00,57.19
2023-12-19 12:00:00,57.25
2023-12-19 16:00:00,57.46
2023-12-19 20:00:00,57.62
2023-12-20 00:00:00,57.18
2023-12-20 04:00:00,57.47
2023-12-20 08:00:00,58.07
2023-12-20 12:00:00,58.34
2023-12-20 16:00:00,58.16
2023-12-20 20:00:00,58.1
2023-12-21 00:00:00,58.04
2023-12-21 04:00:00,57.74
2023-12-21 08:00:00,58.35
2023-12-21 12:00:00,58.88
2023-12-21 16:00:00,58.1
2023-12-21 20:00:00,58.63
2023-12-22 00:00:00,58.56
2023-12-22 04:00:00,58.55
2023-12-22 08:00:00,57.58
2023-12-22 12:00:00,57.18
2023-12-22 16:00:00,57.36
2023-12-22 20:00:00,57.24
2023-12-23 00:00:00,56.84
2023-12-23 04:00:00,56.91
2023-12-23 08:00:00,56.43
2023-12-23 12:00:00,56.79
2023-12-23 16:00:00,56.79
2023-12-23 20:00:00,56.97
2023-12-24 00:00:00,56.94
2023-12-24 04:00:00,56.85
2023-12-24 08:00:00,57.44
2023-12-24 12:00:00,57.5
2023-12-24 16:00:00,57.58
2023-12-24 20:00:00,58.73
2023-12-25 00:00:00,58.61
2023-12-25 04:00:00,57.44
2023-12-25 08:00:00,57.46
2023-12-25 12:00:00,58.3
2023-12-25 16:00:00,57.94
2023-12-25 20:00:00,58.26
2023-12-26 00:00:00,58.06
2023-12-26 04:00:00,58.6
2023-12-26 08:00:00,58.56
2023-12-26 12:00:00,58.84
2023-12-26 16:00:00,59.76
2023-12-26 20:00:00,59.98
2023-12-27 00:00:00,60.84
2023-12-27 04:00:00,61.51
2023-12-27 08:00:00,62.61
2023-12-27 12:00:00,63.26
2023-12-27 16:00:00,63.47
2023-12-27 20:00:00,64.35
2023-12-28 00:00:00,63.0
2023-12-28 04:00:00,63.03
2023-12-28 08:00:00,62.89
2023-12-28 12:00:00,62.75
2023-12-28 16:00:00,64.11
2023-12-28 20:00:00,63.75
2023-12-29 00:00:00,63.4
2023-12-29 04:00:00,64.06
2023-12-29 08:00:00,62.26
2023-12-29 12:00:00,62.81
2023-12-29 16:00:00,62.61
2023-12-29 20:00:00,62.5
2023-12-30 00:00:00,62.2
2023-12-30 04:00:00,62.32
2023-12-30 08:00:00,63.96
2023-12-30 12:00:00,63.51
2023-12-30 16:00:00,64.2
2023-12-30 20:00:00,63.11
2023-12-31 00:00:00,62.82
2023-12-31 04:00:00,63.42
2023-12-31 08:00:00,64.55
2023-12-31 12:00:00,63.92
2023-12-31 16:00:00,64.36
2023-12-31 20:00:00,64.71
2024-01-01 00:00:00,64.67
2024-01-01 04:00:00,64.43
2024-01-01 08:00:00,64.13
2024-01-01 12:00:00,64.37
2024-01-01 16:00:00,65.85
2024-01-01 20:00:00,66.81
2024-01-02 00:00:00,66.43
2024-01-02 04:00:00,66.02
2024-01-02 08:00:00,65.6
2024-01-02 12:00:00,65.05
2024-01-02 16:00:00,64.33
2024-01-02 20:00:00,63.75
2024-01-03 00:00:00,63.74
2024-01-03 04:00:00,62.38
2024-01-03 08:00:00,62.75
2024-01-03 12:00:00,64.74
2024-01-03 16:00:00,65.06
2024-01-03 20:00:00,65.17
2024-01-04 00:00:00,64.16
2024-01-04 04:00:00,64.46
2024-01-04 08:00:00,64.92
2024-01-04 12:00:00,65.9
2024-01-04 16:00:00,65.18
2024-01-04 20:00:00,65.34
2024-01-05 00:00:00,66.24
2024-01-05 04:00:00,67.34
2024-01-05 08:00:00,68.2
2024-01-05 12:00:00,67.09
2024-01-05 16:00:00,67.35
2024-01-05 20:00:00,67.64
2024-01-06 00:00:00,66.89
2024-01-06 04:00:00,68.36
2024-01-06 08:00:00,69.1
2024-01-06 12:00:00,70.83
2024-01-06 16:00:00,71.55
2024-01-06 20:00:00,71.39
2024-01-07 00:00:00,71.63
2024-01-07 04:00:00,71.14
2024-01-07 08:00:00,71.51
2024-01-07 12:00:00,72.61
2024-01-07 16:00:00,71.65
2024-01-07 20:00:00,71.81
2024-01-08 00:00:00,70.56
2024-01-08 04:00:00,70.13
2024-01-08 08:00:00,71.81
2024-01-08 12:00:00,71.11
2024-01-08 16:00:00,69.68
2024-01-08 20:00:00,67.16
2024-01-09 00:00:00,66.19
2024-01-09 04:00:00,64.4
2024-01-09 08:00:00,64.24
2024-01-09 12:00:00,66.78
2024-01-09 16:00:00,66.46
2024-01-09 20:00:00,64.17
2024-01-10 00:00:00,63.43
2024-01-10 04:00:00,64.02
2024-01-10 08:00:00,64.75
2024-01-10 12:00:00,66.92
2024-01-10 16:00:00,65.97
2024-01-10 20:00:00,62.7
2024-01-11 00:00:00,61.07
2024-01-11 04:00:00,61.57
2024-01-11 08:00:00,60.12
2024-01-11 12:00:00,61.18
2024-01-11 16:00:00,60.02
2024-01-11 20:00:00,57.3
2024-01-12 00:00:00,56.73
2024-01-12 04:00:00,55.07
2024-01-12 08:00:00,55.99
2024-01-12 12:00:00,55.96
2024-01-12 16:00:00,56.59
2024-01-12 20:00:00,57.42
2024-01-13 00:00:00,56.73
2024-01-13 04:00:00,55.13
2024-01-13 08:00:00,55.64
2024-01-13 12:00:00,54.55
2024-01-13 16:00:00,54.67
2024-01-13 20:00:00,55.07
2024-01-14 00:00:00,54.85
2024-01-14 04:00:00,55.32
2024-01-14 08:00:00,55.39
2024-01-14 12:00:00,55.95
2024-01-14 16:00:00,56.09
2024-01-14 20:00:00,56.87
2024-01-15 00:00:00,56.14
2024-01-15 04:00:00,55.76
2024-01-15 08:00:00,56.92
2024-01-15 12:00:00,55.85
2024-01-15 16:00:00,55.83
2024-01-15 20:00:00,55.96
2024-01-16 00:00:00,55.05
2024-01-16 04:00:00,56.2
2024-01-16 08:00:00,54.59
2024-01-16 12:00:00,55.31
2024-01-16 16:00:00,55.04
2024-01-16 20:00:00,55.16
2024-01-17 00:00:00,54.26
2024-01-17 04:00:00,52.84
2024-01-17 08:00:00,52.42
2024-01-17 12:00:00,52.29
2024-01-17 16:00:00,51.96
2024-01-17 20:00:00,50.79
2024-01-18 00:00:00,50.04
2024-01-18 04:00:00,48.72
2024-01-18 08:00:00,47.5
2024-01-18 12:00:00,47.11
2024-01-18 16:00:00,49.12
2024-01-18 20:00:00,48.31
2024-01-19 00:00:00,47.16
2024-01-19 04:00:00,46.43
2024-01-19 08:00:00,46.78
2024-01-19 12:00:00,47.82
2024-01-19 16:00:00,47.86
2024-01-19 20:00:00,48.04
2024-01-20 00:00:00,47.81
2024-01-20 04:00:00,46.81
2024-01-20 08:00:00,46.46
2024-01-20 12:00:00,47.82
2024-01-20 16:00:00,47.7
2024-01-20 20:00:00,47.96
2024-01-21 00:00:00,47.18
2024-01-21 04:00:00,48.08
2024-01-21 08:00:00,46.56
2024-01-21 12:00:00,47.51
2024-01-21 16:00:00,47.88
2024-01-21 20:00:00,47.82
2024-01-22 00:00:00,47.74
2024-01-22 04:00:00,47.42
2024-01-22 08:00:00,47.6
2024-01-22 12:00:00,48.14
2024-01-22 16:00:00,48.95
2024-01-22 20:00:00,48.98
2024-01-23 00:00:00,47.54
2024-01-23 04:00:00,47.75
2024-01-23 08:00:00,52.72
2024-01-23 12:00:00,52.46
2024-01-23 16:00:00,50.98
2024-01-23 20:00:00,49.59
2024-01-24 00:00:00,49.94
2024-01-24 04:00:00,49.1
2024-01-24 08:00:00,48.63
2024-01-24 12:00:00,48.1
2024-01-24 16:00:00,47.89
2024-01-24 20:00:00,47.54
2024-01-25 00:00:00,47.52
2024-01-25 04:00:00,46.38
2024-01-25 08:00:00,46.41
2024-01-25 12:00:00,46.48
2024-01-25 16:00:00,44.94
2024-01-25 20:00:00,45.01
2024-01-26 00:00:00,44.17
2024-01-26 04:00:00,43.62
2024-01-26 08:00:00,44.88
2024-01-26 12:00:00,44.87
2024-01-26 16:00:00,44.47
2024-01-26 20:00:00,43.73
2024-01-27 00:00:00,43.19
2024-01-27 04:00:00,42.56
2024-01-27 08:00:00,42.91
2024-01-27 12:00:00,42.03
2024-01-27 16:00:00,42.29
2024-01-27 20:00:00,42.43
2024-01-28 00:00:00,42.89
2024-01-28 04:00:00,43.47
2024-01-28 08:00:00,44.23
2024-01-28 12:00:00,45.69
2024-01-28 16:00:00,45.85
2024-01-28 20:00:00,45.25
2024-01-29 00:00:00,45.03
2024-01-29 04:00:00,44.54
2024-01-29 08:00:00,44.27
2024-01-29 12:00:00,44.56
2024-01-29 16:00:00,45.66
2024-01-29 20:00:00,45.36
2024-01-30 00:00:00,46.21
2024-01-30 04:00:00,46.15
2024-01-30 08:00:00,45.98
2024-01-30 12:00:00,46.18
2024-01-30 16:00:00,47.14
2024-01-30 20:00:00,46.91
2024-01-31 00:00:00,46.55
2024-01-31 04:00:00,46.92
2024-01-31 08:00:00,46.69
2024-01-31 12:00:00,47.15
2024-01-31 16:00:00,46.95
2024-01-31 20:00:00,45.79
2024-02-01 00:00:00,45.22
2024-02-01 04:00:00,45.09
2024-02-01 08:00:00,45.04
2024-02-01 12:00:00,44.75
2024-02-01 16:00:00,44.89
2024-02-01 20:00:00,44.76
2024-02-02 00:00:00,44.36
2024-02-02 04:00:00,43.59
2024-02-02 08:00:00,43.91
2024-02-02 12:00:00,43.32
2024-02-02 16:00:00,42.85
2024-02-02 20:00:00,42.41
2024-02-03 00:00:00,41.97
2024-02-03 04:00:00,42.56
2024-02-03 08:00:00,42.91
2024-02-03 12:00:00,42.49
2024-02-03 16:00:00,42.35
2024-02-03 20:00:00,41.52
2024-02-04 00:00:00,41.73
2024-02-04 04:00:00,42.35
2024-02-04 08:00:00,42.59
2024-02-04 12:00:00,42.36
2024-02-04 16:00:00,42.58
2024-02-04 20:00:00,42.69
2024-02-05 00:00:00,41.97
2024-02-05 04:00:00,42.78
2024-02-05 08:00:00,43.11
2024-02-05 12:00:00,43.1
2024-02-05 16:00:00,42.82
2024-02-05 20:00:00,42.37
2024-02-06 00:00:00,42.31
2024-02-06 04:00:00,42.58
2024-02-06 08:00:00,43.17
2024-02-06 12:00:00,43.32
2024-02-06 16:00:00,43.12
2024-02-06 20:00:00,42.87
2024-02-07 00:00:00,42.84
2024-02-07 04:00:00,42.59
2024-02-07 08:00:00,41.82
2024-02-07 12:00:00,42.08
2024-02-07 16:00:00,43.45
2024-02-07 20:00:00,43.82
2024-02-08 00:00:00,44.85
2024-02-08 04:00:00,44.61
2024-02-08 08:00:00,44.9
2024-02-08 12:00:00,46.0
2024-02-08 16:00:00,45.33
2024-02-08 20:00:00,44.91
2024-02-09 00:00:00,45.86
2024-02-09 04:00:00,46.09
2024-02-09 08:00:00,47.48
2024-02-09 12:00:00,47.29
2024-02-09 16:00:00,48.42
2024-02-09 20:00:00,47.79
2024-02-10 00:00:00,47.27
2024-02-10 04:00:00,47.5
2024-02-10 08:00:00,47.88
2024-02-10 12:00:00,47.87
2024-02-10 16:00:00,48.81
2024-02-10 20:00:00,49.91
2024-02-11 00:00:00,51.29
2024-02-11 04:00:00,50.8
2024-02-11 08:00:00,50.86
2024-02-11 12:00:00,50.44
2024-02-11 16:00:00,51.14
2024-02-11 20:00:00,51.29
2024-02-12 00:00:00,51.33
2024-02-12 04:00:00,51.79
2024-02-12 08:00:00,50.6
2024-02-12 12:00:00,55.12
2024-02-12 16:00:00,54.3
2024-02-12 20:00:00,54.28
2024-02-13 00:00:00,54.49
2024-02-13 04:00:00,54.2
2024-02-13 08:00:00,55.04
2024-02-13 12:00:00,53.9
2024-02-13 16:00:00,52.56
2024-02-13 20:00:00,52.19
2024-02-14 00:00:00,52.0
2024-02-14 04:00:00,52.13
2024-02-14 08:00:00,54.8
2024-02-14 12:00:00,55.57
2024-02-14 16:00:00,55.68
2024-02-14 20:00:00,55.13
2024-02-15 00:00:00,55.77
2024-02-15 04:00:00,55.8
2024-02-15 08:00:00,57.35
2024-02-15 12:00:00,56.42
2024-02-15 16:00:00,55.48
2024-02-15 20:00:00,55.08
2024-02-16 00:00:00,55.12
2024-02-16 04:00:00,55.21
2024-02-16 08:00:00,54.88
2024-02-16 12:00:00,55.23
2024-02-16 16:00:00,54.28
2024-02-16 20:00:00,55.24
2024-02-17 00:00:00,54.98
2024-02-17 04:00:00,54.86
2024-02-17 08:00:00,55.0
2024-02-17 12:00:00,55.31
2024-02-17 16:00:00,55.45
2024-02-17 20:00:00,56.24
2024-02-18 00:00:00,55.65
2024-02-18 04:00:00,55.79
2024-02-18 08:00:00,55.02
2024-02-18 12:00:00,55.62
2024-02-18 16:00:00,57.45
2024-02-18 20:00:00,57.24
2024-02-19 00:00:00,56.59
2024-02-19 04:00:00,56.46
2024-02-19 08:00:00,56.51
2024-02-19 12:00:00,56.51
2024-02-19 16:00:00,57.22
2024-02-19 20:00:00,56.83
2024-02-20 00:00:00,56.63
2024-02-20 04:00:00,56.44
2024-02-20 08:00:00,57.37
2024-02-20 12:00:00,56.45
2024-02-20 16:00:00,56.46
2024-02-20 20:00:00,55.63
2024-02-21 00:00:00,55.01
2024-02-21 04:00:00,54.49
2024-02-21 08:00:00,53.58
2024-02-21 12:00:00,54.48
2024-02-21 16:00:00,54.65
2024-02-21 20:00:00,54.01
2024-02-22 00:00:00,53.16
2024-02-22 04:00:00,55.53
2024-02-22 08:00:00,54.54
2024-02-22 12:00:00,55.26
2024-02-22 16:00:00,55.17
2024-02-22 20:00:00,55.38
2024-02-23 00:00:00,54.75
2024-02-23 04:00:00,53.55
2024-02-23 08:00:00,51.72
2024-02-23 12:00:00,52.26
2024-02-23 16:00:00,52.57
2024-02-23 20:00:00,52.23
2024-02-24 00:00:00,52.6
2024-02-24 04:00:00,52.48
2024-02-24 08:00:00,53.38
2024-02-24 12:00:00,54.57
2024-02-24 16:00:00,54.57
2024-02-24 20:00:00,54.18
2024-02-25 00:00:00,54.38
2024-02-25 04:00:00,54.68
2024-02-25 08:00:00,54.34
2024-02-25 12:00:00,55.06
2024-02-25 16:00:00,55.61
2024-02-25 20:00:00,55.17
2024-02-26 00:00:00,54.94
2024-02-26 04:00:00,54.87
2024-02-26 08:00:00,55.8
2024-02-26 12:00:00,56.38
2024-02-26 16:00:00,56.79
2024-02-26 20:00:00,56.05
2024-02-27 00:00:00,58.86
2024-02-27 04:00:00,58.17
2024-02-27 08:00:00,59.08
2024-02-27 12:00:00,59.99
2024-02-27 16:00:00,58.69
2024-02-27 20:00:00,58.36
2024-02-28 00:00:00,55.93
2024-02-28 04:00:00,56.37
2024-02-28 08:00:00,59.39
2024-02-28 12:00:00,66.01
2024-02-28 16:00:00,64.84
2024-02-28 20:00:00,67.76
2024-02-29 00:00:00,68.16
2024-02-29 04:00:00,70.41
2024-02-29 08:00:00,71.12
2024-02-29 12:00:00,70.78
2024-02-29 16:00:00,67.8
2024-02-29 20:00:00,65.54
2024-03-01 00:00:00,64.88
2024-03-01 04:00:00,63.49
2024-03-01 08:00:00,65.61
2024-03-01 12:00:00,64.78
2024-03-01 16:00:00,64.8
2024-03-01 20:00:00,65.37
2024-03-02 00:00:00,64.58
2024-03-02 04:00:00,64.43
2024-03-02 08:00:00,65.38
2024-03-02 12:00:00,64.93
2024-03-02 16:00:00,65.36
2024-03-02 20:00:00,65.82
2024-03-03 00:00:00,65.89
2024-03-03 04:00:00,68.08
2024-03-03 08:00:00,68.04
2024-03-03 12:00:00,69.53
2024-03-03 16:00:00,70.16
2024-03-03 20:00:00,71.72
2024-03-04 00:00:00,71.47
2024-03-04 04:00:00,72.59
2024-03-04 08:00:00,77.67
2024-03-04 12:00:00,77.33
2024-03-04 16:00:00,76.53
2024-03-04 20:00:00,74.81
2024-03-05 00:00:00,75.42
2024-03-05 04:00:00,76.28
2024-03-05 08:00:00,74.23
2024-03-05 12:00:00,74.78
2024-03-05 16:00:00,73.89
2024-03-05 20:00:00,73.19
2024-03-06 00:00:00,71.16
2024-03-06 04:00:00,76.01
2024-03-06 08:00:00,77.0
2024-03-06 12:00:00,76.98
2024-03-06 16:00:00,76.7
2024-03-06 20:00:00,74.85
2024-03-07 00:00:00,71.37
2024-03-07 04:00:00,70.07
2024-03-07 08:00:00,72.0
2024-03-07 12:00:00,73.28
2024-03-07 16:00:00,72.57
2024-03-07 20:00:00,69.68
2024-03-08 00:00:00,68.93
2024-03-08 04:00:00,70.04
2024-03-08 08:00:00,69.51
2024-03-08 12:00:00,75.11
2024-03-08 16:00:00,72.18
2024-03-08 20:00:00,71.87
2024-03-09 00:00:00,70.91
2024-03-09 04:00:00,71.9
2024-03-09 08:00:00,71.56
2024-03-09 12:00:00,73.04
2024-03-09 16:00:00,74.61
2024-03-09 20:00:00,75.04
2024-03-10 00:00:00,75.51
2024-03-10 04:00:00,76.58
2024-03-10 08:00:00,78.99
2024-03-10 12:00:00,80.21
2024-03-10 16:00:00,80.43
2024-03-10 20:00:00,80.12
2024-03-11 00:00:00,77.76
2024-03-11 04:00:00,81.84
2024-03-11 08:00:00,83.28
2024-03-11 12:00:00,84.25
2024-03-11 16:00:00,83.23
2024-03-11 20:00:00,83.02
2024-03-12 00:00:00,79.51
2024-03-12 04:00:00,79.69
2024-03-12 08:00:00,80.4
2024-03-12 12:00:00,77.16
2024-03-12 16:00:00,77.9
2024-03-12 20:00:00,78.08
2024-03-13 00:00:00,77.95
2024-03-13 04:00:00,80.86
2024-03-13 08:00:00,80.15
2024-03-13 12:00:00,79.65
2024-03-13 16:00:00,78.61
2024-03-13 20:00:00,77.5
2024-03-14 00:00:00,77.77
2024-03-14 04:00:00,74.99
2024-03-14 08:00:00,74.09
2024-03-14 12:00:00,73.36
2024-03-14 16:00:00,74.33
2024-03-14 20:00:00,74.58
2024-03-15 00:00:00,75.76
2024-03-15 04:00:00,75.29
2024-03-15 08:00:00,76.78
2024-03-15 12:00:00,76.91
2024-03-15 16:00:00,76.27
2024-03-15 20:00:00,76.7
2024-03-16 00:00:00,75.67
2024-03-16 04:00:00,74.41
2024-03-16 08:00:00,75.81
2024-03-16 12:00:00,73.0
2024-03-16 16:00:00,72.99
2024-03-16 20:00:00,75.73
2024-03-17 00:00:00,76.4
2024-03-17 04:00:00,78.11
2024-03-17 08:00:00,76.42
2024-03-17 12:00:00,75.92
2024-03-17 16:00:00,76.23
2024-03-17 20:00:00,75.93
2024-03-18 00:00:00,77.01
2024-03-18 04:00:00,76.61
2024-03-18 08:00:00,75.33
2024-03-18 12:00:00,74.66
2024-03-18 16:00:00,73.57
2024-03-18 20:00:00,74.08
2024-03-19 00:00:00,73.12
2024-03-19 04:00:00,73.26
2024-03-19 08:00:00,75.73
2024-03-19 12:00:00,75.37
2024-03-19 16:00:00,75.48
2024-03-19 20:00:00,76.61
2024-03-20 00:00:00,75.61
2024-03-20 04:00:00,79.59
2024-03-20 08:00:00,77.55
2024-03-20 12:00:00,77.79
2024-03-20 16:00:00,77.09
2024-03-20 20:00:00,77.73
2024-03-21 00:00:00,77.21
2024-03-21 04:00:00,78.07
2024-03-21 08:00:00,76.46
2024-03-21 12:00:00,74.93
2024-03-21 16:00:00,75.01
2024-03-21 20:00:00,75.26
2024-03-22 00:00:00,74.68
2024-03-22 04:00:00,74.23
2024-03-22 08:00:00,73.67
2024-03-22 12:00:00,75.04
2024-03-22 16:00:00,73.98
2024-03-22 20:00:00,72.46
2024-03-23 00:00:00,72.83
2024-03-23 04:00:00,74.32
2024-03-23 08:00:00,74.26
2024-03-23 12:00:00,73.93
2024-03-23 16:00:00,74.02
2024-03-23 20:00:00,73.68
2024-03-24 00:00:00,73.93
2024-03-24 04:00:00,73.98
2024-03-24 08:00:00,74.06
2024-03-24 12:00:00,73.98
2024-03-24 16:00:00,72.36
2024-03-24 20:00:00,72.62
2024-03-25 00:00:00,72.82
2024-03-25 04:00:00,75.1
2024-03-25 08:00:00,74.03
2024-03-25 12:00:00,76.56
2024-03-25 16:00:00,76.3
2024-03-25 20:00:00,76.25
2024-03-26 00:00:00,76.15
2024-03-26 04:00:00,76.14
2024-03-26 08:00:00,75.95
2024-03-26 12:00:00,75.99
2024-03-26 16:00:00,75.28
2024-03-26 20:00:00,75.39
2024-03-27 00:00:00,75.64
2024-03-27 04:00:00,74.86
2024-03-27 08:00:00,74.83
2024-03-27 12:00:00,75.65
2024-03-27 16:00:00,75.75
2024-03-27 20:00:00,75.78
2024-03-28 00:00:00,76.82
2024-03-28 04:00:00,76.87
2024-03-28 08:00:00,76.99
2024-03-28 12:00:00,76.57
2024-03-28 16:00:00,75.74
2024-03-28 20:00:00,76.53
2024-03-29 00:00:00,76.03
2024-03-29 04:00:00,74.57
2024-03-29 08:00:00,74.25
2024-03-29 12:00:00,73.82
2024-03-29 16:00:00,73.53
2024-03-29 20:00:00,73.11
2024-03-30 00:00:00,72.16
2024-03-30 04:00:00,72.64
2024-03-30 08:00:00,74.02
2024-03-30 12:00:00,75.59
2024-03-30 16:00:00,75.63
2024-03-30 20:00:00,74.93
2024-03-31 00:00:00,75.27
2024-03-31 04:00:00,76.01
2024-03-31 08:00:00,75.77
2024-03-31 12:00:00,76.05
2024-03-31 16:00:00,76.36
2024-03-31 20:00:00,76.64
2024-04-01 00:00:00,76.4
2024-04-01 04:00:00,76.32
2024-04-01 08:00:00,76.19
2024-04-01 12:00:00,74.62
2024-04-01 16:00:00,73.99
2024-04-01 20:00:00,73.81
2024-04-02 00:00:00,75.04
2024-04-02 04:00:00,74.19
2024-04-02 08:00:00,74.41
2024-04-02 12:00:00,74.86
2024-04-02 16:00:00,75.06
2024-04-02 20:00:00,74.37
2024-04-03 00:00:00,72.66
2024-04-03 04:00:00,72.68
2024-04-03 08:00:00,72.67
2024-04-03 12:00:00,72.35
2024-04-03 16:00:00,72.67
2024-04-03 20:00:00,72.45
2024-04-04 00:00:00,72.02
2024-04-04 04:00:00,71.19
2024-04-04 08:00:00,70.65
2024-04-04 12:00:00,70.41
2024-04-04 16:00:00,71.82
2024-04-04 20:00:00,72.31
2024-04-05 00:00:00,72.45
2024-04-05 04:00:00,73.24
2024-04-05 08:00:00,72.34
2024-04-05 12:00:00,72.23
2024-04-05 16:00:00,72.25
2024-04-05 20:00:00,71.96
2024-04-06 00:00:00,73.38
2024-04-06 04:00:00,71.89
2024-04-06 08:00:00,71.97
2024-04-06 12:00:00,72.52
2024-04-06 16:00:00,72.29
2024-04-06 20:00:00,72.3
2024-04-07 00:00:00,73.0
2024-04-07 04:00:00,73.31
2024-04-07 08:00:00,73.63
2024-04-07 12:00:00,75.68
2024-04-07 16:00:00,76.25
2024-04-07 20:00:00,77.43
2024-04-08 00:00:00,75.61
2024-04-08 04:00:00,75.64
2024-04-08 08:00:00,78.99
2024-04-08 12:00:00,77.23
2024-04-08 16:00:00,76.49
2024-04-08 20:00:00,76.25
2024-04-09 00:00:00,75.14
2024-04-09 04:00:00,75.76
2024-04-09 08:00:00,74.96
2024-04-09 12:00:00,74.34
2024-04-09 16:00:00,73.92
2024-04-09 20:00:00,73.69
2024-04-10 00:00:00,73.78
2024-04-10 04:00:00,73.45
2024-04-10 08:00:00,73.32
2024-04-10 12:00:00,73.24
2024-04-10 16:00:00,72.38
2024-04-10 20:00:00,72.32
2024-04-11 00:00:00,72.15
2024-04-11 04:00:00,71.94
2024-04-11 08:00:00,69.74
2024-04-11 12:00:00,69.23
2024-04-11 16:00:00,68.43
2024-04-11 20:00:00,68.42
2024-04-12 00:00:00,68.56
2024-04-12 04:00:00,68.3
2024-04-12 08:00:00,67.34
2024-04-12 12:00:00,66.68
2024-04-12 16:00:00,66.91
2024-04-12 20:00:00,66.94
2024-04-13 00:00:00,67.45
2024-04-13 04:00:00,67.53
2024-04-13 08:00:00,67.15
2024-04-13 12:00:00,67.02
2024-04-13 16:00:00,67.98
2024-04-13 20:00:00,72.95
2024-04-14 00:00:00,72.21
2024-04-14 04:00:00,72.64
2024-04-14 08:00:00,71.47
2024-04-14 12:00:00,73.1
2024-04-14 16:00:00,72.88
2024-04-14 20:00:00,71.99
2024-04-15 00:00:00,72.45
2024-04-15 04:00:00,71.41
2024-04-15 08:00:00,70.24
2024-04-15 12:00:00,68.59
2024-04-15 16:00:00,70.97
2024-04-15 20:00:00,70.48
2024-04-16 00:00:00,72.59
2024-04-16 04:00:00,71.32
2024-04-16 08:00:00,72.39
2024-04-16 12:00:00,72.8
2024-04-16 16:00:00,72.15
2024-04-16 20:00:00,70.88
2024-04-17 00:00:00,70.15
2024-04-17 04:00:00,69.03
2024-04-17 08:00:00,68.63
2024-04-17 12:00:00,71.49
2024-04-17 16:00:00,70.9
2024-04-17 20:00:00,70.72
2024-04-18 00:00:00,70.98
2024-04-18 04:00:00,70.14
2024-04-18 08:00:00,68.27
2024-04-18 12:00:00,69.39
2024-04-18 16:00:00,68.8
2024-04-18 20:00:00,69.98
2024-04-19 00:00:00,70.49
2024-04-19 04:00:00,71.5
2024-04-19 08:00:00,71.3
2024-04-19 12:00:00,70.6
2024-04-19 16:00:00,69.3
2024-04-19 20:00:00,70.4
2024-04-20 00:00:00,69.72
2024-04-20 04:00:00,68.8
2024-04-20 08:00:00,68.79
2024-04-20 12:00:00,69.07
2024-04-20 16:00:00,72.56
2024-04-20 20:00:00,71.98
2024-04-21 00:00:00,71.84
2024-04-21 04:00:00,71.96
2024-04-21 08:00:00,72.24
2024-04-21 12:00:00,71.88
2024-04-21 16:00:00,72.21
2024-04-21 20:00:00,72.05
2024-04-22 00:00:00,71.3
2024-04-22 04:00:00,70.51
2024-04-22 08:00:00,70.78
2024-04-22 12:00:00,69.95
2024-04-22 16:00:00,69.75
2024-04-22 20:00:00,69.37
2024-04-23 00:00:00,69.02
2024-04-23 04:00:00,68.58
2024-04-23 08:00:00,67.9
2024-04-23 12:00:00,66.89
2024-04-23 16:00:00,66.45
2024-04-23 20:00:00,64.16
2024-04-24 00:00:00,64.63
2024-04-24 04:00:00,65.43
2024-04-24 08:00:00,64.78
2024-04-24 12:00:00,65.04
2024-04-24 16:00:00,63.14
2024-04-24 20:00:00,62.44
2024-04-25 00:00:00,60.99
2024-04-25 04:00:00,59.73
2024-04-25 08:00:00,58.41
2024-04-25 12:00:00,58.59
2024-04-25 16:00:00,59.88
2024-04-25 20:00:00,59.29
2024-04-26 00:00:00,58.35
2024-04-26 04:00:00,56.34
2024-04-26 08:00:00,55.35
2024-04-26 12:00:00,55.76
2024-04-26 16:00:00,55.0
2024-04-26 20:00:00,55.12
2024-04-27 00:00:00,55.09
2024-04-27 04:00:00,54.96
2024-04-27 08:00:00,55.01
2024-04-27 12:00:00,55.04
2024-04-27 16:00:00,55.23
2024-04-27 20:00:00,54.69
2024-04-28 00:00:00,54.33
2024-04-28 04:00:00,54.27
2024-04-28 08:00:00,56.98
2024-04-28 12:00:00,56.57
2024-04-28 16:00:00,56.5
2024-04-28 20:00:00,56.79
2024-04-29 00:00:00,55.94
2024-04-29 04:00:00,55.81
2024-04-29 08:00:00,55.59
2024-04-29 12:00:00,56.08
2024-04-29 16:00:00,55.57
2024-04-29 20:00:00,55.33
2024-04-30 00:00:00,54.13
2024-04-30 04:00:00,52.59
2024-04-30 08:00:00,56.47
2024-04-30 12:00:00,61.16
2024-04-30 16:00:00,62.81
2024-04-30 20:00:00,59.81
2024-05-01 00:00:00,58.86
2024-05-01 04:00:00,62.0
2024-05-01 08:00:00,62.35
2024-05-01 12:00:00,62.68
2024-05-01 16:00:00,63.43
2024-05-01 20:00:00,61.22
2024-05-02 00:00:00,61.48
2024-05-02 04:00:00,60.0
2024-05-02 08:00:00,57.83
2024-05-02 12:00:00,57.77
2024-05-02 16:00:00,57.08
2024-05-02 20:00:00,56.77
2024-05-03 00:00:00,56.35
2024-05-03 04:00:00,56.14
2024-05-03 08:00:00,54.75
2024-05-03 12:00:00,55.88
2024-05-03 16:00:00,55.03
2024-05-03 20:00:00,55.88
2024-05-04 00:00:00,56.71
2024-05-04 04:00:00,57.14
2024-05-04 08:00:00,58.06
2024-05-04 12:00:00,56.83
2024-05-04 16:00:00,57.24
2024-05-04 20:00:00,56.89
2024-05-05 00:00:00,57.07
2024-05-05 04:00:00,58.14
2024-05-05 08:00:00,57.66
2024-05-05 12:00:00,58.2
2024-05-05 16:00:00,59.13
2024-05-05 20:00:00,58.65
2024-05-06 00:00:00,58.47
2024-05-06 04:00:00,58.62
2024-05-06 08:00:00,58.94
2024-05-06 12:00:00,57.91
2024-05-06 16:00:00,56.21
2024-05-06 20:00:00,55.57
2024-05-07 00:00:00,55.46
2024-05-07 04:00:00,55.4
2024-05-07 08:00:00,55.92
2024-05-07 12:00:00,54.55
2024-05-07 16:00:00,54.0
2024-05-07 20:00:00,53.76
2024-05-08 00:00:00,53.01
2024-05-08 04:00:00,52.66
2024-05-08 08:00:00,52.83
2024-05-08 12:00:00,53.23
2024-05-08 16:00:00,53.18
2024-05-08 20:00:00,55.43
2024-05-09 00:00:00,55.0
2024-05-09 04:00:00,54.69
2024-05-09 08:00:00,53.92
2024-05-09 12:00:00,53.33
2024-05-09 16:00:00,52.65
2024-05-09 20:00:00,52.17
2024-05-10 00:00:00,51.46
2024-05-10 04:00:00,51.46
2024-05-10 08:00:00,52.04
2024-05-10 12:00:00,53.78
2024-05-10 16:00:00,54.48
2024-05-10 20:00:00,54.27
2024-05-11 00:00:00,53.48
2024-05-11 04:00:00,53.68
2024-05-11 08:00:00,53.42
2024-05-11 12:00:00,53.13
2024-05-11 16:00:00,53.27
2024-05-11 20:00:00,54.17
2024-05-12 00:00:00,53.98
2024-05-12 04:00:00,55.04
2024-05-12 08:00:00,55.09
2024-05-12 12:00:00,55.34
2024-05-12 16:00:00,55.46
2024-05-12 20:00:00,54.52
2024-05-13 00:00:00,55.54
2024-05-13 04:00:00,55.54
2024-05-13 08:00:00,57.19
2024-05-13 12:00:00,56.44
2024-05-13 16:00:00,56.04
2024-05-13 20:00:00,56.13
2024-05-14 00:00:00,56.55
2024-05-14 04:00:00,55.89
2024-05-14 08:00:00,55.93
2024-05-14 12:00:00,56.95
2024-05-14 16:00:00,56.38
2024-05-14 20:00:00,56.23
2024-05-15 00:00:00,56.16
2024-05-15 04:00:00,56.8
2024-05-15 08:00:00,60.81
2024-05-15 12:00:00,59.06
2024-05-15 16:00:00,57.34
2024-05-15 20:00:00,58.61
2024-05-16 00:00:00,57.4
2024-05-16 04:00:00,58.59
2024-05-16 08:00:00,58.02
2024-05-16 12:00:00,57.68
2024-05-16 16:00:00,57.37
2024-05-16 20:00:00,57.49
2024-05-17 00:00:00,56.56
2024-05-17 04:00:00,55.51
2024-05-17 08:00:00,55.21
2024-05-17 12:00:00,56.35
2024-05-17 16:00:00,55.42
2024-05-17 20:00:00,55.26
2024-05-18 00:00:00,55.44
2024-05-18 04:00:00,56.62
2024-05-18 08:00:00,57.03
2024-05-18 12:00:00,56.66
2024-05-18 16:00:00,56.72
2024-05-18 20:00:00,56.67
2024-05-19 00:00:00,56.76
2024-05-19 04:00:00,57.28
2024-05-19 08:00:00,57.18
2024-05-19 12:00:00,56.77
2024-05-19 16:00:00,57.37
2024-05-19 20:00:00,57.32
2024-05-20 00:00:00,57.0
2024-05-20 04:00:00,57.1
2024-05-20 08:00:00,58.35
2024-05-20 12:00:00,58.64
2024-05-20 16:00:00,58.67
2024-05-20 20:00:00,61.94
2024-05-21 00:00:00,59.56
2024-05-21 04:00:00,59.11
2024-05-21 08:00:00,60.56
2024-05-21 12:00:00,58.87
2024-05-21 16:00:00,58.35
2024-05-21 20:00:00,58.59
2024-05-22 00:00:00,58.13
2024-05-22 04:00:00,57.65
2024-05-22 08:00:00,56.76
2024-05-22 12:00:00,56.83
2024-05-22 16:00:00,56.69
2024-05-22 20:00:00,56.8
2024-05-23 00:00:00,55.5
2024-05-23 04:00:00,55.82
2024-05-23 08:00:00,56.69
2024-05-23 12:00:00,55.51
2024-05-23 16:00:00,55.93
2024-05-23 20:00:00,53.18
2024-05-24 00:00:00,52.86
2024-05-24 04:00:00,51.53
2024-05-24 08:00:00,53.23
2024-05-24 12:00:00,52.29
2024-05-24 16:00:00,52.41
2024-05-24 20:00:00,52.29
2024-05-25 00:00:00,52.23
2024-05-25 04:00:00,51.79
2024-05-25 08:00:00,52.17
2024-05-25 12:00:00,52.44
2024-05-25 16:00:00,52.74
2024-05-25 20:00:00,52.21
2024-05-26 00:00:00,52.89
2024-05-26 04:00:00,52.34
2024-05-26 08:00:00,52.53
2024-05-26 12:00:00,52.72
2024-05-26 16:00:00,53.29
2024-05-26 20:00:00,53.73
2024-05-27 00:00:00,53.54
2024-05-27 04:00:00,53.03
2024-05-27 08:00:00,52.69
2024-05-27 12:00:00,54.7
2024-05-27 16:00:00,54.4
2024-05-27 20:00:00,53.91
2024-05-28 00:00:00,54.67
2024-05-28 04:00:00,55.08
2024-05-28 08:00:00,55.66
2024-05-28 12:00:00,54.72
2024-05-28 16:00:00,54.81
2024-05-28 20:00:00,54.76
2024-05-29 00:00:00,54.53
2024-05-29 04:00:00,54.17
2024-05-29 08:00:00,53.24
2024-05-29 12:00:00,53.16
2024-05-29 16:00:00,53.35
2024-05-29 20:00:00,53.24
2024-05-30 00:00:00,53.21
2024-05-30 04:00:00,53.22
2024-05-30 08:00:00,52.37
2024-05-30 12:00:00,52.22
2024-05-30 16:00:00,52.9
2024-05-30 20:00:00,53.27
2024-05-31 00:00:00,52.18
2024-05-31 04:00:00,51.51
2024-05-31 08:00:00,50.52
2024-05-31 12:00:00,51.22
2024-05-31 16:00:00,51.14
2024-05-31 20:00:00,51.99
2024-06-01 00:00:00,51.38
2024-06-01 04:00:00,50.49
2024-06-01 08:00:00,50.46
2024-06-01 12:00:00,50.88
2024-06-01 16:00:00,50.77
2024-06-01 20:00:00,50.68
2024-06-02 00:00:00,50.68
2024-06-02 04:00:00,50.63
2024-06-02 08:00:00,50.7
2024-06-02 12:00:00,51.23
2024-06-02 16:00:00,51.05
2024-06-02 20:00:00,51.11
2024-06-03 00:00:00,51.31
2024-06-03 04:00:00,52.04
2024-06-03 08:00:00,53.02
2024-06-03 12:00:00,53.32
2024-06-03 16:00:00,53.47
2024-06-03 20:00:00,52.77
2024-06-04 00:00:00,52.47
2024-06-04 04:00:00,51.8
2024-06-04 08:00:00,51.84
2024-06-04 12:00:00,53.3
2024-06-04 16:00:00,54.06
2024-06-04 20:00:00,53.95
2024-06-05 00:00:00,55.84
2024-06-05 04:00:00,56.28
2024-06-05 08:00:00,55.37
2024-06-05 12:00:00,56.2
2024-06-05 16:00:00,56.4
2024-06-05 20:00:00,55.62
2024-06-06 00:00:00,55.08
2024-06-06 04:00:00,54.49
2024-06-06 08:00:00,54.26
2024-06-06 12:00:00,53.79
2024-06-06 16:00:00,52.76
2024-06-06 20:00:00,51.87
2024-06-07 00:00:00,51.98
2024-06-07 04:00:00,52.1
2024-06-07 08:00:00,53.92
2024-06-07 12:00:00,51.2
2024-06-07 16:00:00,51.42
2024-06-07 20:00:00,50.02
2024-06-08 00:00:00,49.61
2024-06-08 04:00:00,49.68
2024-06-08 08:00:00,50.4
2024-06-08 12:00:00,50.3
2024-06-08 16:00:00,50.07
2024-06-08 20:00:00,50.34
2024-06-09 00:00:00,50.23
2024-06-09 04:00:00,50.29
2024-06-09 08:00:00,49.96
2024-06-09 12:00:00,50.8
2024-06-09 16:00:00,51.87
2024-06-09 20:00:00,51.79
2024-06-10 00:00:00,51.86
2024-06-10 04:00:00,51.93
2024-06-10 08:00:00,51.84
2024-06-10 12:00:00,51.46
2024-06-10 16:00:00,51.33
2024-06-10 20:00:00,50.88
2024-06-11 00:00:00,51.64
2024-06-11 04:00:00,52.0
2024-06-11 08:00:00,52.97
2024-06-11 12:00:00,52.32
2024-06-11 16:00:00,52.38
2024-06-11 20:00:00,52.49
2024-06-12 00:00:00,52.2
2024-06-12 04:00:00,52.0
2024-06-12 08:00:00,53.35
2024-06-12 12:00:00,53.38
2024-06-12 16:00:00,50.58
2024-06-12 20:00:00,50.56
2024-06-13 00:00:00,50.42
2024-06-13 04:00:00,50.34
2024-06-13 08:00:00,49.96
2024-06-13 12:00:00,48.73
2024-06-13 16:00:00,49.33
2024-06-13 20:00:00,49.23
2024-06-14 00:00:00,49.5
2024-06-14 04:00:00,49.13
2024-06-14 08:00:00,47.95
2024-06-14 12:00:00,47.48
2024-06-14 16:00:00,47.99
2024-06-14 20:00:00,48.56
2024-06-15 00:00:00,49.27
2024-06-15 04:00:00,48.84
2024-06-15 08:00:00,48.86
2024-06-15 12:00:00,47.81
2024-06-15 16:00:00,47.77
2024-06-15 20:00:00,48.03
2024-06-16 00:00:00,47.98
2024-06-16 04:00:00,47.92
2024-06-16 08:00:00,48.05
2024-06-16 12:00:00,48.25
2024-06-16 16:00:00,48.34
2024-06-16 20:00:00,47.9
2024-06-17 00:00:00,48.21
2024-06-17 04:00:00,48.46
2024-06-17 08:00:00,48.75
2024-06-17 12:00:00,49.53
2024-06-17 16:00:00,49.26
2024-06-17 20:00:00,48.81
2024-06-18 00:00:00,49.26
2024-06-18 04:00:00,49.41
2024-06-18 08:00:00,48.99
2024-06-18 12:00:00,50.31
2024-06-18 16:00:00,50.04
2024-06-18 20:00:00,50.06
2024-06-19 00:00:00,49.67
2024-06-19 04:00:00,50.95
2024-06-19 08:00:00,49.82
2024-06-19 12:00:00,49.73
2024-06-19 16:00:00,49.44
2024-06-19 20:00:00,48.6
2024-06-20 00:00:00,48.43
2024-06-20 04:00:00,49.3
2024-06-20 08:00:00,49.1
2024-06-20 12:00:00,49.14
2024-06-20 16:00:00,48.92
2024-06-20 20:00:00,48.28
2024-06-21 00:00:00,46.39
2024-06-21 04:00:00,47.09
2024-06-21 08:00:00,48.02
2024-06-21 12:00:00,48.17
2024-06-21 16:00:00,47.37
2024-06-21 20:00:00,47.11
2024-06-22 00:00:00,46.33
2024-06-22 04:00:00,47.01
2024-06-22 08:00:00,46.97
2024-06-22 12:00:00,46.61
2024-06-22 16:00:00,46.3
2024-06-22 20:00:00,46.43
2024-06-23 00:00:00,46.17
2024-06-23 04:00:00,46.3
2024-06-23 08:00:00,46.79
2024-06-23 12:00:00,47.25
2024-06-23 16:00:00,47.33
2024-06-23 20:00:00,48.23
2024-06-24 00:00:00,47.66
2024-06-24 04:00:00,48.12
2024-06-24 08:00:00,49.43
2024-06-24 12:00:00,49.71
2024-06-24 16:00:00,51.57
2024-06-24 20:00:00,50.96
2024-06-25 00:00:00,49.57
2024-06-25 04:00:00,49.62
2024-06-25 08:00:00,47.93
2024-06-25 12:00:00,48.46
2024-06-25 16:00:00,48.68
2024-06-25 20:00:00,48.14
2024-06-26 00:00:00,46.99
2024-06-26 04:00:00,47.01
2024-06-26 08:00:00,47.38
2024-06-26 12:00:00,47.16
2024-06-26 16:00:00,47.14
2024-06-26 20:00:00,47.05
2024-06-27 00:00:00,46.95
2024-06-27 04:00:00,46.79
2024-06-27 08:00:00,47.79
2024-06-27 12:00:00,47.66
2024-06-27 16:00:00,47.69
2024-06-27 20:00:00,47.94
2024-06-28 00:00:00,47.24
2024-06-28 04:00:00,46.66
2024-06-28 08:00:00,45.72
2024-06-28 12:00:00,44.97
2024-06-28 16:00:00,45.66
2024-06-28 20:00:00,45.4
2024-06-29 00:00:00,44.54
2024-06-29 04:00:00,44.4
2024-06-29 08:00:00,44.53
2024-06-29 12:00:00,44.06
2024-06-29 16:00:00,43.72
2024-06-29 20:00:00,43.47
2024-06-30 00:00:00,43.85
2024-06-30 04:00:00,44.34
2024-06-30 08:00:00,44.35
2024-06-30 12:00:00,44.19
2024-06-30 16:00:00,45.2
2024-06-30 20:00:00,45.44
2024-07-01 00:00:00,44.94
2024-07-01 04:00:00,44.57
2024-07-01 08:00:00,44.25
2024-07-01 12:00:00,44.76
2024-07-01 16:00:00,44.89
2024-07-01 20:00:00,44.71
2024-07-02 00:00:00,44.04
2024-07-02 04:00:00,43.22
2024-07-02 08:00:00,42.96
2024-07-02 12:00:00,42.6
2024-07-02 16:00:00,42.46
2024-07-02 20:00:00,42.33
2024-07-03 00:00:00,41.87
2024-07-03 04:00:00,41.45
2024-07-03 08:00:00,44.24
2024-07-03 12:00:00,43.89
2024-07-03 16:00:00,44.91
2024-07-03 20:00:00,45.36
2024-07-04 00:00:00,47.35
2024-07-04 04:00:00,48.05
2024-07-04 08:00:00,47.85
2024-07-04 12:00:00,47.18
2024-07-04 16:00:00,46.47
2024-07-04 20:00:00,47.53
2024-07-05 00:00:00,53.36
2024-07-05 04:00:00,52.56
2024-07-05 08:00:00,51.52
2024-07-05 12:00:00,48.28
2024-07-05 16:00:00,48.55
2024-07-05 20:00:00,48.98
2024-07-06 00:00:00,49.59
2024-07-06 04:00:00,49.32
2024-07-06 08:00:00,48.74
2024-07-06 12:00:00,48.5
2024-07-06 16:00:00,47.71
2024-07-06 20:00:00,48.21
2024-07-07 00:00:00,48.62
2024-07-07 04:00:00,48.7
2024-07-07 08:00:00,48.87
2024-07-07 12:00:00,50.13
2024-07-07 16:00:00,50.0
2024-07-07 20:00:00,50.99
2024-07-08 00:00:00,52.17
2024-07-08 04:00:00,52.31
2024-07-08 08:00:00,50.55
2024-07-08 12:00:00,53.1
2024-07-08 16:00:00,51.29
2024-07-08 20:00:00,51.03
2024-07-09 00:00:00,51.33
2024-07-09 04:00:00,51.34
2024-07-09 08:00:00,51.65
2024-07-09 12:00:00,50.64
2024-07-09 16:00:00,50.28
2024-07-09 20:00:00,50.05
2024-07-10 00:00:00,49.88
2024-07-10 04:00:00,49.12
2024-07-10 08:00:00,48.92
2024-07-10 12:00:00,49.45
2024-07-10 16:00:00,49.06
2024-07-10 20:00:00,48.69
2024-07-11 00:00:00,49.19
2024-07-11 04:00:00,49.02
2024-07-11 08:00:00,48.72
2024-07-11 12:00:00,48.63
2024-07-11 16:00:00,48.83
2024-07-11 20:00:00,48.54
2024-07-12 00:00:00,47.93
2024-07-12 04:00:00,47.31
2024-07-12 08:00:00,46.49
2024-07-12 12:00:00,46.62
2024-07-12 16:00:00,46.71
2024-07-12 20:00:00,46.32
2024-07-13 00:00:00,46.09
2024-07-13 04:00:00,45.89
2024-07-13 08:00:00,45.59
2024-07-13 12:00:00,45.74
2024-07-13 16:00:00,45.86
2024-07-13 20:00:00,49.18
2024-07-14 00:00:00,51.01
2024-07-14 04:00:00,50.15
2024-07-14 08:00:00,49.9
2024-07-14 12:00:00,48.85
2024-07-14 16:00:00,48.84
2024-07-14 20:00:00,49.3
2024-07-15 00:00:00,49.81
2024-07-15 04:00:00,50.23
2024-07-15 08:00:00,51.96
2024-07-15 12:00:00,52.35
2024-07-15 16:00:00,53.0
2024-07-15 20:00:00,54.52
2024-07-16 00:00:00,55.54
2024-07-16 04:00:00,54.64
2024-07-16 08:00:00,55.52
2024-07-16 12:00:00,56.4
2024-07-16 16:00:00,56.36
2024-07-16 20:00:00,56.49
2024-07-17 00:00:00,61.64
2024-07-17 04:00:00,61.77
2024-07-17 08:00:00,61.23
2024-07-17 12:00:00,59.38
2024-07-17 16:00:00,58.5
2024-07-17 20:00:00,58.28
2024-07-18 00:00:00,57.35
2024-07-18 04:00:00,56.71
2024-07-18 08:00:00,56.51
2024-07-18 12:00:00,55.93
2024-07-18 16:00:00,56.69
2024-07-18 20:00:00,57.1
2024-07-19 00:00:00,57.48
2024-07-19 04:00:00,56.28
2024-07-19 08:00:00,56.62
2024-07-19 12:00:00,58.17
2024-07-19 16:00:00,62.21
2024-07-19 20:00:00,60.8
2024-07-20 00:00:00,60.07
2024-07-20 04:00:00,59.59
2024-07-20 08:00:00,59.87
2024-07-20 12:00:00,60.43
2024-07-20 16:00:00,62.58
2024-07-20 20:00:00,62.65
2024-07-21 00:00:00,62.47
2024-07-21 04:00:00,62.24
2024-07-21 08:00:00,62.13
2024-07-21 12:00:00,62.37
2024-07-21 16:00:00,65.95
2024-07-21 20:00:00,66.0
2024-07-22 00:00:00,62.74
2024-07-22 04:00:00,63.94
2024-07-22 08:00:00,63.86
2024-07-22 12:00:00,65.29
2024-07-22 16:00:00,67.62
2024-07-22 20:00:00,67.63
2024-07-23 00:00:00,66.82
2024-07-23 04:00:00,67.69
2024-07-23 08:00:00,67.92
2024-07-23 12:00:00,66.33
2024-07-23 16:00:00,65.1
2024-07-23 20:00:00,63.91
2024-07-24 00:00:00,63.29
2024-07-24 04:00:00,62.34
2024-07-24 08:00:00,61.44
2024-07-24 12:00:00,62.09
2024-07-24 16:00:00,62.65
2024-07-24 20:00:00,61.39
2024-07-25 00:00:00,60.08
2024-07-25 04:00:00,60.35
2024-07-25 08:00:00,61.1
2024-07-25 12:00:00,61.75
2024-07-25 16:00:00,62.06
2024-07-25 20:00:00,61.81
2024-07-26 00:00:00,62.52
2024-07-26 04:00:00,62.32
2024-07-26 08:00:00,61.11
2024-07-26 12:00:00,60.87
2024-07-26 16:00:00,59.94
2024-07-26 20:00:00,60.1
2024-07-27 00:00:00,59.63
2024-07-27 04:00:00,59.39
2024-07-27 08:00:00,60.08
2024-07-27 12:00:00,60.26
2024-07-27 16:00:00,59.13
2024-07-27 20:00:00,55.04
2024-07-28 00:00:00,54.4
2024-07-28 04:00:00,53.25
2024-07-28 08:00:00,52.58
2024-07-28 12:00:00,51.77
2024-07-28 16:00:00,52.72
2024-07-28 20:00:00,52.65
2024-07-29 00:00:00,54.09
2024-07-29 04:00:00,56.15
2024-07-29 08:00:00,55.9
2024-07-29 12:00:00,52.88
2024-07-29 16:00:00,52.67
2024-07-29 20:00:00,51.73
2024-07-30 00:00:00,50.38
2024-07-30 04:00:00,49.64
2024-07-30 08:00:00,50.51
2024-07-30 12:00:00,50.28
2024-07-30 16:00:00,50.24
2024-07-30 20:00:00,50.62
2024-07-31 00:00:00,49.93
2024-07-31 04:00:00,50.15
2024-07-31 08:00:00,49.73
2024-07-31 12:00:00,49.57
2024-07-31 16:00:00,48.79
2024-07-31 20:00:00,48.73
2024-08-01 00:00:00,47.82
2024-08-01 04:00:00,48.19
2024-08-01 08:00:00,47.75
2024-08-01 12:00:00,47.88
2024-08-01 16:00:00,47.59
2024-08-01 20:00:00,49.81
2024-08-02 00:00:00,48.77
2024-08-02 04:00:00,48.04
2024-08-02 08:00:00,47.17
2024-08-02 12:00:00,49.39
2024-08-02 16:00:00,49.89
2024-08-02 20:00:00,51.4
2024-08-03 00:00:00,51.55
2024-08-03 04:00:00,50.06
2024-08-03 08:00:00,49.08
2024-08-03 12:00:00,49.93
2024-08-03 16:00:00,52.05
2024-08-03 20:00:00,51.45
2024-08-04 00:00:00,51.58
2024-08-04 04:00:00,53.73
2024-08-04 08:00:00,53.58
2024-08-04 12:00:00,54.88
2024-08-04 16:00:00,53.58
2024-08-04 20:00:00,56.13
2024-08-05 00:00:00,58.78
2024-08-05 04:00:00,66.82
2024-08-05 08:00:00,67.65
2024-08-05 12:00:00,62.15
2024-08-05 16:00:00,63.6
2024-08-05 20:00:00,63.08
2024-08-06 00:00:00,61.66
2024-08-06 04:00:00,59.5
2024-08-06 08:00:00,61.78
2024-08-06 12:00:00,61.62
2024-08-06 16:00:00,60.74
2024-08-06 20:00:00,61.54
2024-08-07 00:00:00,59.84
2024-08-07 04:00:00,58.59
2024-08-07 08:00:00,58.96
2024-08-07 12:00:00,60.07
2024-08-07 16:00:00,60.92
2024-08-07 20:00:00,60.88
2024-08-08 00:00:00,61.25
2024-08-08 04:00:00,60.69
2024-08-08 08:00:00,57.8
2024-08-08 12:00:00,56.56
2024-08-08 16:00:00,56.22
2024-08-08 20:00:00,56.81
2024-08-09 00:00:00,54.85
2024-08-09 04:00:00,54.8
2024-08-09 08:00:00,55.89
2024-08-09 12:00:00,56.52
2024-08-09 16:00:00,55.21
2024-08-09 20:00:00,55.02
2024-08-10 00:00:00,55.08
2024-08-10 04:00:00,55.34
2024-08-10 08:00:00,54.93
2024-08-10 12:00:00,55.75
2024-08-10 16:00:00,56.24
2024-08-10 20:00:00,56.28
2024-08-11 00:00:00,55.99
2024-08-11 04:00:00,56.14
2024-08-11 08:00:00,56.78
2024-08-11 12:00:00,56.69
2024-08-11 16:00:00,55.78
2024-08-11 20:00:00,57.11
2024-08-12 00:00:00,57.51
2024-08-12 04:00:00,58.24
2024-08-12 08:00:00,58.17
2024-08-12 12:00:00,57.58
2024-08-12 16:00:00,57.83
2024-08-12 20:00:00,57.48
2024-08-13 00:00:00,57.02
2024-08-13 04:00:00,56.88
2024-08-13 08:00:00,57.18
2024-08-13 12:00:00,57.39
2024-08-13 16:00:00,57.37
2024-08-13 20:00:00,56.92
2024-08-14 00:00:00,56.04
2024-08-14 04:00:00,55.67
2024-08-14 08:00:00,56.85
2024-08-14 12:00:00,56.89
2024-08-14 16:00:00,55.87
2024-08-14 20:00:00,55.31
2024-08-15 00:00:00,55.04
2024-08-15 04:00:00,55.46
2024-08-15 08:00:00,55.33
2024-08-15 12:00:00,53.94
2024-08-15 16:00:00,55.4
2024-08-15 20:00:00,55.64
2024-08-16 00:00:00,55.03
2024-08-16 04:00:00,53.89
2024-08-16 08:00:00,54.64
2024-08-16 12:00:00,53.58
2024-08-16 16:00:00,54.28
2024-08-16 20:00:00,53.12
2024-08-17 00:00:00,52.61
2024-08-17 04:00:00,53.09
2024-08-17 08:00:00,53.11
2024-08-17 12:00:00,53.39
2024-08-17 16:00:00,53.38
2024-08-17 20:00:00,53.71
2024-08-18 00:00:00,54.57
2024-08-18 04:00:00,54.6
2024-08-18 08:00:00,54.52
2024-08-18 12:00:00,55.07
2024-08-18 16:00:00,55.59
2024-08-18 20:00:00,55.32
2024-08-19 00:00:00,55.07
2024-08-19 04:00:00,54.48
2024-08-19 08:00:00,54.04
2024-08-19 12:00:00,54.1
2024-08-19 16:00:00,53.92
2024-08-19 20:00:00,53.68
2024-08-20 00:00:00,52.93
2024-08-20 04:00:00,53.79
2024-08-20 08:00:00,53.81
2024-08-20 12:00:00,54.1
2024-08-20 16:00:00,54.04
2024-08-20 20:00:00,54.06
2024-08-21 00:00:00,54.47
2024-08-21 04:00:00,54.67
2024-08-21 08:00:00,55.7
2024-08-21 12:00:00,54.76
2024-08-21 16:00:00,55.17
2024-08-21 20:00:00,54.68
2024-08-22 00:00:00,55.07
2024-08-22 04:00:00,55.25
2024-08-22 08:00:00,55.21
2024-08-22 12:00:00,54.54
2024-08-22 16:00:00,53.95
2024-08-22 20:00:00,53.99
2024-08-23 00:00:00,53.23
2024-08-23 04:00:00,52.74
2024-08-23 08:00:00,52.64
2024-08-23 12:00:00,53.11
2024-08-23 16:00:00,54.52
2024-08-23 20:00:00,55.43
2024-08-24 00:00:00,54.75
2024-08-24 04:00:00,54.41
2024-08-24 08:00:00,54.61
2024-08-24 12:00:00,54.44
2024-08-24 16:00:00,54.98
2024-08-24 20:00:00,55.14
2024-08-25 00:00:00,54.95
2024-08-25 04:00:00,55.08
2024-08-25 08:00:00,54.3
2024-08-25 12:00:00,54.17
2024-08-25 16:00:00,54.0
2024-08-25 20:00:00,54.2
2024-08-26 00:00:00,52.96
2024-08-26 04:00:00,50.81
2024-08-26 08:00:00,52.48
2024-08-26 12:00:00,52.27
2024-08-26 16:00:00,52.75
2024-08-26 20:00:00,51.58
2024-08-27 00:00:00,49.69
2024-08-27 04:00:00,49.33
2024-08-27 08:00:00,49.71
2024-08-27 12:00:00,50.26
2024-08-27 16:00:00,50.65
2024-08-27 20:00:00,52.69
2024-08-28 00:00:00,52.16
2024-08-28 04:00:00,52.19
2024-08-28 08:00:00,52.93
2024-08-28 12:00:00,52.76
2024-08-28 16:00:00,54.34
2024-08-28 20:00:00,52.91
2024-08-29 00:00:00,51.85
2024-08-29 04:00:00,51.8
2024-08-29 08:00:00,52.29
2024-08-29 12:00:00,52.05
2024-08-29 16:00:00,53.06
2024-08-29 20:00:00,52.98
2024-08-30 00:00:00,52.8
2024-08-30 04:00:00,52.52
2024-08-30 08:00:00,51.31
2024-08-30 12:00:00,52.65
2024-08-30 16:00:00,52.31
2024-08-30 20:00:00,51.96
2024-08-31 00:00:00,50.85
2024-08-31 04:00:00,50.38
2024-08-31 08:00:00,50.45
2024-08-31 12:00:00,50.59
2024-08-31 16:00:00,50.66
2024-08-31 20:00:00,50.48
2024-09-01 00:00:00,50.65
2024-09-01 04:00:00,51.03
2024-09-01 08:00:00,51.38
2024-09-01 12:00:00,52.86
2024-09-01 16:00:00,52.7
2024-09-01 20:00:00,54.36
2024-09-02 00:00:00,53.97
2024-09-02 04:00:00,54.24
2024-09-02 08:00:00,54.02
2024-09-02 12:00:00,53.53
2024-09-02 16:00:00,53.24
2024-09-02 20:00:00,52.92
2024-09-03 00:00:00,53.69
2024-09-03 04:00:00,53.05
2024-09-03 08:00:00,52.81
2024-09-03 12:00:00,55.44
2024-09-03 16:00:00,54.69
2024-09-03 20:00:00,55.29
2024-09-04 00:00:00,55.35
2024-09-04 04:00:00,56.09
2024-09-04 08:00:00,56.41
2024-09-04 12:00:00,56.46
2024-09-04 16:00:00,55.96
2024-09-04 20:00:00,55.73
2024-09-05 00:00:00,55.85
2024-09-05 04:00:00,55.86
2024-09-05 08:00:00,56.35
2024-09-05 12:00:00,56.3
2024-09-05 16:00:00,56.49
2024-09-05 20:00:00,56.79
2024-09-06 00:00:00,56.85
2024-09-06 04:00:00,58.31
2024-09-06 08:00:00,58.54
2024-09-06 12:00:00,59.31
2024-09-06 16:00:00,59.68
2024-09-06 20:00:00,59.46
2024-09-07 00:00:00,58.39
2024-09-07 04:00:00,58.07
2024-09-07 08:00:00,58.38
2024-09-07 12:00:00,57.92
2024-09-07 16:00:00,58.66
2024-09-07 20:00:00,58.84
2024-09-08 00:00:00,58.95
2024-09-08 04:00:00,58.04
2024-09-08 08:00:00,58.18
2024-09-08 12:00:00,58.78
2024-09-08 16:00:00,59.08
2024-09-08 20:00:00,59.32
2024-09-09 00:00:00,59.01
2024-09-09 04:00:00,58.15
2024-09-09 08:00:00,58.75
2024-09-09 12:00:00,58.75
2024-09-09 16:00:00,58.87
2024-09-09 20:00:00,58.82
2024-09-10 00:00:00,58.24
2024-09-10 04:00:00,57.29
2024-09-10 08:00:00,56.69
2024-09-10 12:00:00,58.4
2024-09-10 16:00:00,58.09
2024-09-10 20:00:00,57.18
2024-09-11 00:00:00,54.68
2024-09-11 04:00:00,55.0
2024-09-11 08:00:00,55.17
2024-09-11 12:00:00,54.97
2024-09-11 16:00:00,55.66
2024-09-11 20:00:00,54.84
2024-09-12 00:00:00,53.95
2024-09-12 04:00:00,55.19
2024-09-12 08:00:00,54.67
2024-09-12 12:00:00,54.82
2024-09-12 16:00:00,54.41
2024-09-12 20:00:00,53.96
2024-09-13 00:00:00,53.84
2024-09-13 04:00:00,53.96
2024-09-13 08:00:00,53.79
2024-09-13 12:00:00,54.02
2024-09-13 16:00:00,53.42
2024-09-13 20:00:00,52.51
2024-09-14 00:00:00,52.01
2024-09-14 04:00:00,52.4
2024-09-14 08:00:00,52.61
2024-09-14 12:00:00,52.58
2024-09-14 16:00:00,52.81
2024-09-14 20:00:00,52.48
2024-09-15 00:00:00,52.42
2024-09-15 04:00:00,53.39
2024-09-15 08:00:00,53.09
2024-09-15 12:00:00,52.96
2024-09-15 16:00:00,53.24
2024-09-15 20:00:00,53.21
2024-09-16 00:00:00,53.49
2024-09-16 04:00:00,52.96
2024-09-16 08:00:00,52.95
2024-09-16 12:00:00,53.18
2024-09-16 16:00:00,53.47
2024-09-16 20:00:00,53.29
2024-09-17 00:00:00,53.87
2024-09-17 04:00:00,53.91
2024-09-17 08:00:00,54.26
2024-09-17 12:00:00,54.68
2024-09-17 16:00:00,54.26
2024-09-17 20:00:00,53.12
2024-09-18 00:00:00,53.11
2024-09-18 04:00:00,53.06
2024-09-18 08:00:00,55.21
2024-09-18 12:00:00,54.52
2024-09-18 16:00:00,52.52
2024-09-18 20:00:00,51.59
2024-09-19 00:00:00,50.95
2024-09-19 04:00:00,50.82
2024-09-19 08:00:00,51.51
2024-09-19 12:00:00,52.18
2024-09-19 16:00:00,52.34
2024-09-19 20:00:00,51.95
2024-09-20 00:00:00,51.05
2024-09-20 04:00:00,52.31
2024-09-20 08:00:00,52.05
2024-09-20 12:00:00,51.52
2024-09-20 16:00:00,50.28
2024-09-20 20:00:00,50.15
2024-09-21 00:00:00,50.11
2024-09-21 04:00:00,50.44
2024-09-21 08:00:00,50.37
2024-09-21 12:00:00,50.75
2024-09-21 16:00:00,50.84
2024-09-21 20:00:00,51.04
2024-09-22 00:00:00,50.82
2024-09-22 04:00:00,51.09
2024-09-22 08:00:00,51.23
2024-09-22 12:00:00,50.3
2024-09-22 16:00:00,50.78
2024-09-22 20:00:00,51.13
2024-09-23 00:00:00,51.46
2024-09-23 04:00:00,51.23
2024-09-23 08:00:00,50.99
2024-09-23 12:00:00,50.9
2024-09-23 16:00:00,50.61
2024-09-23 20:00:00,50.45
2024-09-24 00:00:00,50.41
2024-09-24 04:00:00,51.16
2024-09-24 08:00:00,51.01
2024-09-24 12:00:00,50.61
2024-09-24 16:00:00,51.15
2024-09-24 20:00:00,51.52
2024-09-25 00:00:00,51.28
2024-09-25 04:00:00,50.61
2024-09-25 08:00:00,50.26
2024-09-25 12:00:00,50.23
2024-09-25 16:00:00,49.9
2024-09-25 20:00:00,49.75
2024-09-26 00:00:00,50.91
2024-09-26 04:00:00,50.2
2024-09-26 08:00:00,50.66
2024-09-26 12:00:00,51.28
2024-09-26 16:00:00,51.84
2024-09-26 20:00:00,52.38
2024-09-27 00:00:00,53.18
2024-09-27 04:00:00,52.44
2024-09-27 08:00:00,51.39
2024-09-27 12:00:00,52.13
2024-09-27 16:00:00,51.56
2024-09-27 20:00:00,51.91
2024-09-28 00:00:00,52.2
2024-09-28 04:00:00,52.39
2024-09-28 08:00:00,52.56
2024-09-28 12:00:00,52.22
2024-09-28 16:00:00,52.06
2024-09-28 20:00:00,52.6
2024-09-29 00:00:00,52.51
2024-09-29 04:00:00,52.92
2024-09-29 08:00:00,52.96
2024-09-29 12:00:00,53.13
2024-09-29 16:00:00,53.78
2024-09-29 20:00:00,54.02
2024-09-30 00:00:00,53.97
2024-09-30 04:00:00,53.9
2024-09-30 08:00:00,54.31
2024-09-30 12:00:00,55.37
2024-09-30 16:00:00,54.49
2024-09-30 20:00:00,54.21
2024-10-01 00:00:00,55.18
2024-10-01 04:00:00,55.41
2024-10-01 08:00:00,55.31
2024-10-01 12:00:00,56.46
2024-10-01 16:00:00,55.97
2024-10-01 20:00:00,56.64
2024-10-02 00:00:00,56.81
2024-10-02 04:00:00,57.0
2024-10-02 08:00:00,56.72
2024-10-02 12:00:00,56.74
2024-10-02 16:00:00,56.25
2024-10-02 20:00:00,56.35
2024-10-03 00:00:00,56.71
2024-10-03 04:00:00,56.96
2024-10-03 08:00:00,57.12
2024-10-03 12:00:00,57.23
2024-10-03 16:00:00,57.32
2024-10-03 20:00:00,57.45
2024-10-04 00:00:00,57.65
2024-10-04 04:00:00,57.65
2024-10-04 08:00:00,57.41
2024-10-04 12:00:00,57.03
2024-10-04 16:00:00,55.88
2024-10-04 20:00:00,55.53
2024-10-05 00:00:00,55.03
2024-10-05 04:00:00,54.95
2024-10-05 08:00:00,56.03
2024-10-05 12:00:00,55.8
2024-10-05 16:00:00,55.66
2024-10-05 20:00:00,55.41
2024-10-06 00:00:00,55.35
2024-10-06 04:00:00,55.1
2024-10-06 08:00:00,55.67
2024-10-06 12:00:00,56.06
2024-10-06 16:00:00,56.81
2024-10-06 20:00:00,57.17
2024-10-07 00:00:00,57.34
2024-10-07 04:00:00,57.01
2024-10-07 08:00:00,56.35
2024-10-07 12:00:00,56.35
2024-10-07 16:00:00,55.69
2024-10-07 20:00:00,56.6
2024-10-08 00:00:00,55.99
2024-10-08 04:00:00,55.92
2024-10-08 08:00:00,54.43
2024-10-08 12:00:00,55.94
2024-10-08 16:00:00,55.59
2024-10-08 20:00:00,55.63
2024-10-09 00:00:00,56.41
2024-10-09 04:00:00,56.34
2024-10-09 08:00:00,56.24
2024-10-09 12:00:00,56.49
2024-10-09 16:00:00,56.51
2024-10-09 20:00:00,56.11
2024-10-10 00:00:00,56.22
2024-10-10 04:00:00,56.22
2024-10-10 08:00:00,55.44
2024-10-10 12:00:00,55.02
2024-10-10 16:00:00,56.28
2024-10-10 20:00:00,54.97
2024-10-11 00:00:00,55.31
2024-10-11 04:00:00,55.38
2024-10-11 08:00:00,55.32
2024-10-11 12:00:00,55.99
2024-10-11 16:00:00,56.73
2024-10-11 20:00:00,57.51
2024-10-12 00:00:00,57.45
2024-10-12 04:00:00,56.75
2024-10-12 08:00:00,56.84
2024-10-12 12:00:00,56.55
2024-10-12 16:00:00,56.59
2024-10-12 20:00:00,56.84
2024-10-13 00:00:00,56.52
2024-10-13 04:00:00,56.65
2024-10-13 08:00:00,57.29
2024-10-13 12:00:00,57.94
2024-10-13 16:00:00,57.38
2024-10-13 20:00:00,57.14
2024-10-14 00:00:00,58.59
2024-10-14 04:00:00,57.9
2024-10-14 08:00:00,58.45
2024-10-14 12:00:00,58.82
2024-10-14 16:00:00,57.6
2024-10-14 20:00:00,57.85
2024-10-15 00:00:00,56.86
2024-10-15 04:00:00,56.78
2024-10-15 08:00:00,56.44
2024-10-15 12:00:00,58.27
2024-10-15 16:00:00,58.59
2024-10-15 20:00:00,58.15
2024-10-16 00:00:00,57.63
2024-10-16 04:00:00,57.42
2024-10-16 08:00:00,59.7
2024-10-16 12:00:00,59.35
2024-10-16 16:00:00,58.79
2024-10-16 20:00:00,57.44
2024-10-17 00:00:00,56.84
2024-10-17 04:00:00,56.06
2024-10-17 08:00:00,56.6
2024-10-17 12:00:00,56.59
2024-10-17 16:00:00,56.31
2024-10-17 20:00:00,56.4
2024-10-18 00:00:00,56.02
2024-10-18 04:00:00,55.62
2024-10-18 08:00:00,54.95
2024-10-18 12:00:00,56.33
2024-10-18 16:00:00,54.96
2024-10-18 20:00:00,55.18
2024-10-19 00:00:00,55.18
2024-10-19 04:00:00,55.08
2024-10-19 08:00:00,54.72
2024-10-19 12:00:00,54.15
2024-10-19 16:00:00,53.89
2024-10-19 20:00:00,54.7
2024-10-20 00:00:00,54.62
2024-10-20 04:00:00,54.91
2024-10-20 08:00:00,55.34
2024-10-20 12:00:00,54.94
2024-10-20 16:00:00,54.92
2024-10-20 20:00:00,56.66
2024-10-21 00:00:00,56.04
2024-10-21 04:00:00,55.81
2024-10-21 08:00:00,54.38
2024-10-21 12:00:00,55.09
2024-10-21 16:00:00,55.63
2024-10-21 20:00:00,55.69
2024-10-22 00:00:00,55.32
2024-10-22 04:00:00,55.24
2024-10-22 08:00:00,54.96
2024-10-22 12:00:00,55.56
2024-10-22 16:00:00,55.8
2024-10-22 20:00:00,55.77
2024-10-23 00:00:00,55.75
2024-10-23 04:00:00,55.73
2024-10-23 08:00:00,55.89
2024-10-23 12:00:00,55.68
2024-10-23 16:00:00,56.08
2024-10-23 20:00:00,56.29
2024-10-24 00:00:00,56.71
2024-10-24 04:00:00,55.52
2024-10-24 08:00:00,54.41
2024-10-24 12:00:00,56.14
2024-10-24 16:00:00,56.68
2024-10-24 20:00:00,57.3
2024-10-25 00:00:00,55.95
2024-10-25 04:00:00,55.98
2024-10-25 08:00:00,54.9
2024-10-25 12:00:00,55.72
2024-10-25 16:00:00,56.79
2024-10-25 20:00:00,58.08
2024-10-26 00:00:00,57.32
2024-10-26 04:00:00,56.82
2024-10-26 08:00:00,54.82
2024-10-26 12:00:00,54.82
2024-10-26 16:00:00,54.93
2024-10-26 20:00:00,55.36
2024-10-27 00:00:00,55.33
2024-10-27 04:00:00,55.35
2024-10-27 08:00:00,55.38
2024-10-27 12:00:00,56.67
2024-10-27 16:00:00,56.76
2024-10-27 20:00:00,57.18
2024-10-28 00:00:00,56.62
2024-10-28 04:00:00,56.46
2024-10-28 08:00:00,55.74
2024-10-28 12:00:00,56.04
2024-10-28 16:00:00,57.31
2024-10-28 20:00:00,57.78
2024-10-29 00:00:00,57.39
2024-10-29 04:00:00,57.25
2024-10-29 08:00:00,57.67
2024-10-29 12:00:00,59.08
2024-10-29 16:00:00,60.56
2024-10-29 20:00:00,59.83
2024-10-30 00:00:00,59.09
2024-10-30 04:00:00,58.73
2024-10-30 08:00:00,58.17
2024-10-30 12:00:00,58.55
2024-10-30 16:00:00,57.73
2024-10-30 20:00:00,59.11
2024-10-31 00:00:00,58.84
2024-10-31 04:00:00,59.85
2024-10-31 08:00:00,59.73
2024-10-31 12:00:00,59.02
2024-10-31 16:00:00,58.01
2024-10-31 20:00:00,58.23
2024-11-01 00:00:00,58.92
2024-11-01 04:00:00,58.23
2024-11-01 08:00:00,59.44
2024-11-01 12:00:00,59.74
2024-11-01 16:00:00,59.05
2024-11-01 20:00:00,59.77
2024-11-02 00:00:00,60.01
2024-11-02 04:00:00,60.13
2024-11-02 08:00:00,61.04
2024-11-02 12:00:00,60.02
2024-11-02 16:00:00,60.19
2024-11-02 20:00:00,60.26
2024-11-03 00:00:00,60.66
2024-11-03 04:00:00,61.07
2024-11-03 08:00:00,60.93
2024-11-03 12:00:00,63.09
2024-11-03 16:00:00,62.81
2024-11-03 20:00:00,62.49
2024-11-04 00:00:00,62.5
2024-11-04 04:00:00,62.47
2024-11-04 08:00:00,63.81
2024-11-04 12:00:00,62.89
2024-11-04 16:00:00,61.79
2024-11-04 20:00:00,64.97
2024-11-05 00:00:00,64.49
2024-11-05 04:00:00,63.31
2024-11-05 08:00:00,61.93
2024-11-05 12:00:00,62.93
2024-11-05 16:00:00,63.39
2024-11-05 20:00:00,63.71
2024-11-06 00:00:00,57.39
2024-11-06 04:00:00,56.1
2024-11-06 08:00:00,56.57
2024-11-06 12:00:00,55.39
2024-11-06 16:00:00,55.82
2024-11-06 20:00:00,55.97
2024-11-07 00:00:00,54.94
2024-11-07 04:00:00,54.7
2024-11-07 08:00:00,54.17
2024-11-07 12:00:00,54.08
2024-11-07 16:00:00,53.9
2024-11-07 20:00:00,53.55
2024-11-08 00:00:00,52.98
2024-11-08 04:00:00,52.4
2024-11-08 08:00:00,50.37
2024-11-08 12:00:00,50.63
2024-11-08 16:00:00,50.97
2024-11-08 20:00:00,49.85
2024-11-09 00:00:00,49.82
2024-11-09 04:00:00,49.91
2024-11-09 08:00:00,50.3
2024-11-09 12:00:00,49.99
2024-11-09 16:00:00,49.86
2024-11-09 20:00:00,50.54
2024-11-10 00:00:00,50.85
2024-11-10 04:00:00,52.54
2024-11-10 08:00:00,52.24
2024-11-10 12:00:00,51.64
2024-11-10 16:00:00,52.47
2024-11-10 20:00:00,53.28
2024-11-11 00:00:00,52.94
2024-11-11 04:00:00,51.63
2024-11-11 08:00:00,52.65
2024-11-11 12:00:00,54.95
2024-11-11 16:00:00,57.12
2024-11-11 20:00:00,61.52
2024-11-12 00:00:00,60.91
2024-11-12 04:00:00,61.8
2024-11-12 08:00:00,60.25
2024-11-12 12:00:00,58.75
2024-11-12 16:00:00,59.39
2024-11-12 20:00:00,57.69
2024-11-13 00:00:00,57.05
2024-11-13 04:00:00,56.97
2024-11-13 08:00:00,56.2
2024-11-13 12:00:00,61.28
2024-11-13 16:00:00,59.29
2024-11-13 20:00:00,58.54
2024-11-14 00:00:00,57.27
2024-11-14 04:00:00,59.12
2024-11-14 08:00:00,61.31
2024-11-14 12:00:00,59.08
2024-11-14 16:00:00,59.3
2024-11-14 20:00:00,59.46
2024-11-15 00:00:00,58.44
2024-11-15 04:00:00,59.86
2024-11-15 08:00:00,61.61
2024-11-15 12:00:00,58.29
2024-11-15 16:00:00,56.82
2024-11-15 20:00:00,56.29
2024-11-16 00:00:00,55.91
2024-11-16 04:00:00,56.14
2024-11-16 08:00:00,57.92
2024-11-16 12:00:00,57.04
2024-11-16 16:00:00,56.46
2024-11-16 20:00:00,56.84
2024-11-17 00:00:00,56.16
2024-11-17 04:00:00,55.83
2024-11-17 08:00:00,57.36
2024-11-17 12:00:00,58.21
2024-11-17 16:00:00,57.94
2024-11-17 20:00:00,57.23
2024-11-18 00:00:00,57.56
2024-11-18 04:00:00,59.15
2024-11-18 08:00:00,59.59
2024-11-18 12:00:00,59.37
2024-11-18 16:00:00,57.46
2024-11-18 20:00:00,58.3
2024-11-19 00:00:00,59.36
2024-11-19 04:00:00,60.04
2024-11-19 08:00:00,59.36
2024-11-19 12:00:00,58.41
2024-11-19 16:00:00,58.42
2024-11-19 20:00:00,58.25
2024-11-20 00:00:00,58.2
2024-11-20 04:00:00,58.45
2024-11-20 08:00:00,59.56
2024-11-20 12:00:00,61.47
2024-11-20 16:00:00,61.02
2024-11-20 20:00:00,60.18
2024-11-21 00:00:00,64.18
2024-11-21 04:00:00,60.61
2024-11-21 08:00:00,65.61
2024-11-21 12:00:00,60.83
2024-11-21 16:00:00,61.47
2024-11-21 20:00:00,61.29
2024-11-22 00:00:00,62.1
2024-11-22 04:00:00,63.92
2024-11-22 08:00:00,62.54
2024-11-22 12:00:00,62.25
2024-11-22 16:00:00,61.24
2024-11-22 20:00:00,60.78
2024-11-23 00:00:00,61.17
2024-11-23 04:00:00,61.12
2024-11-23 08:00:00,60.32
2024-11-23 12:00:00,60.37
2024-11-23 16:00:00,61.2
2024-11-23 20:00:00,60.89
2024-11-24 00:00:00,60.64
2024-11-24 04:00:00,61.64
2024-11-24 08:00:00,61.54
2024-11-24 12:00:00,62.47
2024-11-24 16:00:00,63.65
2024-11-24 20:00:00,64.09
2024-11-25 00:00:00,62.26
2024-11-25 04:00:00,61.4
2024-11-25 08:00:00,61.85
2024-11-25 12:00:00,60.94
2024-11-25 16:00:00,61.06
2024-11-25 20:00:00,60.65
2024-11-26 00:00:00,61.63
2024-11-26 04:00:00,61.44
2024-11-26 08:00:00,61.81
2024-11-26 12:00:00,59.31
2024-11-26 16:00:00,60.87
2024-11-26 20:00:00,61.23
2024-11-27 00:00:00,59.71
2024-11-27 04:00:00,59.9
2024-11-27 08:00:00,59.66
2024-11-27 12:00:00,59.54
2024-11-27 16:00:00,59.41
2024-11-27 20:00:00,59.73
2024-11-28 00:00:00,59.63
2024-11-28 04:00:00,59.88
2024-11-28 08:00:00,59.44
2024-11-28 12:00:00,57.73
2024-11-28 16:00:00,57.63
2024-11-28 20:00:00,57.55
2024-11-29 00:00:00,58.25
2024-11-29 04:00:00,58.01
2024-11-29 08:00:00,57.19
2024-11-29 12:00:00,56.47
2024-11-29 16:00:00,56.4
2024-11-29 20:00:00,56.11
2024-11-30 00:00:00,56.69
2024-11-30 04:00:00,56.53
2024-11-30 08:00:00,55.4
2024-11-30 12:00:00,54.9
2024-11-30 16:00:00,55.47
2024-11-30 20:00:00,55.17
2024-12-01 00:00:00,55.96
2024-12-01 04:00:00,56.37
2024-12-01 08:00:00,56.2
2024-12-01 12:00:00,56.45
2024-12-01 16:00:00,56.9
2024-12-01 20:00:00,57.2
2024-12-02 00:00:00,57.21
2024-12-02 04:00:00,57.92
2024-12-02 08:00:00,57.71
2024-12-02 12:00:00,57.62
2024-12-02 16:00:00,57.37
2024-12-02 20:00:00,55.94
2024-12-03 00:00:00,56.01
2024-12-03 04:00:00,56.57
2024-12-03 08:00:00,55.64
2024-12-03 12:00:00,56.73
2024-12-03 16:00:00,56.1
2024-12-03 20:00:00,56.5
2024-12-04 00:00:00,56.15
2024-12-04 04:00:00,56.47
2024-12-04 08:00:00,55.27
2024-12-04 12:00:00,55.8
2024-12-04 16:00:00,56.4
2024-12-04 20:00:00,57.17
2024-12-05 00:00:00,63.45
2024-12-05 04:00:00,59.66
2024-12-05 08:00:00,60.65
2024-12-05 12:00:00,59.59
2024-12-05 16:00:00,59.5
2024-12-05 20:00:00,60.96
2024-12-06 00:00:00,59.36
2024-12-06 04:00:00,57.64
2024-12-06 08:00:00,57.69
2024-12-06 12:00:00,57.57
2024-12-06 16:00:00,59.08
2024-12-06 20:00:00,58.44
2024-12-07 00:00:00,57.34
2024-12-07 04:00:00,57.59
2024-12-07 08:00:00,57.82
2024-12-07 12:00:00,57.29
2024-12-07 16:00:00,56.25
2024-12-07 20:00:00,57.2
2024-12-08 00:00:00,57.2
2024-12-08 04:00:00,57.35
2024-12-08 08:00:00,57.03
2024-12-08 12:00:00,56.61
2024-12-08 16:00:00,57.31
2024-12-08 20:00:00,58.15
2024-12-09 00:00:00,59.52
2024-12-09 04:00:00,59.44
2024-12-09 08:00:00,58.99
2024-12-09 12:00:00,59.1
2024-12-09 16:00:00,58.85
2024-12-09 20:00:00,59.74
2024-12-10 00:00:00,60.11
2024-12-10 04:00:00,59.34
2024-12-10 08:00:00,57.88
2024-12-10 12:00:00,57.61
2024-12-10 16:00:00,59.2
2024-12-10 20:00:00,59.18
2024-12-11 00:00:00,61.09
2024-12-11 04:00:00,60.96
2024-12-11 08:00:00,60.6
2024-12-11 12:00:00,61.06
2024-12-11 16:00:00,59.9
2024-12-11 20:00:00,59.94
2024-12-12 00:00:00,60.08
2024-12-12 04:00:00,59.5
2024-12-12 08:00:00,60.77
2024-12-12 12:00:00,61.03
2024-12-12 16:00:00,60.65
2024-12-12 20:00:00,60.14
2024-12-13 00:00:00,59.78
2024-12-13 04:00:00,59.3
2024-12-13 08:00:00,58.49
2024-12-13 12:00:00,59.76
2024-12-13 16:00:00,59.71
2024-12-13 20:00:00,59.0
2024-12-14 00:00:00,59.25
2024-12-14 04:00:00,58.26
2024-12-14 08:00:00,58.03
2024-12-14 12:00:00,58.04
2024-12-14 16:00:00,58.65
2024-12-14 20:00:00,58.08
2024-12-15 00:00:00,58.2
2024-12-15 04:00:00,59.26
2024-12-15 08:00:00,59.1
2024-12-15 12:00:00,59.42
2024-12-15 16:00:00,59.83
2024-12-15 20:00:00,60.65
2024-12-16 00:00:00,61.07
2024-12-16 04:00:00,60.36
2024-12-16 08:00:00,60.72
2024-12-16 12:00:00,60.45
2024-12-16 16:00:00,59.42
2024-12-16 20:00:00,58.54
2024-12-17 00:00:00,58.12
2024-12-17 04:00:00,58.07
2024-12-17 08:00:00,58.04
2024-12-17 12:00:00,58.92
2024-12-17 16:00:00,58.9
2024-12-17 20:00:00,59.51
2024-12-18 00:00:00,59.81
2024-12-18 04:00:00,59.66
2024-12-18 08:00:00,59.36
2024-12-18 12:00:00,58.97
2024-12-18 16:00:00,58.98
2024-12-18 20:00:00,60.49
2024-12-19 00:00:00,61.31
2024-12-19 04:00:00,60.48
2024-12-19 08:00:00,59.39
2024-12-19 12:00:00,59.04
2024-12-19 16:00:00,59.43
2024-12-19 20:00:00,59.6
2024-12-20 00:00:00,60.93
2024-12-20 04:00:00,60.34
2024-12-20 08:00:00,63.85
2024-12-20 12:00:00,61.0
2024-12-20 16:00:00,59.36
2024-12-20 20:00:00,58.87
2024-12-21 00:00:00,58.76
2024-12-21 04:00:00,59.97
2024-12-21 08:00:00,58.39
2024-12-21 12:00:00,58.83
2024-12-21 16:00:00,58.06
2024-12-21 20:00:00,57.87
2024-12-22 00:00:00,58.32
2024-12-22 04:00:00,58.41
2024-12-22 08:00:00,58.87
2024-12-22 12:00:00,59.36
2024-12-22 16:00:00,60.05
2024-12-22 20:00:00,61.43
2024-12-23 00:00:00,62.02
2024-12-23 04:00:00,60.77
2024-12-23 08:00:00,59.91
2024-12-23 12:00:00,59.7
2024-12-23 16:00:00,59.62
2024-12-23 20:00:00,60.21
2024-12-24 00:00:00,60.28
2024-12-24 04:00:00,61.2
2024-12-24 08:00:00,60.49
2024-12-24 12:00:00,61.54
2024-12-24 16:00:00,61.35
2024-12-24 20:00:00,60.83
2024-12-25 00:00:00,60.64
2024-12-25 04:00:00,60.39
2024-12-25 08:00:00,60.21
2024-12-25 12:00:00,60.88
2024-12-25 16:00:00,60.91
2024-12-25 20:00:00,60.73
2024-12-26 00:00:00,60.68
2024-12-26 04:00:00,59.55
2024-12-26 08:00:00,61.01
2024-12-26 12:00:00,60.83
2024-12-26 16:00:00,61.51
2024-12-26 20:00:00,61.67
2024-12-27 00:00:00,62.03
2024-12-27 04:00:00,62.27
2024-12-27 08:00:00,59.9
2024-12-27 12:00:00,60.36
2024-12-27 16:00:00,60.39
2024-12-27 20:00:00,60.61
2024-12-28 00:00:00,60.49
2024-12-28 04:00:00,60.5
2024-12-28 08:00:00,60.07
2024-12-28 12:00:00,59.95
2024-12-28 16:00:00,60.31
2024-12-28 20:00:00,60.43
2024-12-29 00:00:00,60.58
2024-12-29 04:00:00,60.54
2024-12-29 08:00:00,60.51
2024-12-29 12:00:00,60.22
2024-12-29 16:00:00,60.11
2024-12-29 20:00:00,60.48
2024-12-30 00:00:00,59.71
2024-12-30 04:00:00,59.8
2024-12-30 08:00:00,59.55
2024-12-30 12:00:00,60.42
2024-12-30 16:00:00,60.9
2024-12-30 20:00:00,61.03
2024-12-31 00:00:00,59.79
2024-12-31 04:00:00,60.61
2024-12-31 08:00:00,61.05
2024-12-31 12:00:00,61.39
2024-12-31 16:00:00,60.7
2024-12-31 20:00:00,60.03
2025-01-01 00:00:00,59.81
2025-01-01 04:00:00,60.01
2025-01-01 08:00:00,59.92
2025-01-01 12:00:00,60.01
2025-01-01 16:00:00,60.4
2025-01-01 20:00:00,61.1
2025-01-02 00:00:00,60.99
2025-01-02 04:00:00,61.24
2025-01-02 08:00:00,61.19
2025-01-02 12:00:00,60.73
2025-01-02 16:00:00,60.7
2025-01-02 20:00:00,59.85
2025-01-03 00:00:00,59.68
2025-01-03 04:00:00,59.62
2025-01-03 08:00:00,58.87
2025-01-03 12:00:00,59.63
2025-01-03 16:00:00,58.75
2025-01-03 20:00:00,58.74
2025-01-04 00:00:00,59.12
2025-01-04 04:00:00,59.15
2025-01-04 08:00:00,59.42
2025-01-04 12:00:00,59.81
2025-01-04 16:00:00,59.86
2025-01-04 20:00:00,59.87
2025-01-05 00:00:00,59.85
2025-01-05 04:00:00,60.0
2025-01-05 08:00:00,59.48
2025-01-05 12:00:00,59.65
2025-01-05 16:00:00,59.61
2025-01-05 20:00:00,59.55
2025-01-06 00:00:00,59.47
2025-01-06 04:00:00,59.89
2025-01-06 08:00:00,59.16
2025-01-06 12:00:00,59.6
2025-01-06 16:00:00,59.06
2025-01-06 20:00:00,58.84
2025-01-07 00:00:00,59.09
2025-01-07 04:00:00,58.9
2025-01-07 08:00:00,58.89
2025-01-07 12:00:00,59.21
2025-01-07 16:00:00,58.37
2025-01-07 20:00:00,58.6
2025-01-08 00:00:00,58.27
2025-01-08 04:00:00,58.06
2025-01-08 08:00:00,59.4
2025-01-08 12:00:00,59.5
2025-01-08 16:00:00,58.44
2025-01-08 20:00:00,58.47
2025-01-09 00:00:00,58.74
2025-01-09 04:00:00,57.94
2025-01-09 08:00:00,57.83
2025-01-09 12:00:00,59.28
2025-01-09 16:00:00,58.97
2025-01-09 20:00:00,59.47
2025-01-10 00:00:00,58.41
2025-01-10 04:00:00,58.45
2025-01-10 08:00:00,58.66
2025-01-10 12:00:00,59.27
2025-01-10 16:00:00,58.11
2025-01-10 20:00:00,57.19
2025-01-11 00:00:00,57.36
2025-01-11 04:00:00,57.51
2025-01-11 08:00:00,58.17
2025-01-11 12:00:00,58.18
2025-01-11 16:00:00,58.33
2025-01-11 20:00:00,58.52
2025-01-12 00:00:00,58.61
2025-01-12 04:00:00,58.45
2025-01-12 08:00:00,58.33
2025-01-12 12:00:00,58.86
2025-01-12 16:00:00,58.99
2025-01-12 20:00:00,59.57
2025-01-13 00:00:00,59.43
2025-01-13 04:00:00,59.51
2025-01-13 08:00:00,60.13
2025-01-13 12:00:00,59.63
2025-01-13 16:00:00,60.1
2025-01-13 20:00:00,61.25
2025-01-14 00:00:00,61.59
2025-01-14 04:00:00,62.01
2025-01-14 08:00:00,62.44
2025-01-14 12:00:00,62.11
2025-01-14 16:00:00,61.04
2025-01-14 20:00:00,60.87
2025-01-15 00:00:00,61.71
2025-01-15 04:00:00,61.42
2025-01-15 08:00:00,61.13
2025-01-15 12:00:00,61.09
2025-01-15 16:00:00,61.34
2025-01-15 20:00:00,61.23
2025-01-16 00:00:00,61.04
2025-01-16 04:00:00,60.72
2025-01-16 08:00:00,60.59
2025-01-16 12:00:00,62.7
2025-01-16 16:00:00,62.58
2025-01-16 20:00:00,62.56
2025-01-17 00:00:00,61.26
2025-01-17 04:00:00,62.05
2025-01-17 08:00:00,61.34
2025-01-17 12:00:00,63.05
2025-01-17 16:00:00,63.39
2025-01-17 20:00:00,63.19
2025-01-18 00:00:00,62.63
2025-01-18 04:00:00,62.86
2025-01-18 08:00:00,62.83
2025-01-18 12:00:00,63.95
2025-01-18 16:00:00,64.34
2025-01-18 20:00:00,65.04
2025-01-19 00:00:00,65.35
2025-01-19 04:00:00,65.66
2025-01-19 08:00:00,66.68
2025-01-19 12:00:00,66.67
2025-01-19 16:00:00,66.89
2025-01-19 20:00:00,66.02
2025-01-20 00:00:00,63.52
2025-01-20 04:00:00,68.36
2025-01-20 08:00:00,68.56
2025-01-20 12:00:00,67.74
2025-01-20 16:00:00,64.68
2025-01-20 20:00:00,63.07
2025-01-21 00:00:00,63.16
2025-01-21 04:00:00,61.89
2025-01-21 08:00:00,63.17
2025-01-21 12:00:00,62.75
2025-01-21 16:00:00,63.43
2025-01-21 20:00:00,61.92
2025-01-22 00:00:00,62.04
2025-01-22 04:00:00,61.67
2025-01-22 08:00:00,61.6
2025-01-22 12:00:00,61.45
2025-01-22 16:00:00,61.23
2025-01-22 20:00:00,61.04
2025-01-23 00:00:00,61.89
2025-01-23 04:00:00,61.12
2025-01-23 08:00:00,61.03
2025-01-23 12:00:00,61.69
2025-01-23 16:00:00,61.67
2025-01-23 20:00:00,60.08
2025-01-24 00:00:00,58.61
2025-01-24 04:00:00,59.33
2025-01-24 08:00:00,59.37
2025-01-24 12:00:00,59.17
2025-01-24 16:00:00,58.58
2025-01-24 20:00:00,57.37
2025-01-25 00:00:00,57.12
2025-01-25 04:00:00,56.79
2025-01-25 08:00:00,56.96
2025-01-25 12:00:00,56.69
2025-01-25 16:00:00,56.89
2025-01-25 20:00:00,57.05
2025-01-26 00:00:00,56.78
2025-01-26 04:00:00,57.21
2025-01-26 08:00:00,57.56
2025-01-26 12:00:00,57.13
2025-01-26 16:00:00,57.16
2025-01-26 20:00:00,56.74
2025-01-27 00:00:00,56.65
2025-01-27 04:00:00,59.65
2025-01-27 08:00:00,59.08
2025-01-27 12:00:00,59.69
2025-01-27 16:00:00,59.04
2025-01-27 20:00:00,59.05
2025-01-28 00:00:00,58.27
2025-01-28 04:00:00,57.42
2025-01-28 08:00:00,57.88
2025-01-28 12:00:00,57.06
2025-01-28 16:00:00,56.76
2025-01-28 20:00:00,56.2
2025-01-29 00:00:00,56.49
2025-01-29 04:00:00,56.9
2025-01-29 08:00:00,56.14
2025-01-29 12:00:00,56.01
2025-01-29 16:00:00,56.49
2025-01-29 20:00:00,56.15
2025-01-30 00:00:00,56.69
2025-01-30 04:00:00,56.3
2025-01-30 08:00:00,55.97
2025-01-30 12:00:00,55.47
2025-01-30 16:00:00,54.26
2025-01-30 20:00:00,54.64
2025-01-31 00:00:00,54.57
2025-01-31 04:00:00,54.26
2025-01-31 08:00:00,53.24
2025-01-31 12:00:00,53.11
2025-01-31 16:00:00,53.49
2025-01-31 20:00:00,53.32
2025-02-01 00:00:00,53.07
2025-02-01 04:00:00,52.98
2025-02-01 08:00:00,51.46
2025-02-01 12:00:00,52.1
2025-02-01 16:00:00,51.5
2025-02-01 20:00:00,53.77
2025-02-02 00:00:00,54.24
2025-02-02 04:00:00,54.05
2025-02-02 08:00:00,55.82
2025-02-02 12:00:00,58.34
2025-02-02 16:00:00,58.09
2025-02-02 20:00:00,57.04
2025-02-03 00:00:00,59.28
2025-02-03 04:00:00,58.9
2025-02-03 08:00:00,57.11
2025-02-03 12:00:00,58.5
2025-02-03 16:00:00,57.46
2025-02-03 20:00:00,56.94
2025-02-04 00:00:00,54.86
2025-02-04 04:00:00,55.66
2025-02-04 08:00:00,56.37
2025-02-04 12:00:00,57.03
2025-02-04 16:00:00,56.7
2025-02-04 20:00:00,54.03
2025-02-05 00:00:00,54.15
2025-02-05 04:00:00,54.17
2025-02-05 08:00:00,53.99
2025-02-05 12:00:00,53.35
2025-02-05 16:00:00,54.3
2025-02-05 20:00:00,54.53
2025-02-06 00:00:00,54.58
2025-02-06 04:00:00,54.66
2025-02-06 08:00:00,54.6
2025-02-06 12:00:00,53.69
2025-02-06 16:00:00,54.01
2025-02-06 20:00:00,53.91
2025-02-07 00:00:00,53.19
2025-02-07 04:00:00,52.73
2025-02-07 08:00:00,53.46
2025-02-07 12:00:00,53.21
2025-02-07 16:00:00,53.54
2025-02-07 20:00:00,54.17
2025-02-08 00:00:00,53.7
2025-02-08 04:00:00,53.62
2025-02-08 08:00:00,53.49
2025-02-08 12:00:00,53.5
2025-02-08 16:00:00,53.63
2025-02-08 20:00:00,53.49
2025-02-09 00:00:00,53.49
2025-02-09 04:00:00,53.21
2025-02-09 08:00:00,53.09
2025-02-09 12:00:00,53.84
2025-02-09 16:00:00,53.83
2025-02-09 20:00:00,54.21
2025-02-10 00:00:00,54.33
2025-02-10 04:00:00,53.85
2025-02-10 08:00:00,53.14
2025-02-10 12:00:00,52.78
2025-02-10 16:00:00,52.58
2025-02-10 20:00:00,52.4
2025-02-11 00:00:00,53.0
2025-02-11 04:00:00,54.59
2025-02-11 08:00:00,53.23
2025-02-11 12:00:00,53.36
2025-02-11 16:00:00,54.29
2025-02-11 20:00:00,54.23
2025-02-12 00:00:00,54.24
2025-02-12 04:00:00,54.17
2025-02-12 08:00:00,53.64
2025-02-12 12:00:00,52.85
2025-02-12 16:00:00,52.1
2025-02-12 20:00:00,51.49
2025-02-13 00:00:00,51.68
2025-02-13 04:00:00,53.02
2025-02-13 08:00:00,52.38
2025-02-13 12:00:00,52.1
2025-02-13 16:00:00,51.68
2025-02-13 20:00:00,51.76
2025-02-14 00:00:00,52.13
2025-02-14 04:00:00,51.65
2025-02-14 08:00:00,50.58
2025-02-14 12:00:00,50.37
2025-02-14 16:00:00,52.1
2025-02-14 20:00:00,51.6
2025-02-15 00:00:00,51.18
2025-02-15 04:00:00,50.8
2025-02-15 08:00:00,50.81
2025-02-15 12:00:00,50.69
2025-02-15 16:00:00,50.83
2025-02-15 20:00:00,50.61
2025-02-16 00:00:00,50.59
2025-02-16 04:00:00,50.78
2025-02-16 08:00:00,51.24
2025-02-16 12:00:00,50.86
2025-02-16 16:00:00,50.87
2025-02-16 20:00:00,50.84
2025-02-17 00:00:00,50.97
2025-02-17 04:00:00,51.04
2025-02-17 08:00:00,51.19
2025-02-17 12:00:00,51.88
2025-02-17 16:00:00,51.89
2025-02-17 20:00:00,51.73
2025-02-18 00:00:00,51.03
2025-02-18 04:00:00,51.45
2025-02-18 08:00:00,51.67
2025-02-18 12:00:00,51.55
2025-02-18 16:00:00,52.92
2025-02-18 20:00:00,51.69
2025-02-19 00:00:00,51.29
2025-02-19 04:00:00,51.22
2025-02-19 08:00:00,50.45
2025-02-19 12:00:00,49.6
2025-02-19 16:00:00,49.27
2025-02-19 20:00:00,49.15
2025-02-20 00:00:00,49.98
2025-02-20 04:00:00,50.14
2025-02-20 08:00:00,49.26
2025-02-20 12:00:00,49.47
2025-02-20 16:00:00,48.89
2025-02-20 20:00:00,49.06
2025-02-21 00:00:00,47.94
2025-02-21 04:00:00,48.25
2025-02-21 08:00:00,47.14
2025-02-21 12:00:00,47.72
2025-02-21 16:00:00,48.92
2025-02-21 20:00:00,48.71
2025-02-22 00:00:00,48.34
2025-02-22 04:00:00,48.82
2025-02-22 08:00:00,48.72
2025-02-22 12:00:00,48.93
2025-02-22 16:00:00,48.84
2025-02-22 20:00:00,48.6
2025-02-23 00:00:00,48.51
2025-02-23 04:00:00,48.65
2025-02-23 08:00:00,47.41
2025-02-23 12:00:00,47.51
2025-02-23 16:00:00,47.95
2025-02-23 20:00:00,48.47
2025-02-24 00:00:00,48.0
2025-02-24 04:00:00,47.9
2025-02-24 08:00:00,46.76
2025-02-24 12:00:00,47.51
2025-02-24 16:00:00,46.59
2025-02-24 20:00:00,47.07
2025-02-25 00:00:00,48.44
2025-02-25 04:00:00,52.69
2025-02-25 08:00:00,50.89
2025-02-25 12:00:00,50.06
2025-02-25 16:00:00,49.38
2025-02-25 20:00:00,48.59
2025-02-26 00:00:00,48.96
2025-02-26 04:00:00,48.46
2025-02-26 08:00:00,48.24
2025-02-26 12:00:00,48.0
2025-02-26 16:00:00,51.15
2025-02-26 20:00:00,51.3
2025-02-27 00:00:00,51.66
2025-02-27 04:00:00,51.38
2025-02-27 08:00:00,50.99
2025-02-27 12:00:00,50.73
2025-02-27 16:00:00,50.14
2025-02-27 20:00:00,51.68
2025-02-28 00:00:00,55.03
2025-02-28 04:00:00,58.12
2025-02-28 08:00:00,56.9
2025-02-28 12:00:00,54.29
2025-02-28 16:00:00,52.33
2025-02-28 20:00:00,50.76
2025-03-01 00:00:00,52.23
2025-03-01 04:00:00,53.29
2025-03-01 08:00:00,52.39
2025-03-01 12:00:00,52.95
2025-03-01 16:00:00,52.21
2025-03-01 20:00:00,51.87
2025-03-02 00:00:00,52.16
2025-03-02 04:00:00,51.68
2025-03-02 08:00:00,52.75
2025-03-02 12:00:00,54.07
2025-03-02 16:00:00,54.21
2025-03-02 20:00:00,55.47
2025-03-03 00:00:00,53.33
2025-03-03 04:00:00,54.24
2025-03-03 08:00:00,56.68
2025-03-03 12:00:00,56.5
2025-03-03 16:00:00,57.87
2025-03-03 20:00:00,59.48
2025-03-04 00:00:00,61.17
2025-03-04 04:00:00,58.58
2025-03-04 08:00:00,61.01
2025-03-04 12:00:00,62.08
2025-03-04 16:00:00,60.36
2025-03-04 20:00:00,62.07
2025-03-05 00:00:00,58.16
2025-03-05 04:00:00,57.74
2025-03-05 08:00:00,59.6
2025-03-05 12:00:00,58.67
2025-03-05 16:00:00,59.02
2025-03-05 20:00:00,57.6
2025-03-06 00:00:00,59.07
2025-03-06 04:00:00,58.51
2025-03-06 08:00:00,56.44
2025-03-06 12:00:00,58.29
2025-03-06 16:00:00,58.93
2025-03-06 20:00:00,60.15
2025-03-07 00:00:00,54.18
2025-03-07 04:00:00,55.25
2025-03-07 08:00:00,55.81
2025-03-07 12:00:00,57.0
2025-03-07 16:00:00,55.89
2025-03-07 20:00:00,54.32
2025-03-08 00:00:00,53.66
2025-03-08 04:00:00,52.51
2025-03-08 08:00:00,52.39
2025-03-08 12:00:00,52.83
2025-03-08 16:00:00,52.74
2025-03-08 20:00:00,52.66
2025-03-09 00:00:00,52.45
2025-03-09 04:00:00,52.85
2025-03-09 08:00:00,54.19
2025-03-09 12:00:00,56.89
2025-03-09 16:00:00,57.87
2025-03-09 20:00:00,59.1
2025-03-10 00:00:00,57.22
2025-03-10 04:00:00,56.36
2025-03-10 08:00:00,56.98
2025-03-10 12:00:00,59.11
2025-03-10 16:00:00,60.77
2025-03-10 20:00:00,59.57
2025-03-11 00:00:00,59.58
2025-03-11 04:00:00,60.33
2025-03-11 08:00:00,59.34
2025-03-11 12:00:00,60.16
2025-03-11 16:00:00,59.91
2025-03-11 20:00:00,59.9
2025-03-12 00:00:00,60.35
2025-03-12 04:00:00,60.31
2025-03-12 08:00:00,59.65
2025-03-12 12:00:00,58.48
2025-03-12 16:00:00,57.95
2025-03-12 20:00:00,56.89
2025-03-13 00:00:00,56.36
2025-03-13 04:00:00,56.28
2025-03-13 08:00:00,56.74
2025-03-13 12:00:00,56.8
2025-03-13 16:00:00,56.02
2025-03-13 20:00:00,55.42
2025-03-14 00:00:00,54.87
2025-03-14 04:00:00,54.97
2025-03-14 08:00:00,54.55
2025-03-14 12:00:00,55.47
2025-03-14 16:00:00,53.86
2025-03-14 20:00:00,53.27
2025-03-15 00:00:00,52.41
2025-03-15 04:00:00,52.86
2025-03-15 08:00:00,52.47
2025-03-15 12:00:00,52.59
2025-03-15 16:00:00,53.59
2025-03-15 20:00:00,53.46
2025-03-16 00:00:00,53.81
2025-03-16 04:00:00,54.05
2025-03-16 08:00:00,55.42
2025-03-16 12:00:00,55.16
2025-03-16 16:00:00,55.14
2025-03-16 20:00:00,55.27
2025-03-17 00:00:00,54.88
2025-03-17 04:00:00,55.03
2025-03-17 08:00:00,54.81
2025-03-17 12:00:00,54.68
2025-03-17 16:00:00,53.78
2025-03-17 20:00:00,52.86
2025-03-18 00:00:00,53.2
2025-03-18 04:00:00,52.96
2025-03-18 08:00:00,52.63
2025-03-18 12:00:00,54.18
2025-03-18 16:00:00,53.27
2025-03-18 20:00:00,52.0
2025-03-19 00:00:00,51.61
2025-03-19 04:00:00,51.77
2025-03-19 08:00:00,51.92
2025-03-19 12:00:00,52.35
2025-03-19 16:00:00,52.63
2025-03-19 20:00:00,54.02
2025-03-20 00:00:00,51.84
2025-03-20 04:00:00,51.55
2025-03-20 08:00:00,51.74
2025-03-20 12:00:00,50.4
2025-03-20 16:00:00,49.58
2025-03-20 20:00:00,49.01
2025-03-21 00:00:00,49.1
2025-03-21 04:00:00,49.08
2025-03-21 08:00:00,49.03
2025-03-21 12:00:00,49.08
2025-03-21 16:00:00,47.68
2025-03-21 20:00:00,47.56
2025-03-22 00:00:00,47.48
2025-03-22 04:00:00,47.58
2025-03-22 08:00:00,49.15
2025-03-22 12:00:00,48.79
2025-03-22 16:00:00,48.7
2025-03-22 20:00:00,48.88
2025-03-23 00:00:00,48.67
2025-03-23 04:00:00,48.49
2025-03-23 08:00:00,47.58
2025-03-23 12:00:00,47.4
2025-03-23 16:00:00,47.6
2025-03-23 20:00:00,47.66
2025-03-24 00:00:00,47.48
2025-03-24 04:00:00,47.92
2025-03-24 08:00:00,48.34
2025-03-24 12:00:00,47.7
2025-03-24 16:00:00,47.26
2025-03-24 20:00:00,47.32
2025-03-25 00:00:00,46.91
2025-03-25 04:00:00,47.82
2025-03-25 08:00:00,47.32
2025-03-25 12:00:00,46.89
2025-03-25 16:00:00,46.91
2025-03-25 20:00:00,46.99
2025-03-26 00:00:00,46.62
2025-03-26 04:00:00,46.55
2025-03-26 08:00:00,46.29
2025-03-26 12:00:00,46.86
2025-03-26 16:00:00,47.4
2025-03-26 20:00:00,47.27
2025-03-27 00:00:00,46.61
2025-03-27 04:00:00,46.23
2025-03-27 08:00:00,45.55
2025-03-27 12:00:00,46.59
2025-03-27 16:00:00,46.48
2025-03-27 20:00:00,46.61
2025-03-28 00:00:00,47.17
2025-03-28 04:00:00,52.22
2025-03-28 08:00:00,48.92
2025-03-28 12:00:00,49.14
2025-03-28 16:00:00,49.85
2025-03-28 20:00:00,49.93
2025-03-29 00:00:00,49.66
2025-03-29 04:00:00,49.35
2025-03-29 08:00:00,51.88
2025-03-29 12:00:00,51.78
2025-03-29 16:00:00,52.65
2025-03-29 20:00:00,52.69
2025-03-30 00:00:00,51.68
2025-03-30 04:00:00,52.06
2025-03-30 08:00:00,51.8
2025-03-30 12:00:00,52.32
2025-03-30 16:00:00,53.37
2025-03-30 20:00:00,53.73
2025-03-31 00:00:00,54.41
2025-03-31 04:00:00,52.93
2025-03-31 08:00:00,53.3
2025-03-31 12:00:00,52.63
2025-03-31 16:00:00,51.71
2025-03-31 20:00:00,51.02
2025-04-01 00:00:00,50.95
2025-04-01 04:00:00,50.48
2025-04-01 08:00:00,49.45
2025-04-01 12:00:00,49.09
2025-04-01 16:00:00,49.54
2025-04-01 20:00:00,49.55
2025-04-02 00:00:00,49.35
2025-04-02 04:00:00,49.52
2025-04-02 08:00:00,49.76
2025-04-02 12:00:00,49.24
2025-04-02 16:00:00,49.77
2025-04-02 20:00:00,52.61
2025-04-03 00:00:00,51.11
2025-04-03 04:00:00,51.22
2025-04-03 08:00:00,51.25
2025-04-03 12:00:00,52.33
2025-04-03 16:00:00,53.27
2025-04-03 20:00:00,52.64
2025-04-04 00:00:00,52.19
2025-04-04 04:00:00,52.97
2025-04-04 08:00:00,55.5
2025-04-04 12:00:00,55.67
2025-04-04 16:00:00,55.01
2025-04-04 20:00:00,55.33
2025-04-05 00:00:00,55.58
2025-04-05 04:00:00,55.69
2025-04-05 08:00:00,56.2
2025-04-05 12:00:00,57.1
2025-04-05 16:00:00,56.96
2025-04-05 20:00:00,57.1
2025-04-06 00:00:00,57.98
2025-04-06 04:00:00,57.83
2025-04-06 08:00:00,58.49
2025-04-06 12:00:00,60.27
2025-04-06 16:00:00,61.1
2025-04-06 20:00:00,59.59
2025-04-07 00:00:00,57.75
2025-04-07 04:00:00,63.12
2025-04-07 08:00:00,57.66
2025-04-07 12:00:00,56.86
2025-04-07 16:00:00,54.5
2025-04-07 20:00:00,52.79
2025-04-08 00:00:00,53.89
2025-04-08 04:00:00,54.52
2025-04-08 08:00:00,55.04
2025-04-08 12:00:00,53.47
2025-04-08 16:00:00,56.61
2025-04-08 20:00:00,56.84
2025-04-09 00:00:00,62.27
2025-04-09 04:00:00,58.9
2025-04-09 08:00:00,58.6
2025-04-09 12:00:00,55.89
2025-04-09 16:00:00,53.92
2025-04-09 20:00:00,53.04
2025-04-10 00:00:00,51.44
2025-04-10 04:00:00,51.72
2025-04-10 08:00:00,52.3
2025-04-10 12:00:00,53.65
2025-04-10 16:00:00,53.84
2025-04-10 20:00:00,53.56
2025-04-11 00:00:00,53.22
2025-04-11 04:00:00,52.83
2025-04-11 08:00:00,54.54
2025-04-11 12:00:00,54.74
2025-04-11 16:00:00,55.35
2025-04-11 20:00:00,56.15
2025-04-12 00:00:00,56.29
2025-04-12 04:00:00,56.64
2025-04-12 08:00:00,55.68
2025-04-12 12:00:00,56.65
2025-04-12 16:00:00,57.17
2025-04-12 20:00:00,57.45
2025-04-13 00:00:00,57.2
2025-04-13 04:00:00,56.48
2025-04-13 08:00:00,56.0
2025-04-13 12:00:00,55.72
2025-04-13 16:00:00,56.29
2025-04-13 20:00:00,56.29
2025-04-14 00:00:00,55.47
2025-04-14 04:00:00,54.11
2025-04-14 08:00:00,53.84
2025-04-14 12:00:00,53.67
2025-04-14 16:00:00,52.9
2025-04-14 20:00:00,53.31
2025-04-15 00:00:00,52.05
2025-04-15 04:00:00,52.02
2025-04-15 08:00:00,52.34
2025-04-15 12:00:00,51.27
2025-04-15 16:00:00,50.41
2025-04-15 20:00:00,50.39
2025-04-16 00:00:00,50.37
2025-04-16 04:00:00,50.23
2025-04-16 08:00:00,49.72
2025-04-16 12:00:00,49.33
2025-04-16 16:00:00,50.05
2025-04-16 20:00:00,49.58
2025-04-17 00:00:00,49.32
2025-04-17 04:00:00,49.47
2025-04-17 08:00:00,48.84
2025-04-17 12:00:00,48.8
2025-04-17 16:00:00,48.65
2025-04-17 20:00:00,48.41
2025-04-18 00:00:00,48.08
2025-04-18 04:00:00,48.27
2025-04-18 08:00:00,47.5
2025-04-18 12:00:00,47.12
2025-04-18 16:00:00,46.94
2025-04-18 20:00:00,46.9
2025-04-19 00:00:00,47.21
2025-04-19 04:00:00,47.4
2025-04-19 08:00:00,47.89
2025-04-19 12:00:00,48.12
2025-04-19 16:00:00,48.18
2025-04-19 20:00:00,48.29
2025-04-20 00:00:00,47.85
2025-04-20 04:00:00,48.05
2025-04-20 08:00:00,47.72
2025-04-20 12:00:00,47.98
2025-04-20 16:00:00,47.79
2025-04-20 20:00:00,48.2
2025-04-21 00:00:00,49.9
2025-04-21 04:00:00,50.29
2025-04-21 08:00:00,50.16
2025-04-21 12:00:00,50.19
2025-04-21 16:00:00,49.41
2025-04-21 20:00:00,49.16
2025-04-22 00:00:00,49.54
2025-04-22 04:00:00,49.78
2025-04-22 08:00:00,49.92
2025-04-22 12:00:00,50.28
2025-04-22 16:00:00,49.99
2025-04-22 20:00:00,52.69
2025-04-23 00:00:00,51.54
2025-04-23 04:00:00,52.17
2025-04-23 08:00:00,52.27
2025-04-23 12:00:00,50.73
2025-04-23 16:00:00,49.78
2025-04-23 20:00:00,49.42
2025-04-24 00:00:00,48.61
2025-04-24 04:00:00,48.7
2025-04-24 08:00:00,47.63
2025-04-24 12:00:00,47.39
2025-04-24 16:00:00,47.2
2025-04-24 20:00:00,46.96
2025-04-25 00:00:00,47.08
2025-04-25 04:00:00,46.94
2025-04-25 08:00:00,48.1
2025-04-25 12:00:00,47.55
2025-04-25 16:00:00,46.59
2025-04-25 20:00:00,46.45
2025-04-26 00:00:00,46.38
2025-04-26 04:00:00,46.61
2025-04-26 08:00:00,47.14
2025-04-26 12:00:00,47.54
2025-04-26 16:00:00,47.52
2025-04-26 20:00:00,47.42
2025-04-27 00:00:00,47.59
2025-04-27 04:00:00,47.59
2025-04-27 08:00:00,47.73
2025-04-27 12:00:00,47.54
2025-04-27 16:00:00,48.18
2025-04-27 20:00:00,48.12
2025-04-28 00:00:00,47.28
2025-04-28 04:00:00,47.65
2025-04-28 08:00:00,48.57
2025-04-28 12:00:00,47.66
2025-04-28 16:00:00,47.46
2025-04-28 20:00:00,47.05
2025-04-29 00:00:00,46.95
2025-04-29 04:00:00,47.05
2025-04-29 08:00:00,47.01
2025-04-29 12:00:00,46.46
2025-04-29 16:00:00,46.52
2025-04-29 20:00:00,46.17
2025-04-30 00:00:00,45.47
2025-04-30 04:00:00,45.65
2025-04-30 08:00:00,45.84
2025-04-30 12:00:00,45.99
2025-04-30 16:00:00,45.77
2025-04-30 20:00:00,45.07
2025-05-01 00:00:00,45.01
2025-05-01 04:00:00,44.99
2025-05-01 08:00:00,46.29
2025-05-01 12:00:00,46.72
2025-05-01 16:00:00,46.23
2025-05-01 20:00:00,46.11
2025-05-02 00:00:00,46.95
2025-05-02 04:00:00,47.11
2025-05-02 08:00:00,47.06
2025-05-02 12:00:00,45.76
2025-05-02 16:00:00,44.5
2025-05-02 20:00:00,44.54
2025-05-03 00:00:00,44.2
2025-05-03 04:00:00,45.19
2025-05-03 08:00:00,44.58
2025-05-03 12:00:00,44.46
2025-05-03 16:00:00,44.72
2025-05-03 20:00:00,44.9
2025-05-04 00:00:00,45.14
2025-05-04 04:00:00,45.33
2025-05-04 08:00:00,45.51
2025-05-04 12:00:00,45.27
2025-05-04 16:00:00,46.09
2025-05-04 20:00:00,46.35
2025-05-05 00:00:00,46.32
2025-05-05 04:00:00,46.42
2025-05-05 08:00:00,46.52
2025-05-05 12:00:00,46.05
2025-05-05 16:00:00,45.49
2025-05-05 20:00:00,45.0
2025-05-06 00:00:00,45.27
2025-05-06 04:00:00,45.19
2025-05-06 08:00:00,45.1
2025-05-06 12:00:00,45.61
2025-05-06 16:00:00,45.41
2025-05-06 20:00:00,46.66
2025-05-07 00:00:00,46.5
2025-05-07 04:00:00,45.85
2025-05-07 08:00:00,45.93
2025-05-07 12:00:00,45.78
2025-05-07 16:00:00,44.94
2025-05-07 20:00:00,44.8
2025-05-08 00:00:00,45.11
2025-05-08 04:00:00,44.99
2025-05-08 08:00:00,45.5
2025-05-08 12:00:00,46.27
2025-05-08 16:00:00,45.31
2025-05-08 20:00:00,45.88
2025-05-09 00:00:00,46.06
2025-05-09 04:00:00,46.35
2025-05-09 08:00:00,45.73
2025-05-09 12:00:00,45.95
2025-05-09 16:00:00,46.12
2025-05-09 20:00:00,45.78
2025-05-10 00:00:00,46.02
2025-05-10 04:00:00,46.96
2025-05-10 08:00:00,47.56
2025-05-10 12:00:00,46.79
2025-05-10 16:00:00,46.62
2025-05-10 20:00:00,47.13
2025-05-11 00:00:00,46.37
2025-05-11 04:00:00,47.03
2025-05-11 08:00:00,47.72
2025-05-11 12:00:00,47.44
2025-05-11 16:00:00,47.49
2025-05-11 20:00:00,47.13
2025-05-12 00:00:00,47.18
2025-05-12 04:00:00,48.14
2025-05-12 08:00:00,46.62
2025-05-12 12:00:00,45.34
2025-05-12 16:00:00,45.56
2025-05-12 20:00:00,45.44
2025-05-13 00:00:00,45.01
2025-05-13 04:00:00,44.83
2025-05-13 08:00:00,45.63
2025-05-13 12:00:00,45.07
2025-05-13 16:00:00,45.95
2025-05-13 20:00:00,45.71
2025-05-14 00:00:00,45.1
2025-05-14 04:00:00,45.02
2025-05-14 08:00:00,45.6
2025-05-14 12:00:00,45.27
2025-05-14 16:00:00,45.05
2025-05-14 20:00:00,44.79
2025-05-15 00:00:00,43.76
2025-05-15 04:00:00,43.55
2025-05-15 08:00:00,43.63
2025-05-15 12:00:00,43.49
2025-05-15 16:00:00,43.94
2025-05-15 20:00:00,43.57
2025-05-16 00:00:00,42.91
2025-05-16 04:00:00,42.55
2025-05-16 08:00:00,42.25
2025-05-16 12:00:00,42.34
2025-05-16 16:00:00,41.72
2025-05-16 20:00:00,42.62
2025-05-17 00:00:00,42.65
2025-05-17 04:00:00,42.5
2025-05-17 08:00:00,42.6
2025-05-17 12:00:00,42.52
2025-05-17 16:00:00,43.07
2025-05-17 20:00:00,43.13
2025-05-18 00:00:00,43.05
2025-05-18 04:00:00,43.42
2025-05-18 08:00:00,44.13
2025-05-18 12:00:00,45.38
2025-05-18 16:00:00,44.74
2025-05-18 20:00:00,44.93
2025-05-19 00:00:00,44.14
2025-05-19 04:00:00,44.56
2025-05-19 08:00:00,44.46
2025-05-19 12:00:00,44.31
2025-05-19 16:00:00,44.28
2025-05-19 20:00:00,44.02
2025-05-20 00:00:00,44.48
2025-05-20 04:00:00,45.59
2025-05-20 08:00:00,44.58
2025-05-20 12:00:00,44.18
2025-05-20 16:00:00,45.72
2025-05-20 20:00:00,47.3
2025-05-21 00:00:00,46.59
2025-05-21 04:00:00,47.99
2025-05-21 08:00:00,47.15
2025-05-21 12:00:00,47.63
2025-05-21 16:00:00,47.23
2025-05-21 20:00:00,49.13
2025-05-22 00:00:00,49.51
2025-05-22 04:00:00,48.16
2025-05-22 08:00:00,48.1
2025-05-22 12:00:00,48.54
2025-05-22 16:00:00,49.72
2025-05-22 20:00:00,49.0
2025-05-23 00:00:00,48.22
2025-05-23 04:00:00,47.28
2025-05-23 08:00:00,46.88
2025-05-23 12:00:00,47.33
2025-05-23 16:00:00,46.83
2025-05-23 20:00:00,47.68
2025-05-24 00:00:00,48.37
2025-05-24 04:00:00,48.02
2025-05-24 08:00:00,47.13
2025-05-24 12:00:00,47.05
2025-05-24 16:00:00,47.11
2025-05-24 20:00:00,47.53
2025-05-25 00:00:00,48.43
2025-05-25 04:00:00,48.7
2025-05-25 08:00:00,48.2
2025-05-25 12:00:00,49.08
2025-05-25 16:00:00,49.13
2025-05-25 20:00:00,48.96
2025-05-26 00:00:00,48.27
2025-05-26 04:00:00,48.05
2025-05-26 08:00:00,46.52
2025-05-26 12:00:00,47.0
2025-05-26 16:00:00,47.5
2025-05-26 20:00:00,47.13
2025-05-27 00:00:00,47.11
2025-05-27 04:00:00,46.48
2025-05-27 08:00:00,46.56
2025-05-27 12:00:00,46.53
2025-05-27 16:00:00,46.05
2025-05-27 20:00:00,46.16
2025-05-28 00:00:00,45.69
2025-05-28 04:00:00,44.42
2025-05-28 08:00:00,44.23
2025-05-28 12:00:00,45.27
2025-05-28 16:00:00,45.49
2025-05-28 20:00:00,45.24
2025-05-29 00:00:00,44.81
2025-05-29 04:00:00,44.41
2025-05-29 08:00:00,44.94
2025-05-29 12:00:00,43.94
2025-05-29 16:00:00,44.13
2025-05-29 20:00:00,44.61
2025-05-30 00:00:00,44.72
2025-05-30 04:00:00,46.81
2025-05-30 08:00:00,44.31
2025-05-30 12:00:00,43.92
2025-05-30 16:00:00,44.5
2025-05-30 20:00:00,43.71
2025-05-31 00:00:00,45.16
2025-05-31 04:00:00,45.13
2025-05-31 08:00:00,44.67
2025-05-31 12:00:00,43.78
2025-05-31 16:00:00,46.56
2025-05-31 20:00:00,45.88
2025-06-01 00:00:00,46.2
2025-06-01 04:00:00,45.42
2025-06-01 08:00:00,45.8
2025-06-01 12:00:00,46.54
2025-06-01 16:00:00,45.48
2025-06-01 20:00:00,45.13
2025-06-02 00:00:00,43.97
2025-06-02 04:00:00,44.12
2025-06-02 08:00:00,43.29
2025-06-02 12:00:00,43.09
2025-06-02 16:00:00,42.6
2025-06-02 20:00:00,42.97
2025-06-03 00:00:00,43.14
2025-06-03 04:00:00,43.51
2025-06-03 08:00:00,43.0
2025-06-03 12:00:00,42.86
2025-06-03 16:00:00,42.74
2025-06-03 20:00:00,42.83
2025-06-04 00:00:00,42.33
2025-06-04 04:00:00,42.38
2025-06-04 08:00:00,42.81
2025-06-04 12:00:00,42.1
2025-06-04 16:00:00,42.07
2025-06-04 20:00:00,42.18
2025-06-05 00:00:00,41.91
2025-06-05 04:00:00,41.48
2025-06-05 08:00:00,41.92
2025-06-05 12:00:00,41.96
2025-06-05 16:00:00,42.03
2025-06-05 20:00:00,42.76
2025-06-06 00:00:00,41.55
2025-06-06 04:00:00,42.35
2025-06-06 08:00:00,41.57
2025-06-06 12:00:00,40.78
2025-06-06 16:00:00,40.85
2025-06-06 20:00:00,40.53
2025-06-07 00:00:00,41.14
2025-06-07 04:00:00,40.93
2025-06-07 08:00:00,41.09
2025-06-07 12:00:00,41.81
2025-06-07 16:00:00,41.74
2025-06-07 20:00:00,41.99
2025-06-08 00:00:00,41.95
2025-06-08 04:00:00,42.0
2025-06-08 08:00:00,41.57
2025-06-08 12:00:00,41.84
2025-06-08 16:00:00,42.55
2025-06-08 20:00:00,42.52
2025-06-09 00:00:00,41.93
2025-06-09 04:00:00,41.72
2025-06-09 08:00:00,42.13
2025-06-09 12:00:00,41.76
2025-06-09 16:00:00,41.82
2025-06-09 20:00:00,42.61
2025-06-10 00:00:00,42.44
2025-06-10 04:00:00,42.09
2025-06-10 08:00:00,42.35
2025-06-10 12:00:00,42.42
2025-06-10 16:00:00,42.42
2025-06-10 20:00:00,42.51
2025-06-11 00:00:00,42.48
2025-06-11 04:00:00,42.57
2025-06-11 08:00:00,42.48
2025-06-11 12:00:00,42.18
2025-06-11 16:00:00,41.74
2025-06-11 20:00:00,40.95
2025-06-12 00:00:00,40.89
2025-06-12 04:00:00,41.1
2025-06-12 08:00:00,40.55
2025-06-12 12:00:00,40.94
2025-06-12 16:00:00,39.66
2025-06-12 20:00:00,39.77
2025-06-13 00:00:00,42.51
2025-06-13 04:00:00,40.84
2025-06-13 08:00:00,41.15
2025-06-13 12:00:00,41.25
2025-06-13 16:00:00,41.38
2025-06-13 20:00:00,40.72
2025-06-14 00:00:00,40.84
2025-06-14 04:00:00,40.78
2025-06-14 08:00:00,40.65
2025-06-14 12:00:00,40.8
2025-06-14 16:00:00,41.16
2025-06-14 20:00:00,41.0
2025-06-15 00:00:00,41.16
2025-06-15 04:00:00,41.06
2025-06-15 08:00:00,41.72
2025-06-15 12:00:00,42.36
2025-06-15 16:00:00,42.4
2025-06-15 20:00:00,42.32
2025-06-16 00:00:00,41.4
2025-06-16 04:00:00,41.25
2025-06-16 08:00:00,40.86
2025-06-16 12:00:00,41.22
2025-06-16 16:00:00,40.73
2025-06-16 20:00:00,41.73
2025-06-17 00:00:00,41.06
2025-06-17 04:00:00,41.0
2025-06-17 08:00:00,40.81
2025-06-17 12:00:00,41.27
2025-06-17 16:00:00,41.64
2025-06-17 20:00:00,41.62
2025-06-18 00:00:00,41.16
2025-06-18 04:00:00,40.69
2025-06-18 08:00:00,40.89
2025-06-18 12:00:00,40.46
2025-06-18 16:00:00,39.89
2025-06-18 20:00:00,39.69
2025-06-19 00:00:00,40.08
2025-06-19 04:00:00,40.09
2025-06-19 08:00:00,40.24
2025-06-19 12:00:00,40.42
2025-06-19 16:00:00,40.18
2025-06-19 20:00:00,40.21
2025-06-20 00:00:00,40.38
2025-06-20 04:00:00,41.01
2025-06-20 08:00:00,39.91
2025-06-20 12:00:00,39.15
2025-06-20 16:00:00,40.14
2025-06-20 20:00:00,40.67
2025-06-21 00:00:00,40.66
2025-06-21 04:00:00,39.55
2025-06-21 08:00:00,39.67
2025-06-21 12:00:00,39.27
2025-06-21 16:00:00,39.91
2025-06-21 20:00:00,41.01
2025-06-22 00:00:00,41.23
2025-06-22 04:00:00,40.5
2025-06-22 08:00:00,40.46
2025-06-22 12:00:00,43.41
2025-06-22 16:00:00,43.34
2025-06-22 20:00:00,41.75
2025-06-23 00:00:00,41.46
2025-06-23 04:00:00,41.04
2025-06-23 08:00:00,40.77
2025-06-23 12:00:00,40.68
2025-06-23 16:00:00,40.1
2025-06-23 20:00:00,39.86
2025-06-24 00:00:00,39.63
2025-06-24 04:00:00,40.93
2025-06-24 08:00:00,40.39
2025-06-24 12:00:00,39.66
2025-06-24 16:00:00,39.17
2025-06-24 20:00:00,39.05
2025-06-25 00:00:00,38.83
2025-06-25 04:00:00,38.45
2025-06-25 08:00:00,37.91
2025-06-25 12:00:00,38.93
2025-06-25 16:00:00,38.83
2025-06-25 20:00:00,38.4
2025-06-26 00:00:00,39.12
2025-06-26 04:00:00,38.82
2025-06-26 08:00:00,38.55
2025-06-26 12:00:00,38.06
2025-06-26 16:00:00,37.9
2025-06-26 20:00:00,38.25
2025-06-27 00:00:00,37.84
2025-06-27 04:00:00,38.28
2025-06-27 08:00:00,36.39
2025-06-27 12:00:00,36.56
2025-06-27 16:00:00,38.22
2025-06-27 20:00:00,38.1
2025-06-28 00:00:00,37.4
2025-06-28 04:00:00,37.12
2025-06-28 08:00:00,36.83
2025-06-28 12:00:00,37.46
2025-06-28 16:00:00,37.46
2025-06-28 20:00:00,37.71
2025-06-29 00:00:00,37.96
2025-06-29 04:00:00,38.19
2025-06-29 08:00:00,39.26
2025-06-29 12:00:00,39.25
2025-06-29 16:00:00,38.83
2025-06-29 20:00:00,39.34
2025-06-30 00:00:00,39.13
2025-06-30 04:00:00,38.76
2025-06-30 08:00:00,38.88
2025-06-30 12:00:00,38.25
2025-06-30 16:00:00,38.06
2025-06-30 20:00:00,37.74
2025-07-01 00:00:00,37.41
2025-07-01 04:00:00,37.31
2025-07-01 08:00:00,37.42
2025-07-01 12:00:00,37.84
2025-07-01 16:00:00,37.88
2025-07-01 20:00:00,37.61
2025-07-02 00:00:00,37.83
2025-07-02 04:00:00,37.98
2025-07-02 08:00:00,37.65
2025-07-02 12:00:00,38.76
2025-07-02 16:00:00,39.75
2025-07-02 20:00:00,39.6
2025-07-03 00:00:00,39.53
2025-07-03 04:00:00,40.34
2025-07-03 08:00:00,40.58
2025-07-03 12:00:00,39.34
2025-07-03 16:00:00,38.89
2025-07-03 20:00:00,39.08
2025-07-04 00:00:00,38.62
2025-07-04 04:00:00,38.42
2025-07-04 08:00:00,36.96
2025-07-04 12:00:00,38.79
2025-07-04 16:00:00,39.51
2025-07-04 20:00:00,39.21
2025-07-05 00:00:00,38.9
2025-07-05 04:00:00,38.65
2025-07-05 08:00:00,38.64
2025-07-05 12:00:00,38.74
2025-07-05 16:00:00,38.55
2025-07-05 20:00:00,38.54
2025-07-06 00:00:00,38.27
2025-07-06 04:00:00,38.35
2025-07-06 08:00:00,38.42
2025-07-06 12:00:00,38.83
2025-07-06 16:00:00,38.65
2025-07-06 20:00:00,38.98
2025-07-07 00:00:00,39.33
2025-07-07 04:00:00,39.38
2025-07-07 08:00:00,39.3
2025-07-07 12:00:00,38.85
2025-07-07 16:00:00,38.83
2025-07-07 20:00:00,38.71
2025-07-08 00:00:00,38.87
2025-07-08 04:00:00,38.33
2025-07-08 08:00:00,37.95
2025-07-08 12:00:00,37.83
2025-07-08 16:00:00,37.76
2025-07-08 20:00:00,37.77
2025-07-09 00:00:00,37.53
2025-07-09 04:00:00,37.86
2025-07-09 08:00:00,37.33
2025-07-09 12:00:00,37.21
2025-07-09 16:00:00,39.83
2025-07-09 20:00:00,38.77
2025-07-10 00:00:00,39.05
2025-07-10 04:00:00,39.02
2025-07-10 08:00:00,38.53
2025-07-10 12:00:00,38.46
2025-07-10 16:00:00,39.36
2025-07-10 20:00:00,38.62
2025-07-11 00:00:00,38.47
2025-07-11 04:00:00,40.21
2025-07-11 08:00:00,37.75
2025-07-11 12:00:00,38.3
2025-07-11 16:00:00,38.0
2025-07-11 20:00:00,37.94
2025-07-12 00:00:00,37.44
2025-07-12 04:00:00,37.66
2025-07-12 08:00:00,37.44
2025-07-12 12:00:00,37.87
2025-07-12 16:00:00,38.25
2025-07-12 20:00:00,38.2
2025-07-13 00:00:00,38.72
2025-07-13 04:00:00,38.53
2025-07-13 08:00:00,38.68
2025-07-13 12:00:00,39.13
2025-07-13 16:00:00,40.61
2025-07-13 20:00:00,39.24
2025-07-14 00:00:00,39.47
2025-07-14 04:00:00,39.97
2025-07-14 08:00:00,39.0
2025-07-14 12:00:00,40.46
2025-07-14 16:00:00,39.77
2025-07-14 20:00:00,39.64
2025-07-15 00:00:00,41.55
2025-07-15 04:00:00,40.89
2025-07-15 08:00:00,39.99
2025-07-15 12:00:00,40.65
2025-07-15 16:00:00,40.5
2025-07-15 20:00:00,39.93
2025-07-16 00:00:00,38.26
2025-07-16 04:00:00,38.17
2025-07-16 08:00:00,38.47
2025-07-16 12:00:00,40.95
2025-07-16 16:00:00,40.47
2025-07-16 20:00:00,39.07
2025-07-17 00:00:00,38.39
2025-07-17 04:00:00,39.18
2025-07-17 08:00:00,39.0
2025-07-17 12:00:00,38.51
2025-07-17 16:00:00,38.46
2025-07-17 20:00:00,39.47
2025-07-18 00:00:00,40.24
2025-07-18 04:00:00,39.09
2025-07-18 08:00:00,38.24
2025-07-18 12:00:00,38.19
2025-07-18 16:00:00,39.02
2025-07-18 20:00:00,38.6
2025-07-19 00:00:00,38.49
2025-07-19 04:00:00,38.53
2025-07-19 08:00:00,38.25
2025-07-19 12:00:00,38.29
2025-07-19 16:00:00,38.25
2025-07-19 20:00:00,38.85
2025-07-20 00:00:00,38.94
2025-07-20 04:00:00,38.78
2025-07-20 08:00:00,38.77
2025-07-20 12:00:00,39.23
2025-07-20 16:00:00,39.77
2025-07-20 20:00:00,39.23
2025-07-21 00:00:00,38.91
2025-07-21 04:00:00,38.93
2025-07-21 08:00:00,39.77
2025-07-21 12:00:00,38.54
2025-07-21 16:00:00,40.41
2025-07-21 20:00:00,39.28
2025-07-22 00:00:00,39.28
2025-07-22 04:00:00,38.65
2025-07-22 08:00:00,38.24
2025-07-22 12:00:00,39.33
2025-07-22 16:00:00,39.68
2025-07-22 20:00:00,39.88
2025-07-23 00:00:00,39.5
2025-07-23 04:00:00,39.24
2025-07-23 08:00:00,39.27
2025-07-23 12:00:00,39.64
2025-07-23 16:00:00,39.74
2025-07-23 20:00:00,39.58
2025-07-24 00:00:00,39.44
2025-07-24 04:00:00,40.41
2025-07-24 08:00:00,38.92
2025-07-24 12:00:00,39.01
2025-07-24 16:00:00,39.32
2025-07-24 20:00:00,40.22
2025-07-25 00:00:00,42.68
2025-07-25 04:00:00,42.98
2025-07-25 08:00:00,40.65
2025-07-25 12:00:00,39.82
2025-07-25 16:00:00,40.45
2025-07-25 20:00:00,40.06
2025-07-26 00:00:00,39.45
2025-07-26 04:00:00,38.78
2025-07-26 08:00:00,39.08
2025-07-26 12:00:00,39.13
2025-07-26 16:00:00,38.64
2025-07-26 20:00:00,38.95
2025-07-27 00:00:00,39.28
2025-07-27 04:00:00,39.37
2025-07-27 08:00:00,39.14
2025-07-27 12:00:00,39.38
2025-07-27 16:00:00,39.91
2025-07-27 20:00:00,39.37
2025-07-28 00:00:00,40.72
2025-07-28 04:00:00,40.91
2025-07-28 08:00:00,40.13
2025-07-28 12:00:00,40.03
2025-07-28 16:00:00,39.2
2025-07-28 20:00:00,38.27
2025-07-29 00:00:00,38.36
2025-07-29 04:00:00,38.31
2025-07-29 08:00:00,37.63
2025-07-29 12:00:00,37.06
2025-07-29 16:00:00,36.97
2025-07-29 20:00:00,35.18
2025-07-30 00:00:00,36.01
2025-07-30 04:00:00,36.36
2025-07-30 08:00:00,36.6
2025-07-30 12:00:00,36.18
2025-07-30 16:00:00,36.89
2025-07-30 20:00:00,36.13
2025-07-31 00:00:00,36.21
2025-07-31 04:00:00,36.16
2025-07-31 08:00:00,36.36
2025-07-31 12:00:00,35.81
2025-07-31 16:00:00,36.55
2025-07-31 20:00:00,36.73
2025-08-01 00:00:00,35.88
2025-08-01 04:00:00,38.28
2025-08-01 08:00:00,36.6
2025-08-01 12:00:00,37.32
2025-08-01 16:00:00,37.95
2025-08-01 20:00:00,38.42
2025-08-02 00:00:00,37.46
2025-08-02 04:00:00,37.01
2025-08-02 08:00:00,36.72
2025-08-02 12:00:00,38.27
2025-08-02 16:00:00,37.52
2025-08-02 20:00:00,37.67
2025-08-03 00:00:00,37.81
2025-08-03 04:00:00,37.84
2025-08-03 08:00:00,38.05
2025-08-03 12:00:00,38.03
2025-08-03 16:00:00,38.09
2025-08-03 20:00:00,38.03
2025-08-04 00:00:00,37.35
2025-08-04 04:00:00,37.49
2025-08-04 08:00:00,37.35
2025-08-04 12:00:00,37.26
2025-08-04 16:00:00,36.95
2025-08-04 20:00:00,36.89
2025-08-05 00:00:00,37.02
2025-08-05 04:00:00,36.93
2025-08-05 08:00:00,35.9
2025-08-05 12:00:00,36.02
2025-08-05 16:00:00,35.97
2025-08-05 20:00:00,36.01
2025-08-06 00:00:00,35.88
2025-08-06 04:00:00,35.34
2025-08-06 08:00:00,35.52
2025-08-06 12:00:00,35.6
2025-08-06 16:00:00,35.16
2025-08-06 20:00:00,34.88
2025-08-07 00:00:00,34.59
2025-08-07 04:00:00,34.68
2025-08-07 08:00:00,34.85
2025-08-07 12:00:00,35.0
2025-08-07 16:00:00,35.41
2025-08-07 20:00:00,35.66
2025-08-08 00:00:00,35.12
2025-08-08 04:00:00,34.69
2025-08-08 08:00:00,33.77
2025-08-08 12:00:00,34.51
2025-08-08 16:00:00,34.45
2025-08-08 20:00:00,34.4
2025-08-09 00:00:00,34.09
2025-08-09 04:00:00,34.7
2025-08-09 08:00:00,34.82
2025-08-09 12:00:00,34.94
2025-08-09 16:00:00,34.94
2025-08-09 20:00:00,35.07
2025-08-10 00:00:00,36.09
2025-08-10 04:00:00,34.36
2025-08-10 08:00:00,35.23
2025-08-10 12:00:00,35.42
2025-08-10 16:00:00,35.3
2025-08-10 20:00:00,35.43
2025-08-11 00:00:00,36.52
2025-08-11 04:00:00,36.5
2025-08-11 08:00:00,35.6
2025-08-11 12:00:00,36.16
2025-08-11 16:00:00,37.5
2025-08-11 20:00:00,36.56
2025-08-12 00:00:00,35.75
2025-08-12 04:00:00,35.91
2025-08-12 08:00:00,36.13
2025-08-12 12:00:00,35.86
2025-08-12 16:00:00,36.46
2025-08-12 20:00:00,36.94
2025-08-13 00:00:00,36.21
2025-08-13 04:00:00,36.1
2025-08-13 08:00:00,36.66
2025-08-13 12:00:00,36.87
2025-08-13 16:00:00,39.67
2025-08-13 20:00:00,39.0
2025-08-14 00:00:00,38.75
2025-08-14 04:00:00,38.9
2025-08-14 08:00:00,37.09
2025-08-14 12:00:00,37.7
2025-08-14 16:00:00,36.38
2025-08-14 20:00:00,36.95
2025-08-15 00:00:00,36.6
2025-08-15 04:00:00,35.75
2025-08-15 08:00:00,35.38
2025-08-15 12:00:00,35.57
2025-08-15 16:00:00,35.4
2025-08-15 20:00:00,35.37
2025-08-16 00:00:00,35.22
2025-08-16 04:00:00,35.01
2025-08-16 08:00:00,35.09
2025-08-16 12:00:00,35.25
2025-08-16 16:00:00,35.28
2025-08-16 20:00:00,35.38
2025-08-17 00:00:00,35.49
2025-08-17 04:00:00,35.75
2025-08-17 08:00:00,35.47
2025-08-17 12:00:00,35.27
2025-08-17 16:00:00,35.51
2025-08-17 20:00:00,35.83
2025-08-18 00:00:00,36.78
2025-08-18 04:00:00,36.55
2025-08-18 08:00:00,37.41
2025-08-18 12:00:00,35.7
2025-08-18 16:00:00,35.74
2025-08-18 20:00:00,35.99
2025-08-19 00:00:00,37.35
2025-08-19 04:00:00,37.26
2025-08-19 08:00:00,36.21
2025-08-19 12:00:00,37.66
2025-08-19 16:00:00,38.39
2025-08-19 20:00:00,37.87
2025-08-20 00:00:00,37.3
2025-08-20 04:00:00,37.36
2025-08-20 08:00:00,37.38
2025-08-20 12:00:00,37.33
2025-08-20 16:00:00,36.92
2025-08-20 20:00:00,36.02
2025-08-21 00:00:00,36.11
2025-08-21 04:00:00,36.04
2025-08-21 08:00:00,36.78
2025-08-21 12:00:00,36.69
2025-08-21 16:00:00,37.13
2025-08-21 20:00:00,37.25
2025-08-22 00:00:00,37.14
2025-08-22 04:00:00,37.69
2025-08-22 08:00:00,37.21
2025-08-22 12:00:00,33.84
2025-08-22 16:00:00,34.73
2025-08-22 20:00:00,34.53
2025-08-23 00:00:00,34.81
2025-08-23 04:00:00,34.88
2025-08-23 08:00:00,34.73
2025-08-23 12:00:00,34.95
2025-08-23 16:00:00,34.98
2025-08-23 20:00:00,34.97
2025-08-24 00:00:00,35.09
2025-08-24 04:00:00,35.01
2025-08-24 08:00:00,34.94
2025-08-24 12:00:00,34.43
2025-08-24 16:00:00,36.68
2025-08-24 20:00:00,35.07
2025-08-25 00:00:00,34.89
2025-08-25 04:00:00,38.0
2025-08-25 08:00:00,38.41
2025-08-25 12:00:00,36.93
2025-08-25 16:00:00,37.61
2025-08-25 20:00:00,37.93
2025-08-26 00:00:00,38.63
2025-08-26 04:00:00,38.48
2025-08-26 08:00:00,38.94
2025-08-26 12:00:00,38.35
2025-08-26 16:00:00,40.0
2025-08-26 20:00:00,36.92
2025-08-27 00:00:00,37.48
2025-08-27 04:00:00,38.05
2025-08-27 08:00:00,37.68
2025-08-27 12:00:00,38.01
2025-08-27 16:00:00,37.48
2025-08-27 20:00:00,37.91
2025-08-28 00:00:00,36.22
2025-08-28 04:00:00,38.04
2025-08-28 08:00:00,37.89
2025-08-28 12:00:00,37.51
2025-08-28 16:00:00,37.32
2025-08-28 20:00:00,36.95
2025-08-29 00:00:00,37.09
2025-08-29 04:00:00,38.93
2025-08-29 08:00:00,39.44
2025-08-29 12:00:00,39.54
2025-08-29 16:00:00,39.24
2025-08-29 20:00:00,38.98
2025-08-30 00:00:00,39.1
2025-08-30 04:00:00,38.38
2025-08-30 08:00:00,38.39
2025-08-30 12:00:00,39.19
2025-08-30 16:00:00,38.81
2025-08-30 20:00:00,38.85
2025-08-31 00:00:00,38.75
2025-08-31 04:00:00,38.78
2025-08-31 08:00:00,38.9
2025-08-31 12:00:00,39.33
2025-08-31 16:00:00,39.43
2025-08-31 20:00:00,39.62
2025-09-01 00:00:00,39.62
2025-09-01 04:00:00,38.38
2025-09-01 08:00:00,38.8
2025-09-01 12:00:00,38.44
2025-09-01 16:00:00,38.79
2025-09-01 20:00:00,39.5
2025-09-02 00:00:00,38.68
2025-09-02 04:00:00,39.24
2025-09-02 08:00:00,39.23
2025-09-02 12:00:00,38.88
2025-09-02 16:00:00,38.83
2025-09-02 20:00:00,38.8
2025-09-03 00:00:00,38.45
2025-09-03 04:00:00,38.32
2025-09-03 08:00:00,38.31
2025-09-03 12:00:00,38.11
2025-09-03 16:00:00,38.64
2025-09-03 20:00:00,38.85
2025-09-04 00:00:00,38.94
2025-09-04 04:00:00,38.63
2025-09-04 08:00:00,38.82
2025-09-04 12:00:00,38.89
2025-09-04 16:00:00,39.15
2025-09-04 20:00:00,38.48
2025-09-05 00:00:00,38.57
2025-09-05 04:00:00,38.26
2025-09-05 08:00:00,38.16
2025-09-05 12:00:00,37.99
2025-09-05 16:00:00,37.8
2025-09-05 20:00:00,37.49
2025-09-06 00:00:00,37.22
2025-09-06 04:00:00,37.15
2025-09-06 08:00:00,37.19
2025-09-06 12:00:00,37.52
2025-09-06 16:00:00,37.96
2025-09-06 20:00:00,37.76
2025-09-07 00:00:00,37.6
2025-09-07 04:00:00,37.72
2025-09-07 08:00:00,37.87
2025-09-07 12:00:00,37.44
2025-09-07 16:00:00,37.82
2025-09-07 20:00:00,37.9
2025-09-08 00:00:00,38.09
2025-09-08 04:00:00,37.53
2025-09-08 08:00:00,37.37
2025-09-08 12:00:00,36.9
2025-09-08 16:00:00,37.07
2025-09-08 20:00:00,37.08
2025-09-09 00:00:00,36.88
2025-09-09 04:00:00,37.11
2025-09-09 08:00:00,36.95
2025-09-09 12:00:00,37.33
2025-09-09 16:00:00,37.41
2025-09-09 20:00:00,37.36
2025-09-10 00:00:00,37.53
2025-09-10 04:00:00,37.54
2025-09-10 08:00:00,37.17
2025-09-10 12:00:00,37.21
2025-09-10 16:00:00,36.83
2025-09-10 20:00:00,36.95
2025-09-11 00:00:00,36.71
2025-09-11 04:00:00,36.76
2025-09-11 08:00:00,36.02
2025-09-11 12:00:00,35.77
2025-09-11 16:00:00,35.57
2025-09-11 20:00:00,35.26
2025-09-12 00:00:00,34.79
2025-09-12 04:00:00,34.9
2025-09-12 08:00:00,34.33
2025-09-12 12:00:00,34.81
2025-09-12 16:00:00,34.67
2025-09-12 20:00:00,34.66
2025-09-13 00:00:00,34.72
2025-09-13 04:00:00,34.62
2025-09-13 08:00:00,34.52
2025-09-13 12:00:00,34.48
2025-09-13 16:00:00,34.25
2025-09-13 20:00:00,34.28
2025-09-14 00:00:00,34.29
2025-09-14 04:00:00,34.41
2025-09-14 08:00:00,34.54
2025-09-14 12:00:00,34.65
2025-09-14 16:00:00,34.81
2025-09-14 20:00:00,34.41
2025-09-15 00:00:00,34.56
2025-09-15 04:00:00,35.08
2025-09-15 08:00:00,35.56
2025-09-15 12:00:00,35.2
2025-09-15 16:00:00,35.49
2025-09-15 20:00:00,35.56
2025-09-16 00:00:00,35.62
2025-09-16 04:00:00,35.44
2025-09-16 08:00:00,35.21
2025-09-16 12:00:00,35.7
2025-09-16 16:00:00,36.43
2025-09-16 20:00:00,36.52
2025-09-17 00:00:00,36.16
2025-09-17 04:00:00,35.59
2025-09-17 08:00:00,36.5
2025-09-17 12:00:00,37.17
2025-09-17 16:00:00,35.47
2025-09-17 20:00:00,35.55
2025-09-18 00:00:00,35.1
2025-09-18 04:00:00,34.7
2025-09-18 08:00:00,34.46
2025-09-18 12:00:00,34.18
2025-09-18 16:00:00,32.89
2025-09-18 20:00:00,33.81
2025-09-19 00:00:00,33.54
2025-09-19 04:00:00,33.6
2025-09-19 08:00:00,34.4
2025-09-19 12:00:00,34.17
2025-09-19 16:00:00,35.37
2025-09-19 20:00:00,34.78
2025-09-20 00:00:00,34.31
2025-09-20 04:00:00,34.15
2025-09-20 08:00:00,34.26
2025-09-20 12:00:00,34.2
2025-09-20 16:00:00,34.35
2025-09-20 20:00:00,34.48
2025-09-21 00:00:00,34.41
2025-09-21 04:00:00,34.4
2025-09-21 08:00:00,34.45
2025-09-21 12:00:00,34.08
2025-09-21 16:00:00,34.15
2025-09-21 20:00:00,34.51
2025-09-22 00:00:00,35.52
2025-09-22 04:00:00,36.55
2025-09-22 08:00:00,36.05
2025-09-22 12:00:00,36.11
2025-09-22 16:00:00,37.11
2025-09-22 20:00:00,35.17
2025-09-23 00:00:00,36.39
2025-09-23 04:00:00,35.91
2025-09-23 08:00:00,35.89
2025-09-23 12:00:00,36.69
2025-09-23 16:00:00,37.11
2025-09-23 20:00:00,37.14
2025-09-24 00:00:00,37.03
2025-09-24 04:00:00,36.34
2025-09-24 08:00:00,36.07
2025-09-24 12:00:00,36.31
2025-09-24 16:00:00,35.86
2025-09-24 20:00:00,36.17
2025-09-25 00:00:00,37.01
2025-09-25 04:00:00,36.93
2025-09-25 08:00:00,36.76
2025-09-25 12:00:00,36.29
2025-09-25 16:00:00,37.48
2025-09-25 20:00:00,37.69
2025-09-26 00:00:00,37.88
2025-09-26 04:00:00,37.85
2025-09-26 08:00:00,37.3
2025-09-26 12:00:00,36.33
2025-09-26 16:00:00,36.51
2025-09-26 20:00:00,36.55
2025-09-27 00:00:00,36.38
2025-09-27 04:00:00,36.55
2025-09-27 08:00:00,36.82
2025-09-27 12:00:00,36.53
2025-09-27 16:00:00,36.62
2025-09-27 20:00:00,36.42
2025-09-28 00:00:00,36.56
2025-09-28 04:00:00,36.63
2025-09-28 08:00:00,36.54
2025-09-28 12:00:00,36.49
2025-09-28 16:00:00,36.52
2025-09-28 20:00:00,35.86
2025-09-29 00:00:00,36.41
2025-09-29 04:00:00,36.9
2025-09-29 08:00:00,35.66
2025-09-29 12:00:00,36.15
2025-09-29 16:00:00,36.46
2025-09-29 20:00:00,36.39
2025-09-30 00:00:00,36.93
2025-09-30 04:00:00,36.5
2025-09-30 08:00:00,36.51
2025-09-30 12:00:00,36.4
2025-09-30 16:00:00,36.18
2025-09-30 20:00:00,36.61
2025-10-01 00:00:00,36.6
2025-10-01 04:00:00,36.38
2025-10-01 08:00:00,35.96
2025-10-01 12:00:00,36.84
2025-10-01 16:00:00,37.37
2025-10-01 20:00:00,37.12
2025-10-02 00:00:00,36.91
2025-10-02 04:00:00,37.52
2025-10-02 08:00:00,37.17
2025-10-02 12:00:00,37.05
2025-10-02 16:00:00,37.54
2025-10-02 20:00:00,37.39
2025-10-03 00:00:00,37.02
2025-10-03 04:00:00,36.98
2025-10-03 08:00:00,37.49
2025-10-03 12:00:00,37.5
2025-10-03 16:00:00,37.88
2025-10-03 20:00:00,38.03
2025-10-04 00:00:00,37.59
2025-10-04 04:00:00,38.01
2025-10-04 08:00:00,37.78
2025-10-04 12:00:00,38.1
2025-10-04 16:00:00,37.85
2025-10-04 20:00:00,38.03
2025-10-05 00:00:00,39.0
2025-10-05 04:00:00,39.43
2025-10-05 08:00:00,39.55
2025-10-05 12:00:00,38.94
2025-10-05 16:00:00,38.69
2025-10-05 20:00:00,37.95
2025-10-06 00:00:00,37.68
2025-10-06 04:00:00,38.23
2025-10-06 08:00:00,38.58
2025-10-06 12:00:00,38.52
2025-10-06 16:00:00,38.54
2025-10-06 20:00:00,39.26
2025-10-07 00:00:00,38.79
2025-10-07 04:00:00,39.26
2025-10-07 08:00:00,38.81
2025-10-07 12:00:00,38.57
2025-10-07 16:00:00,38.72
2025-10-07 20:00:00,39.28
2025-10-08 00:00:00,39.47
2025-10-08 04:00:00,39.09
2025-10-08 08:00:00,38.77
2025-10-08 12:00:00,39.12
2025-10-08 16:00:00,39.48
2025-10-08 20:00:00,39.44
2025-10-09 00:00:00,39.77
2025-10-09 04:00:00,39.57
2025-10-09 08:00:00,39.5
2025-10-09 12:00:00,39.82
2025-10-09 16:00:00,39.86
2025-10-09 20:00:00,39.73
2025-10-10 00:00:00,39.88
2025-10-10 04:00:00,40.04
2025-10-10 08:00:00,40.1
2025-10-10 12:00:00,40.94
2025-10-10 16:00:00,41.91
2025-10-10 20:00:00,44.11
2025-10-11 00:00:00,46.38
2025-10-11 04:00:00,46.21
2025-10-11 08:00:00,44.59
2025-10-11 12:00:00,44.91
2025-10-11 16:00:00,45.34
2025-10-11 20:00:00,46.15
2025-10-12 00:00:00,44.98
2025-10-12 04:00:00,45.7
2025-10-12 08:00:00,46.17
2025-10-12 12:00:00,45.57
2025-10-12 16:00:00,43.57
2025-10-12 20:00:00,46.24
2025-10-13 00:00:00,44.8
2025-10-13 04:00:00,45.28
2025-10-13 08:00:00,44.9
2025-10-13 12:00:00,43.66
2025-10-13 16:00:00,43.21
2025-10-13 20:00:00,43.38
2025-10-14 00:00:00,43.93
2025-10-14 04:00:00,44.73
2025-10-14 08:00:00,46.71
2025-10-14 12:00:00,45.51
2025-10-14 16:00:00,44.67
2025-10-14 20:00:00,45.01
2025-10-15 00:00:00,44.87
2025-10-15 04:00:00,44.56
2025-10-15 08:00:00,44.3
2025-10-15 12:00:00,45.3
2025-10-15 16:00:00,44.88
2025-10-15 20:00:00,45.25
2025-10-16 00:00:00,45.27
2025-10-16 04:00:00,45.84
2025-10-16 08:00:00,45.0
2025-10-16 12:00:00,47.29
2025-10-16 16:00:00,48.13
2025-10-16 20:00:00,47.78
2025-10-17 00:00:00,46.06
2025-10-17 04:00:00,49.43
2025-10-17 08:00:00,48.98
2025-10-17 12:00:00,49.69
2025-10-17 16:00:00,49.72
2025-10-17 20:00:00,50.0
2025-10-18 00:00:00,48.93
2025-10-18 04:00:00,48.79
2025-10-18 08:00:00,48.55
2025-10-18 12:00:00,48.33
2025-10-18 16:00:00,49.15
2025-10-18 20:00:00,49.08
2025-10-19 00:00:00,48.95
2025-10-19 04:00:00,49.26
2025-10-19 08:00:00,49.06
2025-10-19 12:00:00,46.89
2025-10-19 16:00:00,46.9
2025-10-19 20:00:00,47.68
2025-10-20 00:00:00,47.28
2025-10-20 04:00:00,46.33
2025-10-20 08:00:00,46.26
2025-10-20 12:00:00,45.14
2025-10-20 16:00:00,46.27
2025-10-20 20:00:00,45.95
2025-10-21 00:00:00,46.38
2025-10-21 04:00:00,46.37
2025-10-21 08:00:00,45.85
2025-10-21 12:00:00,46.21
2025-10-21 16:00:00,46.22
2025-10-21 20:00:00,49.27
2025-10-22 00:00:00,49.47
2025-10-22 04:00:00,50.01
2025-10-22 08:00:00,51.16
2025-10-22 12:00:00,47.2
2025-10-22 16:00:00,49.98
2025-10-22 20:00:00,50.7
2025-10-23 00:00:00,47.58
2025-10-23 04:00:00,46.86
2025-10-23 08:00:00,46.61
2025-10-23 12:00:00,46.15
2025-10-23 16:00:00,46.04
2025-10-23 20:00:00,45.13
2025-10-24 00:00:00,44.58
2025-10-24 04:00:00,43.69
2025-10-24 08:00:00,43.31
2025-10-24 12:00:00,43.77
2025-10-24 16:00:00,43.26
2025-10-24 20:00:00,42.84
2025-10-25 00:00:00,42.74
2025-10-25 04:00:00,42.55
2025-10-25 08:00:00,42.74
2025-10-25 12:00:00,43.27
2025-10-25 16:00:00,43.29
2025-10-25 20:00:00,42.9
2025-10-26 00:00:00,43.42
2025-10-26 04:00:00,43.5
2025-10-26 08:00:00,43.39
2025-10-26 12:00:00,43.58
2025-10-26 16:00:00,43.49
2025-10-26 20:00:00,43.91
2025-10-27 00:00:00,42.81
2025-10-27 04:00:00,42.13
2025-10-27 08:00:00,42.51
2025-10-27 12:00:00,42.37
2025-10-27 16:00:00,42.18
2025-10-27 20:00:00,42.82
2025-10-28 00:00:00,42.53
2025-10-28 04:00:00,41.82
2025-10-28 08:00:00,43.05
2025-10-28 12:00:00,41.19
2025-10-28 16:00:00,42.21
2025-10-28 20:00:00,42.39
2025-10-29 00:00:00,42.68
2025-10-29 04:00:00,42.81
2025-10-29 08:00:00,42.87
2025-10-29 12:00:00,43.6
2025-10-29 16:00:00,42.98
2025-10-29 20:00:00,45.07
2025-10-30 00:00:00,43.87
2025-10-30 04:00:00,43.92
2025-10-30 08:00:00,44.79
2025-10-30 12:00:00,44.55
2025-10-30 16:00:00,45.45
2025-10-30 20:00:00,44.85
2025-10-31 00:00:00,44.14
2025-10-31 04:00:00,43.67
2025-10-31 08:00:00,43.5
2025-10-31 12:00:00,43.95
2025-10-31 16:00:00,43.92
2025-10-31 20:00:00,43.31
2025-11-01 00:00:00,43.06
2025-11-01 04:00:00,42.94
2025-11-01 08:00:00,42.92
2025-11-01 12:00:00,42.85
2025-11-01 16:00:00,43.74
2025-11-01 20:00:00,43.49
2025-11-02 00:00:00,43.51
2025-11-02 04:00:00,43.8
2025-11-02 08:00:00,43.83
2025-11-02 12:00:00,44.03
2025-11-02 16:00:00,44.83
2025-11-02 20:00:00,44.12
2025-11-03 00:00:00,43.94
2025-11-03 04:00:00,44.17
2025-11-03 08:00:00,44.73
2025-11-03 12:00:00,46.61
2025-11-03 16:00:00,44.67
2025-11-03 20:00:00,45.73
2025-11-04 00:00:00,45.09
2025-11-04 04:00:00,46.19
2025-11-04 08:00:00,46.74
2025-11-04 12:00:00,46.87
2025-11-04 16:00:00,49.36
2025-11-04 20:00:00,47.79
2025-11-05 00:00:00,48.25
2025-11-05 04:00:00,47.73
2025-11-05 08:00:00,48.08
2025-11-05 12:00:00,46.8
2025-11-05 16:00:00,46.64
2025-11-05 20:00:00,46.55
2025-11-06 00:00:00,44.51
2025-11-06 04:00:00,44.61
2025-11-06 08:00:00,44.98
2025-11-06 12:00:00,46.72
2025-11-06 16:00:00,46.6
2025-11-06 20:00:00,46.94
2025-11-07 00:00:00,47.05
2025-11-07 04:00:00,46.43
2025-11-07 08:00:00,46.32
2025-11-07 12:00:00,45.93
2025-11-07 16:00:00,45.41
2025-11-07 20:00:00,44.61
2025-11-08 00:00:00,44.62
2025-11-08 04:00:00,43.56
2025-11-08 08:00:00,43.97
2025-11-08 12:00:00,44.56
2025-11-08 16:00:00,44.73
2025-11-08 20:00:00,44.88
2025-11-09 00:00:00,45.18
2025-11-09 04:00:00,45.39
2025-11-09 08:00:00,47.1
2025-11-09 12:00:00,46.88
2025-11-09 16:00:00,46.16
2025-11-09 20:00:00,45.11
2025-11-10 00:00:00,44.66
2025-11-10 04:00:00,44.84
2025-11-10 08:00:00,44.94
2025-11-10 12:00:00,45.11
2025-11-10 16:00:00,44.54
2025-11-10 20:00:00,44.3
2025-11-11 00:00:00,43.67
2025-11-11 04:00:00,44.6
2025-11-11 08:00:00,44.28
2025-11-11 12:00:00,45.1
2025-11-11 16:00:00,46.34
2025-11-11 20:00:00,46.61
2025-11-12 00:00:00,45.66
2025-11-12 04:00:00,45.38
2025-11-12 08:00:00,44.85
2025-11-12 12:00:00,45.54
2025-11-12 16:00:00,46.78
2025-11-12 20:00:00,46.07
2025-11-13 00:00:00,45.18
2025-11-13 04:00:00,44.66
2025-11-13 08:00:00,44.57
2025-11-13 12:00:00,45.58
2025-11-13 16:00:00,46.7
2025-11-13 20:00:00,46.52
2025-11-14 00:00:00,45.97
2025-11-14 04:00:00,47.59
2025-11-14 08:00:00,47.05
2025-11-14 12:00:00,48.1
2025-11-14 16:00:00,48.67
2025-11-14 20:00:00,49.71
2025-11-15 00:00:00,48.17
2025-11-15 04:00:00,48.22
2025-11-15 08:00:00,48.57
2025-11-15 12:00:00,48.18
2025-11-15 16:00:00,48.3
2025-11-15 20:00:00,48.5
2025-11-16 00:00:00,48.39
2025-11-16 04:00:00,48.72
2025-11-16 08:00:00,48.99
2025-11-16 12:00:00,50.0
2025-11-16 16:00:00,50.28
2025-11-16 20:00:00,49.64
2025-11-17 00:00:00,48.38
2025-11-17 04:00:00,48.28
2025-11-17 08:00:00,48.46
2025-11-17 12:00:00,50.08
2025-11-17 16:00:00,51.37
2025-11-17 20:00:00,50.62
2025-11-18 00:00:00,51.35
2025-11-18 04:00:00,51.4
2025-11-18 08:00:00,50.93
2025-11-18 12:00:00,50.6
2025-11-18 16:00:00,50.51
2025-11-18 20:00:00,50.52
2025-11-19 00:00:00,50.95
2025-11-19 04:00:00,51.12
2025-11-19 08:00:00,50.92
2025-11-19 12:00:00,51.3
2025-11-19 16:00:00,53.47
2025-11-19 20:00:00,51.04
2025-11-20 00:00:00,50.37
2025-11-20 04:00:00,50.57
2025-11-20 08:00:00,50.47
2025-11-20 12:00:00,50.9
2025-11-20 16:00:00,54.55
2025-11-20 20:00:00,54.65
2025-11-21 00:00:00,55.52
2025-11-21 04:00:00,58.63
2025-11-21 08:00:00,60.19
2025-11-21 12:00:00,59.86
2025-11-21 16:00:00,59.83
2025-11-21 20:00:00,57.38
2025-11-22 00:00:00,57.89
2025-11-22 04:00:00,57.46
2025-11-22 08:00:00,58.18
2025-11-22 12:00:00,58.77
2025-11-22 16:00:00,58.79
2025-11-22 20:00:00,59.16
2025-11-23 00:00:00,57.57
2025-11-23 04:00:00,58.1
2025-11-23 08:00:00,58.19
2025-11-23 12:00:00,58.23
2025-11-23 16:00:00,57.37
2025-11-23 20:00:00,56.5
2025-11-24 00:00:00,55.02
2025-11-24 04:00:00,54.84
2025-11-24 08:00:00,56.33
2025-11-24 12:00:00,55.09
2025-11-24 16:00:00,53.91
2025-11-24 20:00:00,53.31
2025-11-25 00:00:00,53.2
2025-11-25 04:00:00,53.4
2025-11-25 08:00:00,53.59
2025-11-25 12:00:00,53.05
2025-11-25 16:00:00,53.08
2025-11-25 20:00:00,52.56
2025-11-26 00:00:00,50.32
2025-11-26 04:00:00,50.2
2025-11-26 08:00:00,51.59
2025-11-26 12:00:00,51.77
2025-11-26 16:00:00,49.77
2025-11-26 20:00:00,49.92
2025-11-27 00:00:00,50.15
2025-11-27 04:00:00,49.61
2025-11-27 08:00:00,49.5
2025-11-27 12:00:00,49.03
2025-11-27 16:00:00,49.07
2025-11-27 20:00:00,49.31
2025-11-28 00:00:00,49.2
2025-11-28 04:00:00,49.5
2025-11-28 08:00:00,47.2
2025-11-28 12:00:00,47.03
2025-11-28 16:00:00,48.2
2025-11-28 20:00:00,48.7
2025-11-29 00:00:00,49.13
2025-11-29 04:00:00,49.37
2025-11-29 08:00:00,49.11
2025-11-29 12:00:00,49.22
2025-11-29 16:00:00,48.99
2025-11-29 20:00:00,49.13
2025-11-30 00:00:00,49.15
2025-11-30 04:00:00,48.13
2025-11-30 08:00:00,48.52
2025-11-30 12:00:00,48.66
2025-11-30 16:00:00,48.59
2025-11-30 20:00:00,48.78
2025-12-01 00:00:00,50.91
2025-12-01 04:00:00,50.64
2025-12-01 08:00:00,51.65
2025-12-01 12:00:00,54.3
2025-12-01 16:00:00,53.59
2025-12-01 20:00:00,53.13
2025-12-02 00:00:00,50.79
2025-12-02 04:00:00,50.63
2025-12-02 08:00:00,50.94
2025-12-02 12:00:00,49.58
2025-12-02 16:00:00,49.68
2025-12-02 20:00:00,49.24
2025-12-03 00:00:00,48.53
2025-12-03 04:00:00,48.1
2025-12-03 08:00:00,48.19
2025-12-03 12:00:00,48.8
2025-12-03 16:00:00,47.82
2025-12-03 20:00:00,47.44
2025-12-04 00:00:00,46.95
2025-12-04 04:00:00,47.33
2025-12-04 08:00:00,47.22
2025-12-04 12:00:00,47.41
2025-12-04 16:00:00,47.91
2025-12-04 20:00:00,48.03
2025-12-05 00:00:00,47.27
2025-12-05 04:00:00,47.3
2025-12-05 08:00:00,47.57
2025-12-05 12:00:00,48.82
2025-12-05 16:00:00,49.27
2025-12-05 20:00:00,48.94
2025-12-06 00:00:00,48.28
2025-12-06 04:00:00,48.21
2025-12-06 08:00:00,48.25
2025-12-06 12:00:00,48.38
2025-12-06 16:00:00,48.75
2025-12-06 20:00:00,49.0
2025-12-07 00:00:00,49.16
2025-12-07 04:00:00,49.34
2025-12-07 08:00:00,50.25
2025-12-07 12:00:00,50.43
2025-12-07 16:00:00,51.39
2025-12-07 20:00:00,49.65
2025-12-08 00:00:00,49.5
2025-12-08 04:00:00,49.24
2025-12-08 08:00:00,48.45
2025-12-08 12:00:00,49.29
2025-12-08 16:00:00,49.02
2025-12-08 20:00:00,49.01
2025-12-09 00:00:00,48.84
2025-12-09 04:00:00,48.07
2025-12-09 08:00:00,48.19
2025-12-09 12:00:00,47.72
2025-12-09 16:00:00,46.41
2025-12-09 20:00:00,46.44
2025-12-10 00:00:00,46.31
2025-12-10 04:00:00,46.02
2025-12-10 08:00:00,46.59
2025-12-10 12:00:00,46.51
2025-12-10 16:00:00,45.76
2025-12-10 20:00:00,44.92
2025-12-11 00:00:00,46.79
2025-12-11 04:00:00,45.8
2025-12-11 08:00:00,43.64
2025-12-11 12:00:00,44.63
2025-12-11 16:00:00,44.13
2025-12-11 20:00:00,44.46
2025-12-12 00:00:00,43.97
2025-12-12 04:00:00,43.6
2025-12-12 08:00:00,43.22
2025-12-12 12:00:00,44.66
2025-12-12 16:00:00,44.15
2025-12-12 20:00:00,44.22
2025-12-13 00:00:00,44.17
2025-12-13 04:00:00,44.28
2025-12-13 08:00:00,44.24
2025-12-13 12:00:00,44.38
2025-12-13 16:00:00,44.53
2025-12-13 20:00:00,44.65
2025-12-14 00:00:00,44.79
2025-12-14 04:00:00,44.97
2025-12-14 08:00:00,46.52
2025-12-14 12:00:00,46.43
2025-12-14 16:00:00,46.97
2025-12-14 20:00:00,46.74
2025-12-15 00:00:00,44.7
2025-12-15 04:00:00,44.42
2025-12-15 08:00:00,44.72
2025-12-15 12:00:00,45.2
2025-12-15 16:00:00,46.6
2025-12-15 20:00:00,46.68
2025-12-16 00:00:00,46.58
2025-12-16 04:00:00,46.49
2025-12-16 08:00:00,46.33
2025-12-16 12:00:00,46.18
2025-12-16 16:00:00,46.03
2025-12-16 20:00:00,45.69
2025-12-17 00:00:00,45.58
2025-12-17 04:00:00,45.3
2025-12-17 08:00:00,45.29
2025-12-17 12:00:00,46.48
2025-12-17 16:00:00,47.28
2025-12-17 20:00:00,47.0
2025-12-18 00:00:00,46.47
2025-12-18 04:00:00,46.35
2025-12-18 08:00:00,46.31
2025-12-18 12:00:00,45.35
2025-12-18 16:00:00,47.08
2025-12-18 20:00:00,47.48
2025-12-19 00:00:00,47.4
2025-12-19 04:00:00,46.8
2025-12-19 08:00:00,46.65
2025-12-19 12:00:00,46.83
2025-12-19 16:00:00,45.33
2025-12-19 20:00:00,45.06
2025-12-20 00:00:00,44.72
2025-12-20 04:00:00,44.67
2025-12-20 08:00:00,44.63
2025-12-20 12:00:00,44.97
2025-12-20 16:00:00,45.02
2025-12-20 20:00:00,45.11
2025-12-21 00:00:00,45.07
2025-12-21 04:00:00,45.24
2025-12-21 08:00:00,45.71
2025-12-21 12:00:00,45.37
2025-12-21 16:00:00,45.24
2025-12-21 20:00:00,45.07
2025-12-22 00:00:00,45.13
2025-12-22 04:00:00,44.94
2025-12-22 08:00:00,44.97
2025-12-22 12:00:00,45.03
2025-12-22 16:00:00,45.09
2025-12-22 20:00:00,45.09
2025-12-23 00:00:00,44.81
2025-12-23 04:00:00,44.35
2025-12-23 08:00:00,44.15
2025-12-23 12:00:00,44.24
2025-12-23 16:00:00,43.44
2025-12-23 20:00:00,43.4
2025-12-24 00:00:00,43.52
2025-12-24 04:00:00,43.61
2025-12-24 08:00:00,43.18
2025-12-24 12:00:00,42.71
2025-12-24 16:00:00,42.63
2025-12-24 20:00:00,42.81
2025-12-25 00:00:00,42.5
2025-12-25 04:00:00,42.58
2025-12-25 08:00:00,42.35
2025-12-25 12:00:00,41.88
2025-12-25 16:00:00,42.27
2025-12-25 20:00:00,42.55
2025-12-26 00:00:00,42.58
2025-12-26 04:00:00,42.57
2025-12-26 08:00:00,41.19
2025-12-26 12:00:00,41.85
2025-12-26 16:00:00,41.59
2025-12-26 20:00:00,41.04
2025-12-27 00:00:00,40.95
2025-12-27 04:00:00,41.23
2025-12-27 08:00:00,41.22
2025-12-27 12:00:00,41.31
2025-12-27 16:00:00,41.62
2025-12-27 20:00:00,41.83
2025-12-28 00:00:00,42.1
2025-12-28 04:00:00,42.12
2025-12-28 08:00:00,42.39
2025-12-28 12:00:00,42.3
2025-12-28 16:00:00,42.24
2025-12-28 20:00:00,42.11
2025-12-29 00:00:00,41.71
2025-12-29 04:00:00,42.56
2025-12-29 08:00:00,42.3
2025-12-29 12:00:00,42.64
2025-12-29 16:00:00,41.86
2025-12-29 20:00:00,42.25
2025-12-30 00:00:00,42.21
2025-12-30 04:00:00,42.1
2025-12-30 08:00:00,42.3
2025-12-30 12:00:00,42.38
2025-12-30 16:00:00,41.93
2025-12-30 20:00:00,42.79
2025-12-31 00:00:00,43.39
2025-12-31 04:00:00,43.14
2025-12-31 08:00:00,42.36
2025-12-31 12:00:00,43.43
2025-12-31 16:00:00,43.2
2025-12-31 20:00:00,43.01
2026-01-01 00:00:00,42.97
2026-01-01 04:00:00,42.81
2026-01-01 08:00:00,42.74
2026-01-01 12:00:00,42.77
2026-01-01 16:00:00,41.8
2026-01-01 20:00:00,42.22
2026-01-02 00:00:00,42.68
2026-01-02 04:00:00,42.62
2026-01-02 08:00:00,43.23
2026-01-02 12:00:00,43.33
2026-01-02 16:00:00,43.34
2026-01-02 20:00:00,43.43
2026-01-03 00:00:00,43.23
2026-01-03 04:00:00,43.03
2026-01-03 08:00:00,43.21
2026-01-03 12:00:00,43.5
2026-01-03 16:00:00,43.75
2026-01-03 20:00:00,44.4
2026-01-04 00:00:00,44.63
2026-01-04 04:00:00,44.37
2026-01-04 08:00:00,44.46
2026-01-04 12:00:00,44.41
2026-01-04 16:00:00,44.49
2026-01-04 20:00:00,44.39
2026-01-05 00:00:00,44.88
2026-01-05 04:00:00,44.49
2026-01-05 08:00:00,45.39
2026-01-05 12:00:00,44.18
2026-01-05 16:00:00,44.05
2026-01-05 20:00:00,43.94
2026-01-06 00:00:00,43.48
2026-01-06 04:00:00,43.48
2026-01-06 08:00:00,43.33
2026-01-06 12:00:00,43.43
2026-01-06 16:00:00,44.54
2026-01-06 20:00:00,44.09
2026-01-07 00:00:00,43.51
2026-01-07 04:00:00,43.48
2026-01-07 08:00:00,44.47
2026-01-07 12:00:00,44.4
2026-01-07 16:00:00,44.67
2026-01-07 20:00:00,44.64
2026-01-08 00:00:00,44.55
2026-01-08 04:00:00,44.76
2026-01-08 08:00:00,44.15
2026-01-08 12:00:00,44.04
2026-01-08 16:00:00,43.29
2026-01-08 20:00:00,43.24
2026-01-09 00:00:00,42.81
2026-01-09 04:00:00,42.68
2026-01-09 08:00:00,41.73
2026-01-09 12:00:00,42.09
2026-01-09 16:00:00,41.47
2026-01-09 20:00:00,40.52
2026-01-10 00:00:00,40.46
2026-01-10 04:00:00,40.53
2026-01-10 08:00:00,40.58
2026-01-10 12:00:00,40.72
2026-01-10 16:00:00,40.87
2026-01-10 20:00:00,41.03
2026-01-11 00:00:00,41.12
2026-01-11 04:00:00,41.11
2026-01-11 08:00:00,41.44
2026-01-11 12:00:00,41.94
2026-01-11 16:00:00,42.27
2026-01-11 20:00:00,41.68
2026-01-12 00:00:00,41.83
2026-01-12 04:00:00,41.36
2026-01-12 08:00:00,41.12
2026-01-12 12:00:00,41.15
2026-01-12 16:00:00,41.34
2026-01-12 20:00:00,41.27
2026-01-13 00:00:00,40.79
2026-01-13 04:00:00,40.87
2026-01-13 08:00:00,40.67
2026-01-13 12:00:00,40.53
2026-01-13 16:00:00,40.71
2026-01-13 20:00:00,41.69
2026-01-14 00:00:00,41.37
2026-01-14 04:00:00,41.17
2026-01-14 08:00:00,40.94
2026-01-14 12:00:00,41.35
2026-01-14 16:00:00,41.56
2026-01-14 20:00:00,40.81
2026-01-15 00:00:00,40.73
2026-01-15 04:00:00,40.05
2026-01-15 08:00:00,39.85
2026-01-15 12:00:00,40.21
2026-01-15 16:00:00,40.67
2026-01-15 20:00:00,40.61
2026-01-16 00:00:00,40.34
2026-01-16 04:00:00,40.13
2026-01-16 08:00:00,39.16
2026-01-16 12:00:00,39.3
2026-01-16 16:00:00,38.08
2026-01-16 20:00:00,38.27
2026-01-17 00:00:00,38.24
2026-01-17 04:00:00,38.15
2026-01-17 08:00:00,38.38
2026-01-17 12:00:00,38.59
2026-01-17 16:00:00,38.95
2026-01-17 20:00:00,39.08
2026-01-18 00:00:00,39.0
2026-01-18 04:00:00,39.02
2026-01-18 08:00:00,39.06
2026-01-18 12:00:00,39.26
2026-01-18 16:00:00,39.21
2026-01-18 20:00:00,40.23
2026-01-19 00:00:00,39.66
2026-01-19 04:00:00,39.71
2026-01-19 08:00:00,39.59
2026-01-19 12:00:00,39.5
2026-01-19 16:00:00,39.32
2026-01-19 20:00:00,39.7
2026-01-20 00:00:00,39.85
2026-01-20 04:00:00,39.95
2026-01-20 08:00:00,39.74
2026-01-20 12:00:00,40.86
2026-01-20 16:00:00,41.48
2026-01-20 20:00:00,42.23
2026-01-21 00:00:00,41.89
2026-01-21 04:00:00,41.85
2026-01-21 08:00:00,41.7
2026-01-21 12:00:00,40.62
2026-01-21 16:00:00,40.72
2026-01-21 20:00:00,40.14
2026-01-22 00:00:00,39.3
2026-01-22 04:00:00,39.26
2026-01-22 08:00:00,38.66
2026-01-22 12:00:00,39.69
2026-01-22 16:00:00,38.66
2026-01-22 20:00:00,38.88
2026-01-23 00:00:00,38.29
2026-01-23 04:00:00,38.38
2026-01-23 08:00:00,37.33
2026-01-23 12:00:00,37.78
2026-01-23 16:00:00,37.51
2026-01-23 20:00:00,38.06
2026-01-24 00:00:00,37.94
2026-01-24 04:00:00,37.64
2026-01-24 08:00:00,37.83
2026-01-24 12:00:00,37.94
2026-01-24 16:00:00,38.38
2026-01-24 20:00:00,38.27
2026-01-25 00:00:00,39.25
2026-01-25 04:00:00,39.75
2026-01-25 08:00:00,39.83
2026-01-25 12:00:00,39.8
2026-01-25 16:00:00,40.14
2026-01-25 20:00:00,41.16
2026-01-26 00:00:00,41.37
2026-01-26 04:00:00,41.13
2026-01-26 08:00:00,40.22
2026-01-26 12:00:00,39.97
2026-01-26 16:00:00,40.09
2026-01-26 20:00:00,38.75
2026-01-27 00:00:00,38.18
2026-01-27 04:00:00,38.05
2026-01-27 08:00:00,38.22
2026-01-27 12:00:00,38.54
2026-01-27 16:00:00,38.07
2026-01-27 20:00:00,38.2
2026-01-28 00:00:00,38.36
2026-01-28 04:00:00,38.12
2026-01-28 08:00:00,38.09
2026-01-28 12:00:00,38.17
2026-01-28 16:00:00,38.1
2026-01-28 20:00:00,38.0
2026-01-29 00:00:00,38.07
2026-01-29 04:00:00,37.96
2026-01-29 08:00:00,37.81
2026-01-29 12:00:00,41.11
2026-01-29 16:00:00,42.05
2026-01-29 20:00:00,41.55
2026-01-30 00:00:00,44.93
2026-01-30 04:00:00,43.52
2026-01-30 08:00:00,44.19
2026-01-30 12:00:00,41.31
2026-01-30 16:00:00,41.31
2026-01-30 20:00:00,40.45
2026-01-31 00:00:00,40.63
2026-01-31 04:00:00,40.88
2026-01-31 08:00:00,42.75
2026-01-31 12:00:00,45.7
2026-01-31 16:00:00,49.36
2026-01-31 20:00:00,47.58
2026-02-01 00:00:00,46.68
2026-02-01 04:00:00,45.65
2026-02-01 08:00:00,45.81
2026-02-01 12:00:00,48.43
2026-02-01 16:00:00,47.73
2026-02-01 20:00:00,48.27
2026-02-02 00:00:00,49.81
2026-02-02 04:00:00,47.67
2026-02-02 08:00:00,46.93
2026-02-02 12:00:00,46.52
2026-02-02 16:00:00,46.03
2026-02-02 20:00:00,46.29
2026-02-03 00:00:00,46.38
2026-02-03 04:00:00,46.29
2026-02-03 08:00:00,46.88
2026-02-03 12:00:00,46.89
2026-02-03 16:00:00,51.58
2026-02-03 20:00:00,51.74
2026-02-04 00:00:00,50.33
2026-02-04 04:00:00,50.9
2026-02-04 08:00:00,51.29
2026-02-04 12:00:00,53.03
2026-02-04 16:00:00,53.05
2026-02-04 20:00:00,53.47
2026-02-05 00:00:00,55.38
2026-02-05 04:00:00,55.89
2026-02-05 08:00:00,55.1
2026-02-05 12:00:00,68.34
2026-02-05 16:00:00,74.12
2026-02-05 20:00:00,82.62
2026-02-06 00:00:00,72.24
2026-02-06 04:00:00,71.88
2026-02-06 08:00:00,64.26
2026-02-06 12:00:00,61.81
2026-02-06 16:00:00,54.45
2026-02-06 20:00:00,58.85
2026-02-07 00:00:00,57.71
2026-02-07 04:00:00,61.13
2026-02-07 08:00:00,61.01
2026-02-07 12:00:00,59.9
2026-02-07 16:00:00,59.04
2026-02-07 20:00:00,59.35
2026-02-08 00:00:00,59.55
2026-02-08 04:00:00,57.26
2026-02-08 08:00:00,56.23
2026-02-08 12:00:00,55.79
2026-02-08 16:00:00,55.73
2026-02-08 20:00:00,57.29
2026-02-09 00:00:00,55.36
2026-02-09 04:00:00,55.52
2026-02-09 08:00:00,58.15
2026-02-09 12:00:00,55.18
2026-02-09 16:00:00,53.99
2026-02-09 20:00:00,54.46
2026-02-10 00:00:00,55.48
2026-02-10 04:00:00,55.5
2026-02-10 08:00:00,54.59
2026-02-10 12:00:00,55.16
2026-02-10 16:00:00,54.93
2026-02-10 20:00:00,54.84
2026-02-11 00:00:00,53.5
2026-02-11 04:00:00,55.82
2026-02-11 08:00:00,55.59
2026-02-11 12:00:00,55.46
2026-02-11 16:00:00,55.5
2026-02-11 20:00:00,55.29
2026-02-12 00:00:00,54.86
2026-02-12 04:00:00,55.27
2026-02-12 08:00:00,52.46
2026-02-12 12:00:00,52.42
2026-02-12 16:00:00,56.07
2026-02-12 20:00:00,55.28
2026-02-13 00:00:00,51.45
2026-02-13 04:00:00,52.41
2026-02-13 08:00:00,50.92
2026-02-13 12:00:00,50.79
2026-02-13 16:00:00,52.31
2026-02-13 20:00:00,52.04
2026-02-14 00:00:00,50.96
2026-02-14 04:00:00,51.12
2026-02-14 08:00:00,49.87
2026-02-14 12:00:00,49.16
2026-02-14 16:00:00,49.54
2026-02-14 20:00:00,49.89
2026-02-15 00:00:00,49.72
2026-02-15 04:00:00,48.46
2026-02-15 08:00:00,48.47
2026-02-15 12:00:00,50.81
2026-02-15 16:00:00,50.95
2026-02-15 20:00:00,51.28
2026-02-16 00:00:00,51.75
2026-02-16 04:00:00,51.38
2026-02-16 08:00:00,51.09
2026-02-16 12:00:00,52.94
2026-02-16 16:00:00,52.51
2026-02-16 20:00:00,52.19
2026-02-17 00:00:00,52.5
2026-02-17 04:00:00,52.54
2026-02-17 08:00:00,52.16
2026-02-17 12:00:00,52.4
2026-02-17 16:00:00,52.57
2026-02-17 20:00:00,52.01
2026-02-18 00:00:00,51.75
2026-02-18 04:00:00,51.56
2026-02-18 08:00:00,51.67
2026-02-18 12:00:00,51.17
2026-02-18 16:00:00,53.53
2026-02-18 20:00:00,53.67
2026-02-19 00:00:00,52.68
2026-02-19 04:00:00,52.54
2026-02-19 08:00:00,52.7
2026-02-19 12:00:00,53.94
2026-02-19 16:00:00,52.67
2026-02-19 20:00:00,52.66
2026-02-20 00:00:00,51.85
2026-02-20 04:00:00,52.18
2026-02-20 08:00:00,52.05
2026-02-20 12:00:00,52.02
2026-02-20 16:00:00,51.52
2026-02-20 20:00:00,51.43
2026-02-21 00:00:00,51.1
2026-02-21 04:00:00,51.08
2026-02-21 08:00:00,51.14
2026-02-21 12:00:00,51.21
2026-02-21 16:00:00,51.46
2026-02-21 20:00:00,51.7
2026-02-22 00:00:00,51.72
2026-02-22 04:00:00,51.91
2026-02-22 08:00:00,52.08
2026-02-22 12:00:00,51.94
2026-02-22 16:00:00,52.18
2026-02-22 20:00:00,52.0
2026-02-23 00:00:00,54.9
2026-02-23 04:00:00,54.19
2026-02-23 08:00:00,55.47
2026-02-23 12:00:00,55.16
2026-02-23 16:00:00,56.43
2026-02-23 20:00:00,56.1
2026-02-24 00:00:00,56.52
2026-02-24 04:00:00,56.76
2026-02-24 08:00:00,59.48
2026-02-24 12:00:00,58.1
2026-02-24 16:00:00,57.07
2026-02-24 20:00:00,57.77
2026-02-25 00:00:00,53.49
2026-02-25 04:00:00,53.41
2026-02-25 08:00:00,51.47
2026-02-25 12:00:00,52.15
2026-02-25 16:00:00,54.22
2026-02-25 20:00:00,53.59
2026-02-26 00:00:00,52.78
2026-02-26 04:00:00,53.05
2026-02-26 08:00:00,52.84
2026-02-26 12:00:00,52.85
2026-02-26 16:00:00,52.8
2026-02-26 20:00:00,52.19
2026-02-27 00:00:00,52.26
2026-02-27 04:00:00,52.37
2026-02-27 08:00:00,52.58
2026-02-27 12:00:00,52.23
2026-02-27 16:00:00,53.14
2026-02-27 20:00:00,52.55
2026-02-28 00:00:00,52.38
2026-02-28 04:00:00,57.73
2026-02-28 08:00:00,58.69
2026-02-28 12:00:00,55.32
2026-02-28 16:00:00,55.21
2026-02-28 20:00:00,55.21
2026-03-01 00:00:00,54.44
2026-03-01 04:00:00,54.44
2026-03-01 08:00:00,54.79
2026-03-01 12:00:00,54.75
2026-03-01 16:00:00,55.66
2026-03-01 20:00:00,55.07
2026-03-02 00:00:00,54.81
2026-03-02 04:00:00,55.95
2026-03-02 08:00:00,55.27
2026-03-02 12:00:00,53.23
2026-03-02 16:00:00,52.77
2026-03-02 20:00:00,53.38
2026-03-03 00:00:00,53.53
2026-03-03 04:00:00,54.18
2026-03-03 08:00:00,56.07
2026-03-03 12:00:00,56.09
2026-03-03 16:00:00,54.85
2026-03-03 20:00:00,55.41
2026-03-04 00:00:00,56.47
2026-03-04 04:00:00,55.44
2026-03-04 08:00:00,55.54
2026-03-04 12:00:00,54.24
2026-03-04 16:00:00,54.53
2026-03-04 20:00:00,55.5
2026-03-05 00:00:00,55.01
2026-03-05 04:00:00,54.85
2026-03-05 08:00:00,54.43
2026-03-05 12:00:00,55.14
2026-03-05 16:00:00,55.2
2026-03-05 20:00:00,54.71
2026-03-06 00:00:00,54.44
2026-03-06 04:00:00,54.4
2026-03-06 08:00:00,54.2
2026-03-06 12:00:00,54.87
2026-03-06 16:00:00,55.03
2026-03-06 20:00:00,55.52
2026-03-07 00:00:00,55.4
2026-03-07 04:00:00,55.41
2026-03-07 08:00:00,55.23
2026-03-07 12:00:00,55.46
2026-03-07 16:00:00,58.52
2026-03-07 20:00:00,58.63
2026-03-08 00:00:00,59.72
2026-03-08 04:00:00,59.1
2026-03-08 08:00:00,59.34
2026-03-08 12:00:00,61.12
2026-03-08 16:00:00,60.66
2026-03-08 20:00:00,60.45
2026-03-09 00:00:00,59.09
2026-03-09 04:00:00,60.67
2026-03-09 08:00:00,60.02
2026-03-09 12:00:00,56.81
2026-03-09 16:00:00,55.83
2026-03-09 20:00:00,55.49
2026-03-10 00:00:00,54.74
2026-03-10 04:00:00,54.2
2026-03-10 08:00:00,53.8
2026-03-10 12:00:00,53.94
2026-03-10 16:00:00,54.87
2026-03-10 20:00:00,55.04
2026-03-11 00:00:00,54.05
2026-03-11 04:00:00,54.14
2026-03-11 08:00:00,54.45
2026-03-11 12:00:00,54.08
2026-03-11 16:00:00,53.92
2026-03-11 20:00:00,53.93
2026-03-12 00:00:00,54.52
2026-03-12 04:00:00,54.25
2026-03-12 08:00:00,53.52
2026-03-12 12:00:00,54.17
2026-03-12 16:00:00,53.85
2026-03-12 20:00:00,54.26
2026-03-13 00:00:00,54.19
2026-03-13 04:00:00,53.95
2026-03-13 08:00:00,52.67
2026-03-13 12:00:00,52.68
2026-03-13 16:00:00,53.27
2026-03-13 20:00:00,52.98
2026-03-14 00:00:00,53.13
2026-03-14 04:00:00,53.71
2026-03-14 08:00:00,53.8
2026-03-14 12:00:00,53.89
2026-03-14 16:00:00,54.06
2026-03-14 20:00:00,53.26
2026-03-15 00:00:00,53.16
2026-03-15 04:00:00,53.19
2026-03-15 08:00:00,52.9
2026-03-15 12:00:00,52.45
2026-03-15 16:00:00,52.7
2026-03-15 20:00:00,52.89
2026-03-16 00:00:00,52.14
2026-03-16 04:00:00,52.5
2026-03-16 08:00:00,52.18
2026-03-16 12:00:00,52.81
2026-03-16 16:00:00,52.5
2026-03-16 20:00:00,52.81
2026-03-17 00:00:00,52.1
2026-03-17 04:00:00,52.57
2026-03-17 08:00:00,52.23
2026-03-17 12:00:00,51.81
2026-03-17 16:00:00,51.47
2026-03-17 20:00:00,51.42
2026-03-18 00:00:00,50.99
2026-03-18 04:00:00,50.7
2026-03-18 08:00:00,51.33
2026-03-18 12:00:00,52.33
2026-03-18 16:00:00,53.42
2026-03-18 20:00:00,53.77
2026-03-19 00:00:00,53.32
2026-03-19 04:00:00,54.61
2026-03-19 08:00:00,55.04
2026-03-19 12:00:00,54.79
2026-03-19 16:00:00,54.38
2026-03-19 20:00:00,54.27
2026-03-20 00:00:00,53.47
2026-03-20 04:00:00,52.88
2026-03-20 08:00:00,53.42
2026-03-20 12:00:00,54.06
2026-03-20 16:00:00,54.66
2026-03-20 20:00:00,54.44
2026-03-21 00:00:00,52.36
2026-03-21 04:00:00,52.39
2026-03-21 08:00:00,52.25
2026-03-21 12:00:00,52.16
2026-03-21 16:00:00,52.62
2026-03-21 20:00:00,55.22
2026-03-22 00:00:00,55.95
2026-03-22 04:00:00,56.07
2026-03-22 08:00:00,56.8
2026-03-22 12:00:00,56.3
2026-03-22 16:00:00,57.44
2026-03-22 20:00:00,56.74
2026-03-23 00:00:00,56.53
2026-03-23 04:00:00,56.63
2026-03-23 08:00:00,55.25
2026-03-23 12:00:00,54.03
2026-03-23 16:00:00,52.72
2026-03-23 20:00:00,53.53
2026-03-24 00:00:00,53.46
2026-03-24 04:00:00,53.55
2026-03-24 08:00:00,53.5
2026-03-24 12:00:00,53.51
2026-03-24 16:00:00,53.36
2026-03-24 20:00:00,52.68
2026-03-25 00:00:00,51.19
2026-03-25 04:00:00,51.16
2026-03-25 08:00:00,51.05
2026-03-25 12:00:00,51.37
2026-03-25 16:00:00,51.26
2026-03-25 20:00:00,51.04
2026-03-26 00:00:00,51.07
2026-03-26 04:00:00,51.53
2026-03-26 08:00:00,52.02
2026-03-26 12:00:00,51.63
2026-03-26 16:00:00,52.85
2026-03-26 20:00:00,52.47
2026-03-27 00:00:00,52.87
2026-03-27 04:00:00,52.9
2026-03-27 08:00:00,53.64
2026-03-27 12:00:00,55.73
2026-03-27 16:00:00,54.34
2026-03-27 20:00:00,53.91
2026-03-28 00:00:00,53.63
2026-03-28 04:00:00,53.07
2026-03-28 08:00:00,53.63
2026-03-28 12:00:00,53.36
2026-03-28 16:00:00,53.28
2026-03-28 20:00:00,53.41
2026-03-29 00:00:00,53.55
2026-03-29 04:00:00,53.75
2026-03-29 08:00:00,53.27
2026-03-29 12:00:00,53.38
2026-03-29 16:00:00,53.48
2026-03-29 20:00:00,54.62
2026-03-30 00:00:00,53.51
2026-03-30 04:00:00,53.67
2026-03-30 08:00:00,53.15
2026-03-30 12:00:00,53.7
2026-03-30 16:00:00,54.7
2026-03-30 20:00:00,54.98
2026-03-31 00:00:00,54.01
2026-03-31 04:00:00,54.64
2026-03-31 08:00:00,55.16
2026-03-31 12:00:00,54.11
2026-03-31 16:00:00,52.7
2026-03-31 20:00:00,52.47
2026-04-01 00:00:00,53.25
2026-04-01 04:00:00,52.42
2026-04-01 08:00:00,51.96
2026-04-01 12:00:00,51.72
2026-04-01 16:00:00,52.1
2026-04-01 20:00:00,51.49
2026-04-02 00:00:00,52.93
2026-04-02 04:00:00,52.26
2026-04-02 08:00:00,51.99
2026-04-02 12:00:00,52.25
2026-04-02 16:00:00,51.49
2026-04-02 20:00:00,50.83
2026-04-03 00:00:00,51.02
2026-04-03 04:00:00,50.63
2026-04-03 08:00:00,48.51
2026-04-03 12:00:00,47.59
2026-04-03 16:00:00,47.27
2026-04-03 20:00:00,47.37
2026-04-04 00:00:00,47.42
2026-04-04 04:00:00,47.37
2026-04-04 08:00:00,47.2
2026-04-04 12:00:00,46.96
2026-04-04 16:00:00,47.15
2026-04-04 20:00:00,47.27
2026-04-05 00:00:00,47.18
2026-04-05 04:00:00,47.68
2026-04-05 08:00:00,47.34
2026-04-05 12:00:00,47.93
2026-04-05 16:00:00,48.04
2026-04-05 20:00:00,48.33
2026-04-06 00:00:00,47.37
2026-04-06 04:00:00,47.21
2026-04-06 08:00:00,46.64
2026-04-06 12:00:00,47.83
2026-04-06 16:00:00,47.29
2026-04-06 20:00:00,48.25
2026-04-07 00:00:00,48.83
2026-04-07 04:00:00,48.48
2026-04-07 08:00:00,49.03
2026-04-07 12:00:00,49.7
2026-04-07 16:00:00,49.46
2026-04-07 20:00:00,47.78
2026-04-08 00:00:00,45.19
2026-04-08 04:00:00,44.57
2026-04-08 08:00:00,44.25
2026-04-08 12:00:00,45.42
2026-04-08 16:00:00,44.75
2026-04-08 20:00:00,44.35
2026-04-09 00:00:00,44.56
2026-04-09 04:00:00,44.41
2026-04-09 08:00:00,44.11
2026-04-09 12:00:00,44.17
2026-04-09 16:00:00,44.76
2026-04-09 20:00:00,44.56
2026-04-10 00:00:00,44.35
2026-04-10 04:00:00,44.15
2026-04-10 08:00:00,42.95
2026-04-10 12:00:00,43.32
2026-04-10 16:00:00,42.88
2026-04-10 20:00:00,43.18
2026-04-11 00:00:00,43.3
2026-04-11 04:00:00,43.77
2026-04-11 08:00:00,43.61
2026-04-11 12:00:00,43.99
2026-04-11 16:00:00,44.17
2026-04-11 20:00:00,44.12
2026-04-12 00:00:00,45.8
2026-04-12 04:00:00,45.4
2026-04-12 08:00:00,45.13
2026-04-12 12:00:00,45.87
2026-04-12 16:00:00,45.58
2026-04-12 20:00:00,45.45
2026-04-13 00:00:00,44.84
2026-04-13 04:00:00,44.39
2026-04-13 08:00:00,45.52
2026-04-13 12:00:00,44.34
2026-04-13 16:00:00,44.38
2026-04-13 20:00:00,44.28
2026-04-14 00:00:00,43.99
2026-04-14 04:00:00,43.91
2026-04-14 08:00:00,43.79
2026-04-14 12:00:00,44.41
2026-04-14 16:00:00,44.8
2026-04-14 20:00:00,44.13
2026-04-15 00:00:00,43.57
2026-04-15 04:00:00,43.56
2026-04-15 08:00:00,43.68
2026-04-15 12:00:00,43.91
2026-04-15 16:00:00,43.72
2026-04-15 20:00:00,44.05
2026-04-16 00:00:00,43.97
2026-04-16 04:00:00,44.06
2026-04-16 08:00:00,43.42
2026-04-16 12:00:00,43.11
2026-04-16 16:00:00,42.78
2026-04-16 20:00:00,42.31
2026-04-17 00:00:00,41.27
2026-04-17 04:00:00,41.58
2026-04-17 08:00:00,41.21
2026-04-17 12:00:00,44.03
2026-04-17 16:00:00,42.65
2026-04-17 20:00:00,42.82
2026-04-18 00:00:00,43.02
2026-04-18 04:00:00,42.68
2026-04-18 08:00:00,42.75
2026-04-18 12:00:00,42.81
2026-04-18 16:00:00,43.64
2026-04-18 20:00:00,44.05
2026-04-19 00:00:00,44.2
2026-04-19 04:00:00,44.21
2026-04-19 08:00:00,43.68
2026-04-19 12:00:00,43.45
2026-04-19 16:00:00,43.61
2026-04-19 20:00:00,43.54
2026-04-20 00:00:00,42.89
2026-04-20 04:00:00,42.81
2026-04-20 08:00:00,42.91
2026-04-20 12:00:00,42.8
2026-04-20 16:00:00,41.72
2026-04-20 20:00:00,42.07
2026-04-21 00:00:00,42.19
2026-04-21 04:00:00,42.34
2026-04-21 08:00:00,42.57
2026-04-21 12:00:00,43.04
2026-04-21 16:00:00,42.23
2026-04-21 20:00:00,42.22
2026-04-22 00:00:00,42.48
2026-04-22 04:00:00,42.0
2026-04-22 08:00:00,42.25
2026-04-22 12:00:00,43.13
2026-04-22 16:00:00,43.06
2026-04-22 20:00:00,43.2
2026-04-23 00:00:00,42.84
2026-04-23 04:00:00,42.33
2026-04-23 08:00:00,42.9
2026-04-23 12:00:00,42.87
2026-04-23 16:00:00,43.43
2026-04-23 20:00:00,42.77
2026-04-24 00:00:00,42.32
2026-04-24 04:00:00,41.86
2026-04-24 08:00:00,40.37
2026-04-24 12:00:00,41.12
2026-04-24 16:00:00,41.01
2026-04-24 20:00:00,40.42
2026-04-25 00:00:00,39.93
2026-04-25 04:00:00,39.93
2026-04-25 08:00:00,39.65
2026-04-25 12:00:00,40.19
2026-04-25 16:00:00,41.02
2026-04-25 20:00:00,40.81
2026-04-26 00:00:00,40.56
2026-04-26 04:00:00,40.23
2026-04-26 08:00:00,40.29
2026-04-26 12:00:00,40.03
2026-04-26 16:00:00,39.98
2026-04-26 20:00:00,40.38
2026-04-27 00:00:00,40.17
2026-04-27 04:00:00,40.35
2026-04-27 08:00:00,40.01
2026-04-27 12:00:00,40.21
2026-04-27 16:00:00,40.52
2026-04-27 20:00:00,40.94
2026-04-28 00:00:00,41.31
2026-04-28 04:00:00,41.01
2026-04-28 08:00:00,41.06
2026-04-28 12:00:00,41.27
2026-04-28 16:00:00,40.87
2026-04-28 20:00:00,40.64
2026-04-29 00:00:00,40.57
2026-04-29 04:00:00,40.36
2026-04-29 08:00:00,39.62
2026-04-29 12:00:00,39.99
2026-04-29 16:00:00,40.14
2026-04-29 20:00:00,39.66
2026-04-30 00:00:00,39.48
2026-04-30 04:00:00,39.63
2026-04-30 08:00:00,39.41
2026-04-30 12:00:00,39.87
2026-04-30 16:00:00,39.53
2026-04-30 20:00:00,39.23
2026-05-01 00:00:00,39.16
2026-05-01 04:00:00,39.08
2026-05-01 08:00:00,38.42
2026-05-01 12:00:00,38.77
2026-05-01 16:00:00,38.41
2026-05-01 20:00:00,38.5
2026-05-02 00:00:00,38.54
2026-05-02 04:00:00,38.72
2026-05-02 08:00:00,38.62
2026-05-02 12:00:00,38.81
2026-05-02 16:00:00,38.72
2026-05-02 20:00:00,39.04
2026-05-03 00:00:00,39.5
2026-05-03 04:00:00,39.52
2026-05-03 08:00:00,39.51
2026-05-03 12:00:00,40.61
2026-05-03 16:00:00,40.86
2026-05-03 20:00:00,38.81
2026-05-04 00:00:00,39.83
2026-05-04 04:00:00,39.37
2026-05-04 08:00:00,40.51
2026-05-04 12:00:00,39.95
2026-05-04 16:00:00,39.97
2026-05-04 20:00:00,40.41
2026-05-05 00:00:00,40.75
2026-05-05 04:00:00,40.97
2026-05-05 08:00:00,40.06
2026-05-05 12:00:00,39.83
2026-05-05 16:00:00,39.31
2026-05-05 20:00:00,39.17
2026-05-06 00:00:00,39.78
2026-05-06 04:00:00,39.54
2026-05-06 08:00:00,39.69
2026-05-06 12:00:00,39.63
2026-05-06 16:00:00,39.41
2026-05-06 20:00:00,39.34
2026-05-07 00:00:00,39.27
2026-05-07 04:00:00,39.1
2026-05-07 08:00:00,38.67
2026-05-07 12:00:00,38.57
2026-05-07 16:00:00,38.28
2026-05-07 20:00:00,38.81
2026-05-08 00:00:00,38.87
2026-05-08 04:00:00,38.9
2026-05-08 08:00:00,38.39
2026-05-08 12:00:00,37.65
2026-05-08 16:00:00,37.68
2026-05-08 20:00:00,37.55
2026-05-09 00:00:00,37.48
2026-05-09 04:00:00,37.75
2026-05-09 08:00:00,37.78
2026-05-09 12:00:00,37.91
2026-05-09 16:00:00,38.51
2026-05-09 20:00:00,38.53
2026-05-10 00:00:00,38.52
2026-05-10 04:00:00,38.59
2026-05-10 08:00:00,38.48
2026-05-10 12:00:00,38.66
2026-05-10 16:00:00,38.71
2026-05-10 20:00:00,38.82
2026-05-11 00:00:00,38.76
2026-05-11 04:00:00,38.81
2026-05-11 08:00:00,38.4
2026-05-11 12:00:00,38.29
2026-05-11 16:00:00,37.93
2026-05-11 20:00:00,37.98
2026-05-12 00:00:00,38.64
2026-05-12 04:00:00,38.65
2026-05-12 08:00:00,38.78
2026-05-12 12:00:00,38.79
2026-05-12 16:00:00,38.88
2026-05-12 20:00:00,38.6
2026-05-13 00:00:00,38.28
2026-05-13 04:00:00,38.44
2026-05-13 08:00:00,38.13
2026-05-13 12:00:00,38.84
2026-05-13 16:00:00,39.82
2026-05-13 20:00:00,39.74
2026-05-14 00:00:00,39.63
2026-05-14 04:00:00,38.76
2026-05-14 08:00:00,38.42
2026-05-14 12:00:00,38.83
2026-05-14 16:00:00,39.71
2026-05-14 20:00:00,39.03
2026-05-15 00:00:00,38.7
2026-05-15 04:00:00,38.92
2026-05-15 08:00:00,37.85
2026-05-15 12:00:00,39.3
2026-05-15 16:00:00,38.61
2026-05-15 20:00:00,38.98
2026-05-16 00:00:00,39.25
2026-05-16 04:00:00,39.43
2026-05-16 08:00:00,41.59
2026-05-16 12:00:00,41.5
2026-05-16 16:00:00,41.25
2026-05-16 20:00:00,40.27
2026-05-17 00:00:00,39.89
2026-05-17 04:00:00,39.57
2026-05-17 08:00:00,38.92
2026-05-17 12:00:00,39.49
2026-05-17 16:00:00,40.18
2026-05-17 20:00:00,40.37
2026-05-18 00:00:00,41.1
2026-05-18 04:00:00,40.85
2026-05-18 08:00:00,40.82
2026-05-18 12:00:00,40.89
2026-05-18 16:00:00,40.72
2026-05-18 20:00:00,39.98
2026-05-19 00:00:00,39.99
2026-05-19 04:00:00,39.66
2026-05-19 08:00:00,39.72
2026-05-19 12:00:00,40.58
2026-05-19 16:00:00,39.86
2026-05-19 20:00:00,39.83
2026-05-20 00:00:00,39.87
2026-05-20 04:00:00,39.27
2026-05-20 08:00:00,39.09
2026-05-20 12:00:00,38.96
2026-05-20 16:00:00,38.61
2026-05-20 20:00:00,38.53
2026-05-21 00:00:00,38.07
2026-05-21 04:00:00,38.49
2026-05-21 08:00:00,38.47
2026-05-21 12:00:00,38.23
2026-05-21 16:00:00,36.49
2026-05-21 20:00:00,36.62
2026-05-22 00:00:00,36.6
2026-05-22 04:00:00,36.59
2026-05-22 08:00:00,36.29
2026-05-22 12:00:00,35.85
2026-05-22 16:00:00,36.69
2026-05-22 20:00:00,37.09
2026-05-23 00:00:00,36.99
2026-05-23 04:00:00,37.73
2026-05-23 08:00:00,37.96
2026-05-23 12:00:00,37.71
2026-05-23 16:00:00,37.43
2026-05-23 20:00:00,36.7
2026-05-24 00:00:00,36.37
2026-05-24 04:00:00,36.46
2026-05-24 08:00:00,35.77
2026-05-24 12:00:00,36.68
2026-05-24 16:00:00,36.21
2026-05-24 20:00:00,36.03
2026-05-25 00:00:00,35.34
2026-05-25 04:00:00,34.58
2026-05-25 08:00:00,34.73
2026-05-25 12:00:00,34.37
2026-05-25 16:00:00,34.68
2026-05-25 20:00:00,34.44
2026-05-26 00:00:00,34.46
2026-05-26 04:00:00,34.37
2026-05-26 08:00:00,34.32
2026-05-26 12:00:00,35.75
2026-05-26 16:00:00,35.89
2026-05-26 20:00:00,35.86
2026-05-27 00:00:00,35.8
2026-05-27 04:00:00,36.03
2026-05-27 08:00:00,36.07
2026-05-27 12:00:00,35.73
2026-05-27 16:00:00,36.29
2026-05-27 20:00:00,37.19
2026-05-28 00:00:00,37.28
2026-05-28 04:00:00,37.41
2026-05-28 08:00:00,37.45
2026-05-28 12:00:00,36.99
2026-05-28 16:00:00,37.32
2026-05-28 20:00:00,37.27
2026-05-29 00:00:00,37.21
2026-05-29 04:00:00,36.68
2026-05-29 08:00:00,35.69
2026-05-29 12:00:00,36.18
2026-05-29 16:00:00,35.7
2026-05-29 20:00:00,35.99
2026-05-30 00:00:00,35.43
2026-05-30 04:00:00,35.19
2026-05-30 08:00:00,35.01
2026-05-30 12:00:00,34.71
2026-05-30 16:00:00,35.22
2026-05-30 20:00:00,35.28
2026-05-31 00:00:00,35.54
2026-05-31 04:00:00,35.74
2026-05-31 08:00:00,35.54
2026-05-31 12:00:00,36.34
2026-05-31 16:00:00,36.32
2026-05-31 20:00:00,36.4
2026-06-01 00:00:00,36.18
2026-06-01 04:00:00,36.99
2026-06-01 08:00:00,36.86
2026-06-01 12:00:00,37.54
2026-06-01 16:00:00,37.17
2026-06-01 20:00:00,37.27
2026-06-02 00:00:00,38.59
2026-06-02 04:00:00,38.82
2026-06-02 08:00:00,39.52
2026-06-02 12:00:00,41.84
2026-06-02 16:00:00,42.02
2026-06-02 20:00:00,43.28
2026-06-03 00:00:00,44.97
2026-06-03 04:00:00,43.02
2026-06-03 08:00:00,43.08
2026-06-03 12:00:00,43.75
2026-06-03 16:00:00,44.18
2026-06-03 20:00:00,47.9
2026-06-04 00:00:00,47.87
2026-06-04 04:00:00,49.97
2026-06-04 08:00:00,50.7
2026-06-04 12:00:00,46.86
2026-06-04 16:00:00,46.54
2026-06-04 20:00:00,46.17
2026-06-05 00:00:00,45.92
2026-06-05 04:00:00,46.88
2026-06-05 08:00:00,47.16
2026-06-05 12:00:00,52.03
2026-06-05 16:00:00,51.7
2026-06-05 20:00:00,49.14
2026-06-06 00:00:00,49.11
2026-06-06 04:00:00,48.62
2026-06-06 08:00:00,48.23
2026-06-06 12:00:00,47.97
2026-06-06 16:00:00,47.95
2026-06-06 20:00:00,48.62
2026-06-07 00:00:00,49.15
2026-06-07 04:00:00,48.57
2026-06-07 08:00:00,48.38
2026-06-07 12:00:00,49.5
2026-06-07 16:00:00,51.24
2026-06-07 20:00:00,49.37
2026-06-08 00:00:00,47.92
2026-06-08 04:00:00,48.02
2026-06-08 08:00:00,46.33
2026-06-08 12:00:00,44.45
2026-06-08 16:00:00,45.25
2026-06-08 20:00:00,45.64
2026-06-09 00:00:00,45.53
2026-06-09 04:00:00,45.0
2026-06-09 08:00:00,45.0
2026-06-09 12:00:00,46.82
2026-06-09 16:00:00,46.04
2026-06-09 20:00:00,46.24
2026-06-10 00:00:00,47.16
2026-06-10 04:00:00,47.37
2026-06-10 08:00:00,48.33
2026-06-10 12:00:00,45.44
2026-06-10 16:00:00,45.92
2026-06-10 20:00:00,46.96
2026-06-11 00:00:00,46.31
2026-06-11 04:00:00,46.1
2026-06-11 08:00:00,44.4
2026-06-11 12:00:00,43.93
2026-06-11 16:00:00,43.37
2026-06-11 20:00:00,43.27
2026-06-12 00:00:00,43.04
2026-06-12 04:00:00,42.91
2026-06-12 08:00:00,41.96
2026-06-12 12:00:00,41.57
2026-06-12 16:00:00,40.5
2026-06-12 20:00:00,40.47
2026-06-13 00:00:00,40.55
2026-06-13 04:00:00,40.24
2026-06-13 08:00:00,40.33
2026-06-13 12:00:00,40.13
2026-06-13 16:00:00,40.36
2026-06-13 20:00:00,40.77
2026-06-14 00:00:00,40.57
2026-06-14 04:00:00,40.6
2026-06-14 08:00:00,40.57
2026-06-14 12:00:00,41.2
2026-06-14 16:00:00,41.16
2026-06-14 20:00:00,40.33
2026-06-15 00:00:00,40.05
2026-06-15 04:00:00,39.46
2026-06-15 08:00:00,38.77
2026-06-15 12:00:00,38.58
2026-06-15 16:00:00,38.73
2026-06-15 20:00:00,38.72
2026-06-16 00:00:00,38.83
2026-06-16 04:00:00,38.28
2026-06-16 08:00:00,37.62
2026-06-16 12:00:00,37.36
2026-06-16 16:00:00,37.52
2026-06-16 20:00:00,37.67
2026-06-17 00:00:00,37.44
2026-06-17 04:00:00,37.53
2026-06-17 08:00:00,38.0
2026-06-17 12:00:00,38.14
2026-06-17 16:00:00,40.15
2026-06-17 20:00:00,39.54
2026-06-18 00:00:00,39.45
2026-06-18 04:00:00,39.56
2026-06-18 08:00:00,39.11
2026-06-18 12:00:00,42.97
2026-06-18 16:00:00,41.98
2026-06-18 20:00:00,42.47
2026-06-19 00:00:00,42.31
2026-06-19 04:00:00,42.51
2026-06-19 08:00:00,42.07
2026-06-19 12:00:00,41.03
2026-06-19 16:00:00,41.44
2026-06-19 20:00:00,40.54
2026-06-20 00:00:00,40.84
2026-06-20 04:00:00,40.63
2026-06-20 08:00:00,40.16
2026-06-20 12:00:00,39.84
2026-06-20 16:00:00,40.21
2026-06-20 20:00:00,39.85
2026-06-21 00:00:00,39.78
2026-06-21 04:00:00,39.1
2026-06-21 08:00:00,39.43
2026-06-21 12:00:00,39.63
2026-06-21 16:00:00,40.43
2026-06-21 20:00:00,41.76
2026-06-22 00:00:00,41.33
2026-06-22 04:00:00,40.34
2026-06-22 08:00:00,39.55
2026-06-22 12:00:00,39.87
2026-06-22 16:00:00,40.01
2026-06-22 20:00:00,40.41
2026-06-23 00:00:00,40.7
2026-06-23 04:00:00,42.73
2026-06-23 08:00:00,44.06
2026-06-23 12:00:00,43.55
2026-06-23 16:00:00,42.37
2026-06-23 20:00:00,41.56
2026-06-24 00:00:00,41.59
2026-06-24 04:00:00,41.61
2026-06-24 08:00:00,41.21
2026-06-24 12:00:00,45.57
2026-06-24 16:00:00,46.19
2026-06-24 20:00:00,45.12
2026-06-25 00:00:00,45.25
2026-06-25 04:00:00,43.59
2026-06-25 08:00:00,43.54
2026-06-25 12:00:00,46.67
2026-06-25 16:00:00,46.74
2026-06-25 20:00:00,46.56
2026-06-26 00:00:00,47.53
2026-06-26 04:00:00,47.5
2026-06-26 08:00:00,47.58
2026-06-26 12:00:00,45.68
2026-06-26 16:00:00,45.91
2026-06-26 20:00:00,45.5
2026-06-27 00:00:00,44.81
2026-06-27 04:00:00,44.26
2026-06-27 08:00:00,43.86
2026-06-27 12:00:00,44.07
2026-06-27 16:00:00,44.6
2026-06-27 20:00:00,45.17
2026-06-28 00:00:00,44.98
2026-06-28 04:00:00,45.62
2026-06-28 08:00:00,46.56
2026-06-28 12:00:00,47.08
2026-06-28 16:00:00,48.12
2026-06-28 20:00:00,47.66
2026-06-29 00:00:00,46.44
2026-06-29 04:00:00,45.66
2026-06-29 08:00:00,46.05
2026-06-29 12:00:00,44.85
2026-06-29 16:00:00,43.45
2026-06-29 20:00:00,43.45
2026-06-30 00:00:00,43.45
2026-06-30 04:00:00,43.45
2026-06-30 08:00:00,43.45
2026-06-30 12:00:00,43.45
2026-06-30 16:00:00,43.45
2026-06-30 20:00:00,43.45
2026-07-01 00:00:00,43.45
2026-07-01 04:00:00,43.45
2026-07-01 08:00:00,43.45
2026-07-01 12:00:00,43.45
2026-07-01 16:00:00,43.45
2026-07-01 20:00:00,43.45
2026-07-02 00:00:00,43.45
2026-07-02 04:00:00,43.45
2026-07-02 08:00:00,43.45
2026-07-02 12:00:00,43.45
2026-07-02 16:00:00,43.45
2026-07-02 20:00:00,43.45
2026-07-03 00:00:00,43.45
2026-07-03 04:00:00,43.45
2026-07-03 08:00:00,43.45
2026-07-03 12:00:00,43.45
2026-07-03 16:00:00,43.45
2026-07-03 20:00:00,43.45
2026-07-04 00:00:00,43.45
2026-07-04 04:00:00,43.45
2026-07-04 08:00:00,43.45
2026-07-04 12:00:00,43.45
2026-07-04 16:00:00,43.45
2026-07-04 20:00:00,43.45
2026-07-05 00:00:00,43.45
2026-07-05 04:00:00,43.45
2026-07-05 08:00:00,43.45
2026-07-05 12:00:00,43.45
2026-07-05 16:00:00,43.45
2026-07-05 20:00:00,43.45
2026-07-06 00:00:00,43.45
2026-07-06 04:00:00,43.45
2026-07-06 08:00:00,43.45
2026-07-06 12:00:00,43.45
2026-07-06 16:00:00,43.45
2026-07-06 20:00:00,43.45
2026-07-07 00:00:00,43.45
2026-07-07 04:00:00,43.45
2026-07-07 08:00:00,43.45
2026-07-07 12:00:00,43.45
2026-07-07 16:00:00,43.45
2026-07-07 20:00:00,43.45
2026-07-08 00:00:00,43.45
2026-07-08 04:00:00,43.45
2026-07-08 08:00:00,43.45
2026-07-08 12:00:00,43.45
2026-07-08 16:00:00,43.45
2026-07-08 20:00:00,43.45
2026-07-09 00:00:00,43.45
2026-07-09 04:00:00,43.45
2026-07-09 08:00:00,43.45
2026-07-09 12:00:00,43.45
2026-07-09 16:00:00,43.45
2026-07-09 20:00:00,43.45
2026-07-10 00:00:00,43.45
2026-07-10 04:00:00,43.45
2026-07-10 08:00:00,43.45
2026-07-10 12:00:00,43.45
2026-07-10 16:00:00,43.45
2026-07-10 20:00:00,43.45
2026-07-11 00:00:00,43.45
2026-07-11 04:00:00,43.45
2026-07-11 08:00:00,43.45
2026-07-11 12:00:00,43.45
2026-07-11 16:00:00,43.45
2026-07-11 20:00:00,43.45
2026-07-12 00:00:00,43.45
2026-07-12 04:00:00,43.45
2026-07-12 08:00:00,43.45
2026-07-12 12:00:00,43.45
2026-07-12 16:00:00,43.45
2026-07-12 20:00:00,43.45
2026-07-13 00:00:00,43.45
2026-07-13 04:00:00,37.52
2026-07-13 08:00:00,37.52
2026-07-13 12:00:00,37.78
2026-07-13 16:00:00,37.78
2026-07-13 20:00:00,37.78
2026-07-14 00:00:00,37.15
2026-07-14 04:00:00,37.15
2026-07-14 08:00:00,37.15
2026-07-14 12:00:00,36.48
2026-07-14 16:00:00,36.48
2026-07-14 20:00:00,36.48
2026-07-15 00:00:00,36.08
2026-07-15 04:00:00,36.08
2026-07-15 08:00:00,36.08
2026-07-15 12:00:00,35.98
2026-07-15 16:00:00,35.98
2026-07-15 20:00:00,35.98
2026-07-16 00:00:00,36.32
2026-07-16 04:00:00,36.32
2026-07-16 08:00:00,36.32
2026-07-16 12:00:00,36.37
2026-07-16 16:00:00,36.37
2026-07-16 20:00:00,36.37
2026-07-17 00:00:00,36.22
2026-07-17 04:00:00,36.22
2026-07-17 08:00:00,36.22
2026-07-17 12:00:00,36.33
2026-07-17 16:00:00,36.33
2026-07-17 20:00:00,36.33
2026-07-18 00:00:00,36.43
2026-07-18 04:00:00,36.43
2026-07-18 08:00:00,36.43
2026-07-18 12:00:00,35.72
2026-07-18 16:00:00,35.72
2026-07-18 20:00:00,35.72
2026-07-19 00:00:00,36.03
2026-07-19 04:00:00,36.03
2026-07-19 08:00:00,36.03
2026-07-19 12:00:00,36.11
2026-07-19 16:00:00,36.11
2026-07-19 20:00:00,36.11
2026-07-20 00:00:00,35.81
2026-07-20 04:00:00,35.81
2026-07-20 08:00:00,35.81
2026-07-20 12:00:00,36.26
2026-07-20 16:00:00,36.26
2026-07-20 20:00:00,36.26
2026-07-21 00:00:00,36.98
2026-07-21 04:00:00,36.98
2026-07-21 08:00:00,36.98
2026-07-21 12:00:00,37.32
2026-07-21 16:00:00,37.32
2026-07-21 20:00:00,37.32
2026-07-22 00:00:00,38.16
2026-07-22 04:00:00,38.16
2026-07-22 08:00:00,38.16
2026-07-22 12:00:00,38.01
2026-07-22 16:00:00,38.01
2026-07-22 20:00:00,38.01
2026-07-23 00:00:00,38.61
2026-07-23 04:00:00,38.61
2026-07-23 08:00:00,38.61
2026-07-23 12:00:00,38.47
2026-07-23 16:00:00,38.47
2026-07-23 20:00:00,38.47
2026-07-24 00:00:00,37.52
2026-07-24 04:00:00,37.52
2026-07-24 08:00:00,37.52
2026-07-24 12:00:00,37.02
2026-07-24 16:00:00,37.02
2026-07-24 20:00:00,37.02
2026-07-25 00:00:00,37.46
2026-07-25 04:00:00,37.46
2026-07-25 08:00:00,37.46
2026-07-25 12:00:00,37.71
2026-07-25 16:00:00,37.71
2026-07-25 20:00:00,37.71
2026-07-26 00:00:00,37.32
2026-07-26 04:00:00,37.32
2026-07-26 08:00:00,37.32
2026-07-26 12:00:00,37.34
2026-07-26 16:00:00,37.34
2026-07-26 20:00:00,37.34
2026-07-27 00:00:00,37.31
2026-07-27 04:00:00,37.31
2026-07-27 08:00:00,37.31
2026-07-27 12:00:00,37.45
2026-07-27 16:00:00,37.45
2026-07-27 20:00:00,37.45
2026-07-28 00:00:00,37.52
2026-07-28 04:00:00,37.52
2026-07-28 08:00:00,37.52
2026-07-28 12:00:00,37.24
2026-07-28 16:00:00,37.24
2026-07-28 20:00:00,37.24
2026-07-29 00:00:00,37.23
2026-07-29 04:00:00,37.23
2026-07-29 08:00:00,37.23
2026-07-29 12:00:00,37.45
2026-07-29 16:00:00,37.45
2026-07-29 20:00:00,37.45
2026-07-30 00:00:00,35.88
2026-07-30 04:00:00,35.88
2026-07-30 08:00:00,35.88
2026-07-30 12:00:00,35.55
2026-07-30 16:00:00,35.55
2026-07-30 20:00:00,35.55
2026-07-31 00:00:00,35.55
2026-07-31 04:00:00,35.55
2026-07-31 08:00:00,35.55
2026-07-31 12:00:00,35.64
2026-07-31 16:00:00,35.64
2026-07-31 20:00:00,35.64
2026-08-01 00:00:00,35.48
2026-08-01 04:00:00,35.48
2026-08-01 08:00:00,35.48
2026-08-01 12:00:00,35.55
2026-08-01 16:00:00,35.55
2026-08-01 20:00:00,35.55
2026-08-02 00:00:00,35.54
2026-08-02 04:00:00,35.54
2026-08-02 08:00:00,35.54
2026-08-02 12:00:00,35.05
2026-08-02 16:00:00,35.05
2026-08-02 20:00:00,35.05
2026-08-03 00:00:00,35.62
2026-08-03 04:00:00,35.62
2026-08-03 08:00:00,35.62
2026-08-03 12:00:00,34.76
2026-08-03 16:00:00,34.76
2026-08-03 20:00:00,34.76
2026-08-04 00:00:00,34.14
2026-08-04 04:00:00,34.14
2026-08-04 08:00:00,34.14
2026-08-04 12:00:00,34.04
2026-08-04 16:00:00,34.04
2026-08-04 20:00:00,34.04
2026-08-05 00:00:00,34.51
2026-08-05 04:00:00,34.51
2026-08-05 08:00:00,34.51
2026-08-05 12:00:00,34.66
2026-08-05 16:00:00,34.66
2026-08-05 20:00:00,34.66
2026-08-06 00:00:00,34.57
2026-08-06 04:00:00,34.57
2026-08-06 08:00:00,34.57
2026-08-06 12:00:00,34.98
2026-08-06 16:00:00,34.98
2026-08-06 20:00:00,34.98
2026-08-07 00:00:00,34.23
2026-08-07 04:00:00,34.23
2026-08-07 08:00:00,34.23
2026-08-07 12:00:00,33.94
2026-08-07 16:00:00,33.94
2026-08-07 20:00:00,33.94
2026-08-08 00:00:00,33.86
2026-08-08 04:00:00,33.9
2026-08-08 08:00:00,33.99
2026-08-08 12:00:00,34.11
2026-08-08 16:00:00,34.15
2026-08-08 20:00:00,34.23
2026-08-09 00:00:00,34.5
2026-08-09 04:00:00,34.6
2026-08-09 08:00:00,34.41
2026-08-09 12:00:00,34.61
2026-08-09 16:00:00,34.46
2026-08-09 20:00:00,34.93
2026-08-10 00:00:00,34.75
2026-08-10 04:00:00,34.36
2026-08-10 08:00:00,34.63
2026-08-10 12:00:00,35.84
2026-08-10 16:00:00,36.2
2026-08-10 20:00:00,36.33
2026-08-11 00:00:00,35.95
2026-08-11 04:00:00,35.91
2026-08-11 08:00:00,35.83
2026-08-11 12:00:00,35.97
2026-08-11 16:00:00,35.9
2026-08-11 20:00:00,36.13
2026-08-12 00:00:00,35.96
2026-08-12 04:00:00,35.79
2026-08-12 08:00:00,36.12
2026-08-12 12:00:00,35.89
2026-08-12 16:00:00,35.82
2026-08-12 20:00:00,35.82
2026-08-13 00:00:00,35.56
2026-08-13 04:00:00,35.56
2026-08-13 08:00:00,35.52
2026-08-13 12:00:00,35.44
2026-08-13 16:00:00,35.09
2026-08-13 20:00:00,34.81
2026-08-14 00:00:00,34.68
2026-08-14 04:00:00,34.44
2026-08-14 08:00:00,34.25
2026-08-14 12:00:00,34.94
2026-08-14 16:00:00,34.89
2026-08-14 20:00:00,34.74
2026-08-15 00:00:00,34.75
2026-08-15 04:00:00,34.82
2026-08-15 08:00:00,34.89
2026-08-15 12:00:00,34.92
2026-08-15 16:00:00,34.93
2026-08-15 20:00:00,35.02
2026-08-16 00:00:00,35.09
2026-08-16 04:00:00,35.35
2026-08-16 08:00:00,35.33
2026-08-16 12:00:00,35.39
2026-08-16 16:00:00,35.38
2026-08-16 20:00:00,35.16
2026-08-17 00:00:00,34.86
2026-08-17 04:00:00,34.36
2026-08-17 08:00:00,33.99
2026-08-17 12:00:00,34.34
2026-08-17 16:00:00,34.91
2026-08-17 20:00:00,34.72
2026-08-18 00:00:00,34.49
2026-08-18 04:00:00,34.43
2026-08-18 08:00:00,34.14
2026-08-18 12:00:00,34.79
2026-08-18 16:00:00,34.82
2026-08-18 20:00:00,34.9
2026-08-19 00:00:00,34.95
2026-08-19 04:00:00,34.65
2026-08-19 08:00:00,34.83
2026-08-19 12:00:00,39.02
2026-08-19 16:00:00,37.77
2026-08-19 20:00:00,37.84
2026-08-20 00:00:00,37.12
2026-08-20 04:00:00,36.08
2026-08-20 08:00:00,39.33
2026-08-20 12:00:00,39.32
2026-08-20 16:00:00,39.05
2026-08-20 20:00:00,39.44
2026-08-21 00:00:00,40.56
2026-08-21 04:00:00,42.39
2026-08-21 08:00:00,43.03
2026-08-21 12:00:00,42.43
2026-08-21 16:00:00,40.65
2026-08-21 20:00:00,43.29
2026-08-22 00:00:00,43.6
2026-08-22 04:00:00,42.23
2026-08-22 08:00:00,41.71
2026-08-22 12:00:00,42.44
2026-08-22 16:00:00,42.4
2026-08-22 20:00:00,42.27
2026-08-23 00:00:00,42.28
2026-08-23 04:00:00,42.47
2026-08-23 08:00:00,41.65
2026-08-23 12:00:00,41.78
2026-08-23 16:00:00,42.19
2026-08-23 20:00:00,43.18
2026-08-24 00:00:00,43.26
2026-08-24 04:00:00,43.61
2026-08-24 08:00:00,44.2
2026-08-24 12:00:00,44.1
2026-08-24 16:00:00,43.57
2026-08-24 20:00:00,43.41
2026-08-25 00:00:00,44.66
2026-08-25 04:00:00,43.98
2026-08-25 08:00:00,43.1
2026-08-25 12:00:00,43.43
2026-08-25 16:00:00,42.9
2026-08-25 20:00:00,43.28
2026-08-26 00:00:00,43.07
2026-08-26 04:00:00,40.82
2026-08-26 08:00:00,41.06
2026-08-26 12:00:00,40.51
2026-08-26 16:00:00,40.14
2026-08-26 20:00:00,40.37
2026-08-27 00:00:00,40.24
2026-08-27 04:00:00,39.56
2026-08-27 08:00:00,41.93
2026-08-27 12:00:00,41.98
2026-08-27 16:00:00,40.96
2026-08-27 20:00:00,41.52
2026-08-28 00:00:00,40.84
2026-08-28 04:00:00,40.25
2026-08-28 08:00:00,39.79
2026-08-28 12:00:00,38.44
2026-08-28 16:00:00,38.31
2026-08-28 20:00:00,38.34
2026-08-29 00:00:00,38.14
2026-08-29 04:00:00,37.48
2026-08-29 08:00:00,37.36
2026-08-29 12:00:00,37.41
2026-08-29 16:00:00,37.39
2026-08-29 20:00:00,37.43
2026-08-30 00:00:00,37.06
2026-08-30 04:00:00,36.85
2026-08-30 08:00:00,36.59
2026-08-30 12:00:00,36.76
2026-08-30 16:00:00,36.89
2026-08-30 20:00:00,36.99
2026-08-31 00:00:00,36.41
2026-08-31 04:00:00,36.83
2026-08-31 08:00:00,36.84
2026-08-31 12:00:00,37.12
2026-08-31 16:00:00,37.13
2026-08-31 20:00:00,37.63
2026-09-01 00:00:00,37.41
2026-09-01 04:00:00,36.96
2026-09-01 08:00:00,37.7
2026-09-01 12:00:00,38.0
2026-09-01 16:00:00,38.2
2026-09-01 20:00:00,37.93
2026-09-02 00:00:00,37.57
2026-09-02 04:00:00,37.25
2026-09-02 08:00:00,37.28
2026-09-02 12:00:00,36.97
2026-09-02 16:00:00,36.75
2026-09-02 20:00:00,37.19
2026-09-03 00:00:00,36.75
2026-09-03 04:00:00,36.83
2026-09-03 08:00:00,37.43
2026-09-03 12:00:00,39.55
2026-09-03 16:00:00,40.83
2026-09-03 20:00:00,39.78
2026-09-04 00:00:00,38.56
2026-09-04 04:00:00,38.11
2026-09-04 08:00:00,38.55
2026-09-04 12:00:00,37.63
2026-09-04 16:00:00,37.66
2026-09-04 20:00:00,37.96
2026-09-05 00:00:00,37.82
2026-09-05 04:00:00,37.68
2026-09-05 08:00:00,37.35
2026-09-05 12:00:00,37.92
2026-09-05 16:00:00,38.41
2026-09-05 20:00:00,38.66
2026-09-06 00:00:00,38.92
2026-09-06 04:00:00,38.82
2026-09-06 08:00:00,38.7
2026-09-06 12:00:00,38.76
2026-09-06 16:00:00,38.95
2026-09-06 20:00:00,39.32
2026-09-07 00:00:00,38.98
2026-09-07 04:00:00,38.57
2026-09-07 08:00:00,38.2
2026-09-07 12:00:00,38.76
2026-09-07 16:00:00,38.72
2026-09-07 20:00:00,38.79
2026-09-08 00:00:00,38.97
2026-09-08 04:00:00,38.64
2026-09-08 08:00:00,39.4
2026-09-08 12:00:00,39.9
2026-09-08 16:00:00,40.29
2026-09-08 20:00:00,39.92
2026-09-09 00:00:00,40.13
2026-09-09 04:00:00,40.33
2026-09-09 08:00:00,40.65
2026-09-09 12:00:00,40.32
2026-09-09 16:00:00,39.87
2026-09-09 20:00:00,40.2
2026-09-10 00:00:00,40.11
2026-09-10 04:00:00,40.12
2026-09-10 08:00:00,39.03
2026-09-10 12:00:00,39.64
2026-09-10 16:00:00,39.52
2026-09-10 20:00:00,40.24
2026-09-11 00:00:00,39.63
2026-09-11 04:00:00,39.35
2026-09-11 08:00:00,38.97
2026-09-11 12:00:00,37.88
2026-09-11 16:00:00,36.57
2026-09-11 20:00:00,36.75
2026-09-12 00:00:00,36.67
2026-09-12 04:00:00,36.82
2026-09-12 08:00:00,36.95
2026-09-12 12:00:00,36.84
2026-09-12 16:00:00,36.92
2026-09-12 20:00:00,36.98
2026-09-13 00:00:00,37.09
2026-09-13 04:00:00,37.25
2026-09-13 08:00:00,38.62
2026-09-13 12:00:00,37.95
2026-09-13 16:00:00,37.86
2026-09-13 20:00:00,38.89
2026-09-14 00:00:00,37.98
2026-09-14 04:00:00,37.9
2026-09-14 08:00:00,37.97
2026-09-14 12:00:00,37.65
2026-09-14 16:00:00,38.39
2026-09-14 20:00:00,38.57
2026-09-15 00:00:00,38.79
2026-09-15 04:00:00,39.12
2026-09-15 08:00:00,39.76
2026-09-15 12:00:00,41.01
2026-09-15 16:00:00,39.09
2026-09-15 20:00:00,39.01
2026-09-16 00:00:00,38.51
2026-09-16 04:00:00,38.48
2026-09-16 08:00:00,38.68
2026-09-16 12:00:00,38.22
2026-09-16 16:00:00,36.74
2026-09-16 20:00:00,36.19
2026-09-17 00:00:00,35.77
2026-09-17 04:00:00,35.2
2026-09-17 08:00:00,33.68
2026-09-17 12:00:00,34.11
2026-09-17 16:00:00,33.27
2026-09-17 20:00:00,33.59
2026-09-18 00:00:00,34.26
2026-09-18 04:00:00,34.0
2026-09-18 08:00:00,34.12
2026-09-18 12:00:00,34.57
2026-09-18 16:00:00,34.73
